A_id,A_statement,Best_B_id,Best_B_statement,cosine_similarity
A4010,BLIND BROOK-RYE MIDDLE SCHOOL 840 KING ST RYE BROOK,B405,Blind Brook High & Middle School 840 King Street Rye Brook,0.94996905
A2116,BEEKMAN SCHOOL 201 LIME RIDGE RD POUGHQUAG,B324,Beekman Elementary School Lime Ridge Road Poughquag,0.9499678
A2078,ALEXANDRIA CENTRAL HIGH SCHOOL 34 BOLTON AVE ALEXANDRIA BAY,B122,Alexandria Central Elem School 34 Bolton Ave Alexandria Bay,0.94991654
A3237,LA FAYETTE JUNIOR-SENIOR HIGH SCHOOL 3122 ROUTE 11N LAFAYETTE,B2396,Lafayette Central Jr-Sr High 3122 Route 11 La Fayette,0.94986236
A4122,MILTON SCHOOL 12 HEWLETT ST RYE,B2807,Milton School 12 Hewlett Avenue Rye,0.9498526
A1004,QUEENS TECHNICAL HIGH SCHOOL 37-02 47TH AVE LONG ISLAND CITY,B4149,Queens Vocational And Technical High School 3702 47th Ave Long Island City,0.9498177
A4781,SCHOOL 29 47 CROYDON RD YONKERS,B1301,Elementary School 29 47 Croydon Rd Yonkers,0.9498103
A3731,ROUSES POINT ELEMENTARY SCHOOL 80 MAPLE ST ROUSES POINT,B4312,Rouses Point Elem School 80 Maple St Rouses Point,0.949806
A3371,LYNDONVILLE ELEMENTARY SCHOOL PO BOX 540 LYNDONVILLE,B2563,Lyndonville Elementary School 25 Housel Ave Lyndonville,0.94977677
A273,HIGH SCHOOL FOR LAW ADVOCACY AND COMMUNITY JUSTICE 122 AMSTERDAM AVE NEW YORK,B1906,"High School For Law, Advocacy And Community Justice 122 Amsterdam Avenue Manhattan",0.94974405
A1687,PS 90 EDNA COHEN SCHOOL 2840 W 12TH ST BROOKLYN,B3833,P.S. 90 Edna Cohen School 2840 W 12th St Brooklyn,0.9497084
A3824,OWEN D YOUNG CENTRAL SCHOOL PO BOX 125 VAN HORNESVILLE,B3185,Owen D Young Central School 2316 Route 80 Van Hornesville,0.94969344
A2669,CENTRE AVENUE ELEMENTARY SCHOOL 55 CENTRE AVE EAST ROCKAWAY,B796,Centre Avenue Elem School 55 Centre Ave East Rockaway,0.94965255
A149,MURRY BERGTRAUM HIGH SCHOOL FOR BUSINESS CAREERS 411 PEARL ST NEW YORK,B2898,Murry Bergtraum High School For Business Careers 411 Pearl Street Manhattan,0.94955474
A2152,CATHERINE M MCNAMARA ELEMENTARY SCHOOL 7344 O'BRIEN RD BALDWINSVILLE,B2736,Mcnamara Elementary School Obrien Rd Baldwinsville,0.9494513
A780,URBAN ASSEMBLY SCHOOL FOR MUSIC AND ART 49 FLATBUSH AVE EXT BROOKLYN,B5053,Urban Assembly High School Of Music And Art 49 Flatbush Avenue Extension Brooklyn,0.9493946
A2364,BYRON-BERGEN JUNIOR/SENIOR HIGH SCHOOL 6917 W BERGEN RD BERGEN,B651,Byron Bergen Jr-Sr High School 6917 W Bergen Rd Bergen,0.94932353
A4787,BARACK OBAMA SCHOOL FOR SOCIAL JUSTICE 201 PALISADE AVE YONKERS,B270,Barack Obama School For Social Justice (Formerly Palisade Preparatory School) 190 N Broadway Yonkers,0.9492848
A3250,JOHN T WAUGH ELEMENTARY SCHOOL 100 HIGH ST ANGOLA,B2299,John T Waugh Elem School. 100 High St Angola,0.94925475
A3156,CAROLINE ELEMENTARY SCHOOL 2439 SLATERVILLE RD SLATERVILLE SPRINGS,B727,Caroline Elementary School 2439 Slaterville Rd Slatervle Spg,0.94923633
A2720,ALDEN TERRACE SCHOOL 1835 CENTRAL AVE VALLEY STREAM,B118,Alden Terrace Elem School 1835 N Central Ave Valley Stream,0.94917417
A3544,MORIAH JUNIOR-SENIOR HIGH SCHOOL 39 VIKING LN PORT HENRY,B2842,Moriah Jr-Sr High School 39 Viking Ln Port Henry,0.9491055
A903,SCHOOL OF INTEGRATED LEARNING (THE) 1224 PARK PL BROOKLYN,B4909,The School Of Integrated Learning 1224 Park Place Brooklyn,0.94910103
A77,BRIGHTER CHOICE CHARTER SCHOOL FOR GIRLS 250 CENTRAL AVE ALBANY,B471,Brighter Choice Charter For Girls 250 Central Ave. Albany,0.9489207
A3436,JEFFERSON ELEMENTARY SCHOOL 75 BAYLEY RD MASSENA,B2252,Jefferson Elementary School Bailey Road Massena,0.948801
A3279,LAWRENCE MIDDLE SCHOOL AT BROADWAY CAMPUS 195 BROADWAY LAWRENCE,B2429,Lawrence Middle School 195 Broadway Lawrence,0.9486885
A4580,WARRENSBURG JUNIOR-SENIOR HIGH SCHOOL 103 SCHROON RIVER RD WARRENSBURG,B5185,Warrensburg Jr-Sr High School 1 James Street Warrensburg,0.94862175
A444,PS 75 SCHOOL OF RESEARCH AND DISCOVERY 984 FAILE ST BRONX,B3825,P.S. 75 School Of Research And Discovery 984 Faile St Bronx,0.948519
A3093,GEORGE JUNIOR REPUBLIC SCHOOL 24 MCDONALD RD FREEVILLE,B4865,The George Jr Republic School 104 Mcdonald Road. Freeville,0.94840795
A394,UNIVERSITY HEIGHTS SECONDARY SCHOOL-BRONX COMMUNITY COLLEGE 701 ST ANNS AVE BRONX,B5040,University Heights Secondary School 701 St. Anns Ave Bronx,0.9483985
A4738,FRANKLIN EARLY CHILDHOOD CENTER 1180 HENRIETTA PL HEWLETT,B1502,Franklin Early Childhood Ctr 1180 Henrietta Pl Hewlett,0.9482959
A2647,EAST IRONDEQUOIT MIDDLE SCHOOL 155 DENSMORE RD ROCHESTER,B2140,Irondequoit High School 260 Cooper Rd Rochester,0.9482769
A3953,JOHN J DALY ELEMENTARY SCHOOL 36 ROCKWOOD AVE PORT WASHINGTON,B2285,John J Daly Elementary School 36 Rockwood Ave Port Washingtn,0.94813204
A2167,BARKER CENTRAL SCHOOL 1628 QUAKER RD BARKER,B277,Barker Jrsr High School 1628 Quaker Rd Barker,0.94805413
A126,SCHOOL FOR GLOBAL LEADERS 145 STANTON ST NEW YORK,B4415,School For Global Leaders 145 Stanton Street Manhattan,0.9479305
A4648,ONONDAGA ROAD ELEMENTARY SCHOOL 703 ONONDAGA RD SYRACUSE,B3127,Onondaga Road Elem School 703 Onondaga Rd S Syracuse,0.9479214
A3224,RJ O INTERMEDIATE SCHOOL 99 OLD DOCK RD KINGS PARK,B4242,Rjo Intermediate School 98 Old Dock Rd Kings Park,0.9478987
A4608,WATKINS GLEN CENTRAL HIGH SCHOOL 301 12TH ST WATKINS GLEN,B5216,Watkins Glen Central High Sch 301 12th Street Watkins Glen,0.94781613
A4772,ELLA FITZGERALD ACADEMY 77 PARK HILL AVE YONKERS,B1320,Ella Fitzgerald Academy (Formerly Scholastic Academy) 77 Park Hill Ave Yonkers,0.94776493
A3437,MADISON ELEMENTARY SCHOOL 25 OWL AVE MASSENA,B2615,Madison Elementary School Owl Street Massena,0.94775933
A53,MILLER HILL SCHOOL 8439 MILLER HILL RD AVERILL PARK,B2800,Miller Hill/Sand Lake Elementary School 8439 Miller Hill Rd Averill Park,0.9476028
A1455,TOWNSEND HARRIS HIGH SCHOOL 149-11 MELBOURNE AVE FLUSHING,B4982,Townsend Harris High School 149-11 Melbourne Ave Queens,0.94757783
A3104,FRANKLIN D ROOSEVELT SENIOR HIGH SCHOOL PO BOX 2032 HYDE PARK,B1500,Franklin D Roosevelt School Po Box 2032 Hyde Park,0.9475348
A562,PS 291 2195 ANDREWS AVE BRONX,B4109,Ps 536 1827 Archer Street Bronx,0.9474282
A2753,BENJAMIN COSOR ELEMENTARY SCHOOL PO BOX 123 FALLSBURG,B348,Benjamin Cosor Elem School Po Box Ah6d 53 Fallsburg,0.94742346
A3295,LEE ROAD SCHOOL 901 LEE RD WANTAGH,B2445,Lee Road Elementary School 901 Lee Road Wantagh,0.9473966
A4613,WAVERLY MIDDLE SCHOOL 1 FREDERICK ST WAVERLY,B5223,Waverly Jr-Sr High School 1 Frederick St Waverly,0.9473635
A1977,ZETA CHARTER SCHOOL - INWOOD 401 W 218TH ST NEW YORK,B5472,Zeta Charter School - Inwood 400 W 219th Street Bronx,0.9472922
A3429,BIRCH LANE ELEMENTARY SCHOOL 41 BIRCH LN MASSAPEQUA PARK,B390,Birch Lane Elementary School Birch Ln Massapequa Pk,0.94727796
A2855,GLOVERSVILLE MIDDLE SCHOOL PO BOX 593 GLOVERSVILLE,B1634,Gloversville Middle School 234 Lincoln Street Gloversville,0.94727
A3864,URIAH HILL SCHOOL 980 PEMART AVE PEEKSKILL,B5071,Uriah Hill Elementary School Pemart Ave Peekskill,0.9472676
A3530,EAST COLDENHAM ELEMENTARY SCHOOL 286  STATE RT 17K NEWBURGH,B1184,East Coldenham Elem School 286 State Route 17k # 290 Newburgh,0.9472015
A495,PS 58 459 E 176TH ST BRONX,B4109,Ps 536 1827 Archer Street Bronx,0.9471618
A1929,COMPASS CHARTER SCHOOL 300 ADELPHI-4TH FL BROOKLYN,B955,Compass Charter School 300 Adelphi St Brooklyn,0.9471211
A1098,PS 161 ARTHUR ASHE SCHOOL 101-33 124TH ST JAMAICA,B3576,P.S. 161 Arthur Ashe School 101-33  124 Street Jamaica,0.94708437
A3225,CHAMBERS SCHOOL 945 MORTON BLVD KINGSTON,B803,Chambers Elementary School 945 Morton Blvd Kingston,0.9470836
A3391,SAINT JOSEPH'S ELEMENTARY SCHOOL 99 ELM ST MALONE,B4661,St Joseph Elementary 111 Elm St Malone,0.94706327
A4239,FLORAL PARK MEMORIAL HIGH SCHOOL 210 LOCUST ST FLORAL PARK,B1439,Floral Park Mem High School 210 Locust St Floral Park,0.94705033
A4813,HAMILTON-FULTON-MONTGOMERY BOCES 2755 STATE HWY 67 JOHNSTOWN,B1764,Hamilton Fulton Montgomery Boces 2755 State Hwy 67 Johnstown,0.94686306
A2883,GREAT NECK SOUTH HIGH SCHOOL 341 LAKEVILLE RD GREAT NECK,B1687,Great Neck North High School 35 Polo Rd Great Neck,0.94684714
A1273,PS 6 CORPORAL ALLAN F KIVLEHAN SCHOOL 555 PAGE AVE STATEN ISLAND,B3816,P.S. 6 Corporal Allan F. Kivlehan School 555 Page Avenue Staten Island,0.9468376
A4127,F E BELLOWS ELEMENTARY SCHOOL 200 CARROLL AVE MAMARONECK,B1391,F. E. Bellows  School 200 Carroll Ave Mamaroneck,0.9468361
A2560,CORNING-PAINTED POST MIDDLE SCHOOL 35 VICTORY HWY PAINTED POST,B991,Corning-Painted Post Middle School 35 Victoria Highway Painted Post,0.94682884
A4072,RIVERSIDE SCHOOL 110 RIVERSIDE DR ROCKVILLE CENTRE,B4239,Riverside Elementary School 110 Riverside Dr Rockville Ctr,0.94678354
A297,BILINGUAL BICULTURAL SCHOOL (THE) 219 E 109TH ST NEW YORK,B4832,The Bilingual Bicultural School 219 East 109 Street Manhattan,0.9467734
A3261,JOHN A SCIOLE ELEMENTARY SCHOOL 86 ALYS DR E DEPEW,B2265,John A Sciole Elem School 86 Alys Dr E Depew,0.9467707
A3193,WARREN STREET SCHOOL 110 WARREN ST JOHNSTOWN,B5183,Warren Street Elementary Sch 110 Warren St Johnstown,0.94675374
A3618,NEW PALTZ SENIOR HIGH SCHOOL 196 MAIN ST NEW PALTZ,B2963,New Paltz Middle School 196 Main Street New Paltz,0.94662535
A3374,LYONS MIDDLE SCHOOL 10 CLYDE RD LYONS,B2567,Lyons Elementary School 98 William St Lyons,0.9466169
A2781,WASHINGTON STREET SCHOOL 760 WASHINGTON ST FRANKLIN SQUARE,B5200,Washington Street Elem School 760 Washington St Franklin Square,0.9465495
A2797,ROBERT H JACKSON ELEMENTARY SCHOOL 135 IVORY ST FREWSBURG,B4253,Robert H Jackson Elementary Ivory St Frewsburg,0.94650817
A2996,JAMES A FARLEY ELEMENTARY SCHOOL 140 RT 210 STONY POINT,B1410,Farley Elementary School 140 Central Dr Stony Point,0.9464979
A4590,ROUND HILL ELEMENTARY SCHOOL 1314 RT 208 WASHINGTONVILLE,B4311,Round Hill Elementary School 205 South St Washingtonvle,0.94646525
A1203,YOUNG WOMENS LEADERSHIP SCHOOL - ASTORIA 23-15 NEWTOWN AVE LONG ISLAND CITY,B5467,"Young Women'S Leadership School, Astoria 23-15 Newtown Avenue Queens",0.9464179
A3670,COLONIAL VILLAGE ELEMENTARY SCHOOL 1456 SAUNDERS STLMNT RD NIAGARA FALLS,B929,Colonial Village Elem School 1456 Saunders Settlement Rd Niagara Falls,0.94632536
A285,GLOBAL LEARNING COLLABORATIVE (THE) 145 W 84TH ST NEW YORK,B4866,The Global Learning Collaborative 145 West 84 Street Manhattan,0.9462085
A2533,OAKDALE-BOHEMIA MIDDLE SCHOOL 60 OAKDALE-BOHEMIA RD OAKDALE,B3089,Oakdale-Bohemia Rd Jr High Sch 60 Oakdale-Bohemia Rd Oakdale,0.9461924
A3988,MARGARET W CUYLER ELEMENTARY SCHOOL PO BOX 190 RED CREEK,B2679,Margaret W Cuyler Elementary School 6624 South St Red Creek,0.9460724
A3122,IROQUOIS INTERMEDIATE SCHOOL PO BOX  32 ELMA,B2141,Iroquois Intermediate School 2111 Girdle Road Elma,0.9460578
A2407,CARTHAGE ELEMENTARY SCHOOL 900 BEAVER LN CARTHAGE,B733,Carthage Elementary School Beaver Ln Carthage,0.94604695
A3169,ABRAHAM LINCOLN ELEMENTARY SCHOOL 301 FRONT ST JAMESTOWN,B2498,Lincoln Elementary School 301 Front St Jamestown,0.9459978
A4263,J D GEORGE ELEMENTARY SCHOOL PO BOX 108 VERONA,B2268,John D George Elementary Sch Po Box 108 Verona,0.9459903
A3891,EMERSON J DILLON MIDDLE SCHOOL 116 VOLNEY ST PHOENIX,B1094,Dillon Middle School 116 Volney St Phoenix,0.9459546
A3991,MILL ROAD-ELEMENTARY SCHOOL 9 MILL RD RED HOOK,B2792,Mill Road Elementary 9 Mill Road Red Hook,0.9459071
A4697,WHITE PLAINS MIDDLE SCHOOL 128 GRANDVIEW AVE WHITE PLAINS,B5323,White Plains Senior High School 550 North Street White Plains,0.945907
A3281,LE ROY JUNIOR-SENIOR HIGH SCHOOL 9300 SOUTH ST RD LE ROY,B2436,Le Roy Central Jr-Sr High Sch 9300 South St Rd Le Roy,0.9458047
A3192,PLEASANT AVENUE SCHOOL 235 PLEASANT AVE JOHNSTOWN,B4046,Pleasant Avenue Elementary Sch 235 Pleasant Ave Johnstown,0.94579864
A2229,BENJAMIN FRANKLIN ELEMENTARY SCHOOL 262 CONKLIN AVE BINGHAMTON,B349,Benjamin Franklin Elem School 262 Conklin Ave Binghamton,0.9456357
A2577,CARRIE E TOMPKINS SCHOOL 8 GERSTEIN ST CROTON ON HUDSON,B730,Carrie E. Tompkins Elementary School 8 Gerstein Street Croton-On-Hudson,0.94555974
A779,URBAN ASSEMBLY SCHOOL FOR LAW AND JUSTICE (THE) 283 ADAMS ST BROOKLYN,B4924,The Urban Assembly School For Law And Justice 283 Adams Street Brooklyn,0.94554186
A1826,CONEY ISLAND PREPARATORY PUBLIC CHARTER SCHOOL 626 SHEEPSHEAD BAY RD-5TH FL BROOKLYN,B961,Coney Island Prepartory Charter Middle School 501 West Avenue Brooklyn,0.9455004
A2961,GLENN H CURTISS MEMORIAL SCHOOL 8272 MAIN ST HAMMONDSPORT,B1625,Glenn H. Curtiss Elementary School 8272 Main Street Hammondsport,0.9454727
A3326,LIVERPOOL MIDDLE SCHOOL 720 SEVENTH ST LIVERPOOL,B2522,Liverpool High School 4338 Wetzel Rd Liverpool,0.9454404
A1589,RICHARD H HUNGERFORD SCHOOL (THE) 715 L OCEAN TERRACE STATEN ISLAND,B4900,The Richard H. Hungerford School 155 Tompkins Avenue Staten Island,0.9453187
A296,LEXINGTON ACADEMY (THE) 131 E 104TH ST NEW YORK,B4880,The Lexington Academy 131 E 104th St Manhattan,0.94521797
A2098,WILBUR H LYNCH LITERACY ACADEMY 55 BRANDT PL AMSTERDAM,B2560,Lynch Literacy Academy 55 Brandt Place Amsterdam,0.9451622
A2980,PARSONS MEMORIAL SCHOOL 200 HALSTEAD AVE HARRISON,B3949,Parsons Memorial Elementary School 200 Halstead Avenue Harrison,0.945131
A4276,SILVER CREEK MIDDLE SCHOOL 1 DICKINSON ST SILVER CREEK,B4505,Silver Creek Elementary School Dickinson Street Silver Creek,0.9450392
A2734,CHARLES F JOHNSON JR ELEMENTARY SCHOOL 715 PADEN ST ENDICOTT,B811,Charles F Johnson Elem School 715 Paden St Endicott,0.9450294
A4768,LAS HERMANAS MIRABAL COMMUNITY SCHOOL 195 MCLEAN AVE YONKERS,B2420,Las Hermanas Mirabal Community School (Formerly Elementary School 13) 195 Mclean Ave Yonkers,0.94501776
A2807,G RAY BODLEY HIGH SCHOOL 6 WILLIAM GILLARD DR FULTON,B434,Bodley High School 6 William Gillard Dr Fulton,0.94499594
A2542,DEAUVILLE GARDENS EAST ELEMENTARY SCHOOL 45 WALDO ST COPIAGUE,B1058,Deauville Gardens West Elem School 100 Deauville Blvd Copiague,0.9449819
A237,RIVER SCHOOL (THE) 425 E 35TH ST NEW YORK,B4902,The River School 425 East 35th Street Manhattan,0.94497156
A3520,OTISVILLE ELEMENTARY SCHOOL 2525 MT HOPE RD OTISVILLE,B3149,Otisville Elementary School School Street Otisville,0.9447593
A4211,MAPLE HILL JUNIOR/SENIOR HIGH SCHOOL 1477 S SCHODACK RD CASTLETON,B2666,Maple Hill High School 1216 Maple Hill Rd Castleton,0.94473654
A4258,SHERBURNE-EARLVILLE MIDDLE SCHOOL 13 SCHOOL ST SHERBURNE,B4489,Sherburne-Earlville Mshs 13 School St Sherburne,0.9447104
A88,JOHN V LINDSAY WILDCAT ACADEMY CHARTER SCHOOL 17 BATTERY PL NEW YORK,B2300,John V. Lindsay Wildcat Charter School 17 Battery Pl # 1fl New York,0.94470644
A4763,ROOSEVELT HIGH SCHOOL - EARLY COLLEGE STUDIES 631 TUCKAHOE RD YONKERS,B4300,Roosevelt High School 631 Tuckahoe Rd Yonkers,0.9446408
A2760,WOODWARD PARKWAY ELEMENTARY SCHOOL 95 WOODWARD PKY FARMINGDALE,B5414,Woodward Parkway Elem School 95 Woodward Pkwy Farmingdale,0.94460595
A4273,SIDNEY MIDDLE SCHOOL 13 PEARL ST E SIDNEY,B4502,Sidney High School 95 W Main St Sidney,0.9445849
A3336,LIVONIA MIDDLE/HIGH SCHOOL 2 BULLDOG BLVD LIVONIA,B2524,Livonia Middle-High School 2 Bull Dog Boulevard Livonia,0.94443643
A3196,JORDAN-ELBRIDGE HIGH SCHOOL 5721 HAMILTON RD JORDAN,B2306,Jordan Elbridge High School 5721 Hamilton Road Jordan,0.9443835
A1902,EAST HARLEM SCHOLARS ACADEMY CHARTER SCHOOL II 1573 MADISON AVE-RM 320 NEW YORK,B1194,East Harlem Scholars Academy Ii 1573 Madison Ave New York,0.9443401
A2621,DUANESBURG HIGH SCHOOL 163 SCHOOL DR DELANSON,B1143,Duanesburg Jr-Sr High School 136 School Rd Delanson,0.94427013
A600,PS 226 1950 SEDGWICK AVE BRONX,B4109,Ps 536 1827 Archer Street Bronx,0.9442668
A102,LOWER EAST SIDE PREPARATORY HIGH SCHOOL 145 STANTON ST-4TH FL NEW YORK,B2547,Lower East Side Preparatory High School 145 Stanton Street Manhattan,0.9441887
A1516,NEW YORK CITY ACADEMY FOR DISCOVERY 95-16 89TH AVE WOODHAVEN,B2972,New York City Academy For Discovery 95-16 89th Avenue Queens,0.94415224
A3575,MOUNT VERNON STEAM ACADEMY 350 GRAMATAN AVE MOUNT VERNON,B2901,Mv Steam Academy 350 Gramatan Avenue Mount Vernon,0.9440239
A3278,LAWRENCE ELEMENTARY SCHOOL AT BROADWAY CAMPUS 195 BROADWAY LAWRENCE,B2428,Lawrence Elementary School - Broadway #5 195 Broadway Lawrence,0.94399357
A4557,WALTON HIGH SCHOOL 47-49 STOCKTON AVE WALTON,B5173,Walton Jr. Sr. High School 47-49 Stockton Ave Walton,0.9437635
A3526,PINE TREE ELEMENTARY SCHOOL 156 PINE TREE RD MONROE,B4026,Pine Tree Elementary School Pine Tree Road Monroe,0.9437089
A361,JHS 143 ELEANOR ROOSEVELT 511 W 182ND ST NEW YORK,B2187,J.H.S. 143 Eleanor Roosevelt 511 W 182nd Street Manhattan,0.94357014
A263,YOUNG WOMEN'S LEADERSHIP SCHOOL 140 W 102ND ST NEW YORK,B5465,Young Women'S Leadership School Of Brooklun 223 Graham Avenue Brooklyn,0.9435378
A4105,ROSLYN HIGH SCHOOL 475 ROUND HILL RD ROSLYN HEIGHTS,B4309,Roslyn High School Roslyn Rd Roslyn Heights,0.9435169
A1515,QUEENS HIGH SCHOOL FOR INFORMATION RESEARCH AND TECHNOLOGY 8-21 BAY 25TH ST FAR ROCKAWAY,B4138,"Queens High School For Information, Research, And Technology 8-21 Bay 25 Street Queens",0.94349325
A3768,SCHOOL 4 3210 OCEANSIDE RD OCEANSIDE,B3099,Oceanside School No 4 3210 Oceanside Rd Oceanside,0.94345015
A1504,RICHMOND HILL HIGH SCHOOL 89-30 114TH ST RICHMOND HILL,B4218,Richmond Hill High School 89-30 114 Street Queens,0.9434321
A2053,GIFFEN MEMORIAL ELEMENTARY SCHOOL 274 S PEARL ST ALBANY,B1608,Giffen Elem Memorial School 274 S Pearl St Albany,0.943429
A4754,WILLIAM BOYCE THOMPSON SCHOOL 1061 N BROADWAY YONKERS,B5341,William Boyce Thompson School (Formerly The Foxfire School) 1061 N Broadway Yonkers,0.9434283
A4063,MONROE LOWER SCHOOL 164 ALEXANDER ST ROCHESTER,B2827,Monroe Middle School 164 Alexander St Rochester,0.94336987
A3147,MICHAEL F STOKES SCHOOL 101 OWL PL LEVITTOWN,B2767,Michael F Stokes Elem School 101 Owl Pl Levittown,0.9433652
A3418,MARION ELEMENTARY SCHOOL PO BOX 998 MARION,B2687,Marion Elementary School 3863 N Main St Marion,0.94336414
A3780,WASHINGTON WEST ELEMENTARY SCHOOL 1626 WASHINGTON ST OLEAN,B5202,Washington West Elem School 1626 Washington St Olean,0.9433584
A1197,FRANK SINATRA SCHOOL OF THE ARTS HIGH SCHOOL 35-12 35TH AVE LONG ISLAND CITY,B1495,Frank Sinatra School Of The Arts High School 35-12 35th Avenue Queens,0.94335175
A3125,MARILLA PRIMARY SCHOOL PO BOX 32 MARILLA,B2685,Marilla Primary School 11683 Bullis Rd Marilla,0.9432684
A4751,ROBERT C DODSON SCHOOL 105 AVONDALE RD YONKERS,B1112,Dodson Intermediate School 105 Avondale Rd Yonkers,0.9432572
A2748,MINERVA DELAND SCHOOL 140 HULBURT RD FAIRPORT,B2812,Minerva Deland Jr High School 140 Hulburt Rd Fairport,0.9432233
A401,PS 25 BILINGUAL SCHOOL 811 E 149TH ST BRONX,B3269,P.S. 025 Bilingual School 811 East 149 Street Bronx,0.94309443
A4589,LITTLE BRITAIN ELEMENTARY SCHOOL 1160 LITTLE BRITAIN RD NEW WINDSOR,B2517,Little Britain Elem School 1160 Little Britain Road New Windsor,0.94309396
A1870,EXPLORE EXCEED CHARTER SCHOOL 443 ST MARKS AVE-RM 114 BROOKLYN,B1386,"Explore Charter School 655 Parkside Ave, 4th Floor Rm 416 Brooklyn",0.94303596
A390,CASTLE BRIDGE SCHOOL 560 W 169TH ST NEW YORK,B741,Castle Bridge School 560 West 169 Street Manhattan,0.9429822
A2014,EAST FLATBUSH ASCEND CHARTER SCHOOL (EFACS) 870 ALBANY AVE BROOKLYN,B1188,East Flatbush Ascend Charter School 870 Albany Avenue Brooklyn,0.9429414
A2976,W A OLMSTED ELEMENTARY SCHOOL PO BOX 147 HARPURSVILLE,B5150,W A Olmsted Elementary School 54 Main Street Harpursville,0.9429347
A239,STEPHEN T MATHER BUILDING ARTS AND CRAFTMANSHIP HIGH SCHOOL 439 W 49TH ST NEW YORK,B4748,Stephen T. Mather Building Arts & Craftsmanship High School 439 West 49th Street Manhattan,0.9429257
A2463,PORT DICKINSON ELEMENTARY SCHOOL 770 CHENANGO ST BINGHAMTON,B4059,Port Dickinson Elem School 770 Chenango St Binghamton,0.942807
A1576,PS 168 3050 WEBSTER AVE BRONX,B4113,Ps X469 3177 Webster Ave Bronx,0.94276065
A2183,ACADEMY STREET ELEMENTARY SCHOOL 150 ACADEMY ST BAYPORT,B64,Academy Street Elem School 150 Academy St Bayport,0.94272655
A1062,QUEENS HIGH SCHOOL OF TEACHING LIBERAL ARTS AND SCIENCES 74-20 COMMONWEALTH BLVD BELLEROSE,B4141,"Queens High School Of Teaching, Liberal Arts And The Sciences 74-20 Commonwealth Blvd Queens",0.9426737
A3297,SUMMIT LANE SCHOOL 4 SUMMIT LN LEVITTOWN,B4773,Summit Lane Elementary School Summit Ln Levittown,0.94264156
A3223,WILLIAM T ROGERS MIDDLE SCHOOL 97 OLD DOCK RD KINGS PARK,B4285,Rogers Middle School 97 Old Dock Rd Kings Park,0.9425519
A2068,CHARLES D'AMICO HIGH SCHOOL 302 EAST AVE ALBION,B808,Charles D'Amico Hs 302 East Ave Albion,0.9425444
A1885,KIPP NYC WASHINGTON HEIGHTS ACADEMY CHARTER SCHOOL 21 JUMEL PL-RM D109 NEW YORK,B2365,"Kipp Nyc Washington Heights Academy Charter School 586 West 177th Street, Fourth Floor New York",0.94250715
A4605,MEMORIAL PARK ELEMENTARY SCHOOL 145 E BACON ST WATERVILLE,B5213,Waterville-Memorial Parke Elem School 45 E Bacon St Waterville,0.9423919
A2918,SCOTT M ELLIS ELEMENTARY SCHOOL PO BOX 125 GREENVILLE,B4444,Scott M Ellis Elementary Sch Rr 32 Greenville,0.94237494
A286,URBAN ASSEMBLY SCHOOL FOR GREEN CAREERS (THE) 145 W 84TH ST NEW YORK,B4923,The Urban Assembly School For Green Careers 145 West 84th Street Manhattan,0.9422119
A2626,SCHOOL 3 742 LAMPHERE ST DUNKIRK,B1273,Elementary School 03 Lamphere Street Dunkirk,0.9421931
A560,PS 209 313 E 183RD ST BRONX,B4109,Ps 536 1827 Archer Street Bronx,0.9421478
A1971,FORTE PREPARATORY ACADEMY CHARTER SCHOOL 51-35 REEDER ST-2ND FL ELMHURST,B1478,Forte Prep Academy Charter School 51-35 Reeder St Elmhurst,0.9421469
A3065,HONEOYE FALLS-LIMA SENIOR HIGH SCHOOL 83 EAST ST HONEOYE FALLS,B1983,Honeoye Falls Lima Sr High Sch 83 East St Honeoye Falls,0.9421062
A3766,SCHOOL 5 2440 N OCEANSIDE RD OCEANSIDE,B3099,Oceanside School No 4 3210 Oceanside Rd Oceanside,0.9420817
A1124,PS 36 SAINT ALBANS SCHOOL 187-01 FOCH BLVD SAINT ALBANS,B3301,P.S. 036 Saint Albans School 18701 Foch Blvd Saint Albans,0.94207567
A4339,SOUTHERN CAYUGA  7-12 SECONDARY SCHOOL 2384 RT 34B AURORA,B4581,Southern Cayuga Junior/High School 2384 Route 34b Aurora,0.94207335
A447,PS 107 1695 SEWARD AVE BRONX,B4109,Ps 536 1827 Archer Street Bronx,0.94202423
A1972,BRILLA VERITAS CHARTER SCHOOL 600 E 156TH ST BRONX,B475,Brilla Caritas Charter School 2336 Andrews Avenue N Bronx,0.9419972
A1362,PS 345 PATROLMAN ROBERT BOLDEN 111 BERRIMAN ST BROOKLYN,B3784,P.S. 345 Patrolman Robert Bolden 111 Berriman Street Brooklyn,0.94196117
A3259,VAN CORTLANDTVILLE SCHOOL 31002 MAIN ST-RT 6 MOHEGAN LAKE,B5106,Van Cortlandville Elementary School 3100 East Main Street Mohegan Lake,0.9419224
A377,PAULA HEDBAVNY SCHOOL 3761 10TH AVE NEW YORK,B3961,Paula Hedbavny School 421 W 219th St Manhattan,0.9418741
A4500,SMITH STREET ELEMENTARY SCHOOL 780 SMITH ST UNIONDALE,B4520,Smith Street Elem School 780 Smith St Uniondale,0.9418119
A3293,GEN DOUGLAS MACARTHUR SENIOR HIGH SCHOOL 3369 OLD JERUSALEM RD LEVITTOWN,B1119,Douglas Macarthur High School Old Jerusalem Rd Levittown,0.9417925
A2579,PIERRE VAN CORTLANDT SCHOOL 3 GLEN PLACE CROTON-ON-HUDSON,B4014,Pierre Van Cortlandt Middle School 3 Glen Place Croton-On-Hudson,0.9417448
A647,PS 68 4011 MONTICELLO AVE BRONX,B4109,Ps 536 1827 Archer Street Bronx,0.94172466
A2915,GREENE MIDDLE SCHOOL 40 S CANAL ST GREENE,B1697,Green Middle School/High School 40 S Canal St Greene,0.94161737
A228,HUDSON HIGH SCHOOL OF LEARNING TECHNOLOGIES 351 W 18TH ST NEW YORK,B2014,Hudson High School Of Learning Technologies 351 West ?18 Street Manhattan,0.9416126
A460,PS 304 EARLY CHILDHOOD SCHOOL 2750 LAFAYETTE AVE BRONX,B3761,P.S. 304 Early Childhood School 2750 Lafayette Bronx,0.94160783
A3209,KENDALL JUNIOR-SENIOR HIGH SCHOOL 16887 ROOSEVELT HWY KENDALL,B2323,Kendall Jr-Sr High School Roosevelt Highway Kendall,0.94156927
A2670,EAST ROCKAWAY JUNIOR-SENIOR HIGH SCHOOL 443 OCEAN AVE EAST ROCKAWAY,B1216,East Rockaway Jr-Sr High Sch 443 Ocean Ave East Rockaway,0.9415437
A2190,J V FORRESTAL ELEMENTARY SCHOOL 125 LIBERTY ST BEACON,B2166,J V Forrestal Elementary Sch 125 Liberty Street Beacon,0.9414911
A3041,JAMES I O'NEILL HIGH SCHOOL PO BOX 287 HIGHLAND FALLS,B2230,James I. O'Neill High School 21 Morgan Road Highland Falls,0.9414619
A839,SCHOOL OF CREATIVITY AND INNOVATION (THE) 4513 8TH AVE BROOKLYN,B4908,The School Of Creativity And Innovation 736 48th Street Brooklyn,0.9414325
A2437,CENTRAL SQUARE MIDDLE SCHOOL 44 SCHOOL DR CENTRAL SQUARE,B793,Central Square Middle School 248 Us Route 11 Central Square,0.94140166
A2931,ALTAMONT ELEMENTARY SCHOOL PO BOX 648 ALTAMONT,B137,Altamont Elementary School 117 Grand Street Altamont,0.94139665
A343,TEACHERS COLLEGE COMMUNITY SCHOOL 168 MORNINGSIDE AVE NEW YORK,B4812,Teachers College Community School 168 Morningside Avenue Manhattan,0.9413336
A81,AMBER CHARTER SCHOOL EAST HARLEM 220 E 106TH ST NEW YORK,B141,Amber Charter Schools 220 East 106th. Street New York,0.94133013
A1604,JM RAPPORT SCHOOL FOR CAREER DEVELOPMENT 470 JACKSON AVE BRONX,B2167,J. M. Rapport School Career Development 470 Jackson Avenue Bronx,0.941252
A1574,SOUTH RICHMOND HIGH SCHOOL IS/PS 25 6581 HYLAN BLVD STATEN ISLAND,B4567,South Richmond High School I.S./P.S. 25 6581 Hylan Boulevard Staten Island,0.9412341
A1106,QUEENS SATELLITE HIGH SCHOOL FOR OPPORTUNITY 162-02 HILLSIDE AVE JAMAICA,B4145,Queens Satellite High School For Opportunity 162-02 Hillside Avenue Queens,0.9411793
A895,SCHOOL FOR HUMAN RIGHTS (THE) 600 KINGSTON AVE BROOKLYN,B4416,"School For Human Rights, The 600 Kingston Avenue Brooklyn",0.94110066
A1813,NEW ROOTS CHARTER SCHOOL PO BOX 936 ITHACA,B2965,New Roots Charter School 116 N Cayuga St Ithaca,0.941003
A3456,CLIFFORD WISE INTERMEDIATE SCHOOL 1016 GWINN ST MEDINA,B898,Clifford Wise Intermediate/Middle School 1016 Gwinn St Medina,0.9409192
A604,PS 91 2200 AQUEDUCT AVE BRONX,B4109,Ps 536 1827 Archer Street Bronx,0.9408816
A4587,WARWICK VALLEY MIDDLE SCHOOL PO BOX 595 WARWICK,B5189,Warwick Valley Middle School 225 West St Warwick,0.9408325
A4141,TAMARAC ELEMENTARY SCHOOL 50 SPENCE AVE HOLBROOK,B4804,Tamarac Elementary School 50 Spence Ave Holtsville,0.9408035
A2592,DELAWARE ACADEMY HIGH SCHOOL 2 SHELDON DR DELHI,B1061,Delaware Academy Ms Hs 2 Sheldon Dr Delhi,0.9407555
A2409,CARTHAGE SENIOR HIGH SCHOOL 36500 NYS RT 26 CARTHAGE,B734,Carthage Senior High School 36500 Martin Street Road Carthage,0.94073987
A122,NEIGHBORHOOD SCHOOL 121 E 3RD ST NEW YORK,B2933,Neighborhood School 121 East 3 Street Manhattan,0.94068456
A67,SULLIVAN WEST ELEMENTARY SCHOOL PO BOX 308 JEFFERSONVILLE,B4770,Sullivan West Elementary School583 33 Schoolhouse Road Jeffersonville,0.940676
A2507,CLYDE-SAVANNAH JUNIOR HIGH SCHOOL 215 GLASGOW ST CLYDE,B909,Clyde-Savannah Jr-Sr High School 215 Glasgow St Clyde,0.9406001
A2863,GOSHEN CENTRAL HIGH SCHOOL 222 SCOTCHTOWN AVE GOSHEN,B1889,High School 120 Scotchtown Ave Goshen,0.94056356
A3576,NELSON MANDELA/DR HOSA ZOLLICOFFER SCHOOL 250 GRAMATAN AVE MOUNT VERNON,B2936,Nelson Mandela - Hosa Zollicoffer School 250 Granatan Avenue Mount Vernon,0.94056255
A690,PS/MS 498 VAN NEST ACADEMY 1640 BRONXDALE AVE BRONX,B4117,Ps/Ms 11x498 - Van Nest Academy 1640 Bronxdale Ave Bronx,0.94055396
A2413,CATO-MERIDIAN JUNIOR-SENIOR HIGH SCHOOL 2851 STATE RTE 370 CATO,B748,Cato-Meridian Sr High School 2851 Route 370 Cato,0.940545
A3072,HOOSICK FALLS MIDDLE SCHOOL 21187 NY RT 22 HOOSICK FALLS,B1988,Hoosick Falls Elem School 21187 New York 22 Hoosick Falls,0.9405327
A4079,FRANK J CARASITI ELEMENTARY SCHOOL 90 ROCKY PT-YAPHANK RD ROCKY POINT,B1491,Frank J Carasiti Elem School 90 Rocky Point Yaphank Rd Rocky Point,0.94049495
A3270,LANSING MIDDLE SCHOOL 6 LUDLOWVILLE RD LANSING,B2418,Lansing High School 300 Ridge Rd Lansing,0.94043165
A3886,PERU MIDDLE SCHOOL 17 SCHOOL ST PERU,B4006,Peru Jr/Sr High School 17 School Street Peru,0.9404117
A4640,SOUTH BAY SCHOOL 160 GREAT E NECK RD WEST BABYLON,B4538,South Bay Elementary School 666 Albin Ave West Babylon,0.9403582
A3286,NORTH ROSE-WOLCOTT MIDDLE SCHOOL 5957 NEW HARTFORD ST WOLCOTT,B3029,North Rose-Wolcott Middle Sch 5957 New Hartford St Wolcott,0.9403226
A2999,THIELLS ELEMENTARY SCHOOL PO BOX 491 THIELLS,B4940,Thiells Elementary School 78 Rosman Rd Thiells,0.94026995
A3496,WILLIAM A CARTER SCHOOL 345 SCHUTT RD EXT MIDDLETOWN,B5337,William A. Carter Elementary School 345 Schutt Road Extension Middletown,0.94025874
A4665,ALLENDALE ELEMENTARY SCHOOL 1399 ORCHARD PARK RD WEST SENECA,B136,Allendale Elementary School 1399 Orchard Park Rd Buffalo,0.9401778
A4048,SCHOOL 58-WORLD OF INQUIRY SCHOOL 200 UNIVERSITY AVE ROCHESTER,B4409,School #58-World Of Inquiry Elem School 200 University Ave Rochester,0.94017315
A3609,GARDEN CITY PARK SCHOOL 51 CENTRAL AVE GARDEN CITY PARK,B1555,Garden City Park Elem School 51 Central Ave Garden City Park,0.9399889
A3898,PINE BUSH ELEMENTARY SCHOOL PO BOX 899 PINE BUSH,B4020,Pine Bush High School Po Box 670 Pine Bush,0.9399853
A229,MURRAY HILL ACADEMY 111 E 33RD ST NEW YORK,B2897,Murray Hill Academy 111 East ?33rd Street Manhattan,0.93996185
A1213,GOTHAM TECH HIGH SCHOOL 28-04 41ST AVE LONG ISLAND CITY,B1656,Gotham Tech High School 28-01 41 Avenue Queens,0.93989545
A1960,ROCHESTER PREP CHARTER SCHOOL 3 85 ST JACOB ST ROCHESTER,B4264,Rochester Academy Charter School 841 Genesee Street Rochester,0.9398092
A3284,NORTH ROSE-WOLCOTT ELEMENTARY SCHOOL 10456 SALTER RD NORTH ROSE,B3027,North Rose Elementary School 10456 Salter Rd North Rose,0.9397199
A3203,KEENE CENTRAL SCHOOL 33 MARKET ST-PO BOX 67 KEENE VALLEY,B2319,Keene Central Elem-High School 33 Market Street Keene Valley,0.9397108
A753,GEORGE WESTINGHOUSE CAREER AND TECHNICAL ED HIGH SCHOOL 105 TECH PL BROOKLYN,B1602,George Westinghouse Career And Technical Education High School 105 Johnson Street Brooklyn,0.93970346
A191,AMERICAN SIGN LANGUAGE & ENGLISH SECONDARY SCHOOL 223 E 23RD ST NEW YORK,B4821,The 47 American Sign Language & English Lower School 3 E 23rd St New York,0.9396565
A1745,PS 217 COLONEL DAVID MARCUS SCHOOL 1100 NEWKIRK AVE BROOKLYN,B3691,P.S. 217 Colonel David Marcus School 1100 Newkirk Ave Brooklyn,0.93955725
A2738,GEORGE F JOHNSON ELEMENTARY SCHOOL 999 TAFT AVE ENDICOTT,B1594,George W Johnson Elem School 201 Hill Ave Endicott,0.93943846
A616,WEST BRONX ACADEMY FOR THE FUTURE 500 E FORDHAM RD BRONX,B5255,West Bronx Academy For The Future 500 East Fordham Road Bronx,0.93941426
A2736,THOMAS J WATSON SR ELEMENTARY SCHOOL 263 RIDGEFIELD RD ENDICOTT,B4952,Thomas Watson Elementary Sch 263 Ridgefield Rd Endicott,0.93939
A376,PROFESSOR JUAN BOSCH PUBLIC SCHOOL 12-18 ELLWOOD ST NEW YORK,B4094,Professor Juan Bosch Public School 12 Ellwood St # 18 New York,0.9393613
A2770,FORT ANN MIDDLE/HIGH SCHOOL 1 CATHERINE ST FORT ANN,B1469,Fort Ann Elementary School 1 Catherine St Fort Ann,0.939361
A2466,CHENANGO VALLEY MIDDLE SCHOOL 221 CHENANGO BRIDGE RD BINGHAMTON,B843,Chenango Forks Middle School 1 Gordon Dr Binghamton,0.9393536
A4168,CAROLINE STREET ELEMENTARY SCHOOL 310 CAROLINE ST SARATOGA SPRINGS,B729,Caroline Street Elem School 310 Caroline St Saratoga Spgs,0.9393526
A2677,WOODLAND ELEMENTARY SCHOOL 100 SPARTAN WAY EAST SYRACUSE,B5404,Woodland Elementary School 100 Spartan Wy East Syracuse,0.93932176
A138,LEADERSHIP & PUBLIC SERVICE HIGH SCHOOL 90 TRINITY PL NEW YORK,B2438,Leadership And Public Service High School 90 Trinity Place Manhattan,0.9392216
A2908,LEE F JACKSON SCHOOL SARATOGA RD WHITE PLAINS,B2444,Lee F. Jackson Elementary School 2 Saratoga Road White Plains,0.9391968
A4133,CHIPPEWA ELEMENTARY SCHOOL 1 DAVID MELLO DR HOLTSVILLE,B861,Chippewa Elementary School 1 David Mello Drine Holtsville,0.93905705
A4449,STEAM AT DR KING ELEMENTARY SCHOOL 416 E RAYNOR AVE SYRACUSE,B4743,Steam @ Dr King Elementary School 416 E Raynor Ave Syracuse,0.9389517
A2420,CAZENOVIA MIDDLE SCHOOL 31 EMORY AVE CAZENOVIA,B764,Cazenovia Jr-Sr High School 31 Emory Ave Cazenovia,0.93893063
A4492,UNATEGO MIDDLE SCHOOL 2641 STATE HWY 7 OTEGO,B5015,Unatego Jr-Sr High School 2641 Sthwy 7 Otego,0.9389102
A410,PS 277 519 ST ANNS AVE BRONX,B4109,Ps 536 1827 Archer Street Bronx,0.93886614
A1615,PS 771 1075 OCEANVIEW AVE BROOKLYN,B4111,Ps 936 270 59th Street Brooklyn,0.93881476
A1159,QUEENS UNITED MIDDLE SCHOOL 229-02 137TH AVE SPRINGFIELD GARDENS,B4148,Queens United Middle School 229-02 137 Ave Queens,0.93869025
A3630,NEW YORK MILLS SCHOOL 1 MARAUDER BLVD NEW YORK MILLS,B2976,New York Mills Elementary School One Marauder Blvd New York Mills,0.9386853
A3113,INDIAN LAKE CENTRAL SCHOOL 6345 NYS RT 30 INDIAN LAKE,B2111,Indian Lake Central School 28 W Main St Indian Lake,0.9386178
A75,ROOSEVELT CHILDREN'S ACADEMY CHARTER SCHOOL 201 DEBEVOISE AVE ROOSEVELT,B4298,Roosevelt Childrens Academy - Main Campus 201 Debevoise Ave Roosevelt,0.9380958
A3146,J FRED SPARKE SCHOOL 100 ROBIN PL LEVITTOWN,B2164,J Fred Sparke Elem School 100 Robin Pl Levittown,0.9380175
A508,PS/IS 218 RAFAEL HERNANDEZ DUAL LANGUAGE MAGNET SCHOOL 1220 GERARD AVE BRONX,B3895,P.S./I.S. 218 Rafael Hernandez Dual Language Magnet School 1220 Gerard Avenue Bronx,0.93797773
A2080,ALFRED-ALMOND JUNIOR-SENIOR HIGH SCHOOL 6795 RT 21 ALMOND,B125,Alfred-Almond Elementary Sch 6795 State Route 21 Almond,0.93793905
A2474,RANDOLPH ACADEMYHAMBURG CAMPUS 4655 LOGANS LN HAMBURG,B4170,Randolph Academy Hamburg Campus 3780 Howard Rd Hamburg,0.93791205
A3123,IROQUOIS MIDDLE SCHOOL PO BOX 32 ELMA,B2143,Iroquois Middle School 2111 Girdle Road Elma,0.9378018
A4673,WEST ELEMENTARY SCHOOL 1397 ORCHARD PARK RD WEST SENECA,B5276,West Middle School 395 Center Rd West Seneca,0.9377823
A3519,MINISINK VALLEY MIDDLE SCHOOL PO BOX 217 SLATE HILL,B2816,Minisink Valley Middle School 2320 Route 6 Slate Hill,0.93774056
A3226,HARRY L EDSON SCHOOL 116 MERILINA AVE KINGSTON,B1247,Edson Elementary School 116 Merilina Ave Kingston,0.93772054
A2567,FE SMITH INTERMEDIATE SCHOOL 33 WHEELER AVE CORTLAND,B1389,F E Smith Elementary School 33 Wheeler Ave Cortland,0.9377191
A584,RIVERDALE/KINGSBRIDGE ACADEMY (MS/HS 141) 660 W 237TH ST BRONX,B4231,Riverdale / Kingsbridge Academy (Middle School / High School 141) 660 West 237 St Bronx,0.9376943
A1137,PS 136 ROY WILKINS 201-15 115TH AVE SAINT ALBANS,B3524,P.S. 136 Roy Wilkins 20115 115th Ave Saint Albans,0.9376661
A2157,MAE E REYNOLDS SCHOOL 222 DEERWOOD DR BALDWINSVILLE,B4208,Reynolds Elementary School 222 Deerwood Dr Baldwinsville,0.93757266
A119,EAST VILLAGE COMMUNITY SCHOOL (THE) 185 1ST AVE NEW YORK,B4856,The East Village Community School 610 East 12 Street Manhattan,0.9374732
A4569,JAMES S EVANS ELEMENTARY SCHOOL 747 SERGEANT PALMATEER WAY WAPPINGERS FALLS,B2232,James S Evans Elementary Sch 747 Old Route 9 Wappingers Falls,0.93745047
A3432,LOCKHART ELEMENTARY SCHOOL 199 PITTSBURG AVE MASSAPEQUA,B2526,Lockhart Elementary School Pittsburgh Ave Massapequa,0.93739974
A861,BROOKLYN ACADEMY OF GLOBAL FINANCE (THE) 125 STUYVESANT AVE BROOKLYN,B4839,The Brooklyn Academy Of Global Finance 125 Stuyvesant Avenue Brooklyn,0.9373805
A3958,PORTVILLE ELEMENTARY SCHOOL PO BOX 790 PORTVILLE,B4067,Portville Elementary School 500 Elm St Portville,0.93734294
A3187,JOHNSON CITY MIDDLE SCHOOL 601 COLUMBIA DR JOHNSON CITY,B2303,Johnson City High School 666 Reynolds Rd Johnson City,0.9373393
A2189,GLENHAM SCHOOL 20 CHASE DR FISHKILL,B1623,Glenham Elementary School 20 Chase Drive Fishkill,0.93722755
A4212,SCHOHARIE ELEMENTARY SCHOOL PO BOX 430 SCHOHARIE,B4399,Schoharie Elementary School 136 Academy Drive Schoharie,0.9372153
A1854,ROCHESTER PREP CHARTER SCHOOL 2 432 CHILI AVE ROCHESTER,B4264,Rochester Academy Charter School 841 Genesee Street Rochester,0.93694854
A4259,SHERBURNE-EARLVILLE SENIOR HIGH SCHOOL 13 SCHOOL ST SHERBURNE,B4489,Sherburne-Earlville Mshs 13 School St Sherburne,0.9369385
A718,PS 211 1919 PROSPECT AVE BRONX,B4109,Ps 536 1827 Archer Street Bronx,0.9368408
A4677,MOUNT MARKHAM SENIOR HIGH SCHOOL 500 FAIRGROUND RD WEST WINFIELD,B2875,Mount Markham Middle School Fairground Road West Winfield,0.9367948
A4085,LYNDON H STROUGH MIDDLE SCHOOL 801 LAUREL ST ROME,B2562,Lyndon H Strough Jr High Sch 801 Laurel St Rome,0.9367872
A2220,BETHPAGE SENIOR HIGH SCHOOL 10 CHERRY AVE BETHPAGE,B377,Bethpage Sr High School Cherry Ave Bethpage,0.93674344
A802,PS 295 330 18TH ST BROOKLYN,B4111,Ps 936 270 59th Street Brooklyn,0.9366642
A1067,QUEENS GATEWAY TO HEALTH SCIENCES SECONDARY SCHOOL 160-20 GOETHALS AVE JAMAICA,B4137,Queens Gateway To Health Sciences Secondary School 160-20 Goethals Avenue Queens,0.9366045
A3064,HONEOYE FALLS-LIMA MIDDLE SCHOOL 619 QUAKER MTNGHSE RD HONEOYE FALLS,B1982,Honeoye Falls Lima Mid School 619 Quaker Meeting House Rd Honeoye Falls,0.93655
A100,BUFFALO UNITED CHARTER SCHOOL 325 MANHATTAN AVE BUFFALO,B4551,South Buffalo Charter School 154 South Ogden Street Buffalo,0.93654555
A3659,HENRY J KALFAS MAGNET SCHOOL 1880 BEECH AVE NIAGARA FALLS,B1861,Henry J Kalfas Elem School 1800 Beech Ave Niagara Falls,0.9364671
A1822,UNCOMMON EXCELLENCE GIRLS CHARTER SCHOOL NYC 794 MONROE ST-3RD FL BROOKLYN,B1380,"Excellence Girls Charter School 794 Monroe Street, 3rd Floor Brooklyn",0.9363689
A2841,GERMANTOWN JUNIOR-SENIOR HIGH SCHOOL 123 MAIN ST GERMANTOWN,B1604,Germantown School 123 Main St Germantown,0.93609303
A4453,TACONIC HILLSJUNIOR/SENIOR HIGH SCHOOL 73 COUNTY RTE 11A CRARYVILLE,B4796,Taconic Hills Junior Senior High 73 County Route 11a Craryville,0.9360744
A855,PS 309 GEORGE E WIBECAN PREPARATORY ACADEMY (THE) 794 MONROE ST BROOKLYN,B3767,P.S. 309 The George E. Wibecan Preparatory Academy 794 Monroe St Brooklyn,0.93600005
A853,PS 262 EL HAJJ MALIK EL SHABAZZ ELEMENTARY SCHOOL 500 MACON ST BROOKLYN,B3733,P.S. 262 El Hajj Malik El Shabazz Elementary School 500 Macon St Brooklyn,0.93599445
A4277,SKANEATELES MIDDLE SCHOOL 35 EAST ST SKANEATELES,B4512,Skaneateles High School 49 E Elizabeth St Skaneateles,0.93589014
A3924,PASADENA ELEMENTARY SCHOOL 3 RICHARD CT PLAINVIEW,B3950,Pasadena Elementary School 3 Richard Court Plainview,0.9358225
A4791,ROBERT HALMI SENIOR ACADEMY OF FILM AND TELEVISION 463 HAWTHORNE AVE YONKERS,B4904,The Robert Halmi Sr. Academy Of Film And Television 501 Hawthorne Avenue Yonkers,0.9357692
A4295,SMITHTOWN HIGH SCHOOL EAST 10 SCHOOL ST SAINT JAMES,B4524,Smithtown High School East Campus 10 School St Saint James,0.9356042
A215,JAMES BALDWIN SCHOOL-A SCHOOL FOR EXPEDITIONARY LRNING 351 W 18TH ST NEW YORK,B2225,"James Baldwin School, The: A School For Expeditionary Learning 351 West 18th Street Manhattan",0.9355736
A1048,MS 158 MARIE CURIE 46-35 OCEANIA ST BAYSIDE,B2576,M.S. 158 Marie Curie 46-35  Oceania St Queens,0.93557066
A1473,JOHN ADAMS HIGH SCHOOL 101-01 ROCKAWAY BLVD OZONE PARK,B2266,John Adams High School 101-01 Rockaway Boulevard Queens,0.93554837
A4119,EMMA E SHERMAN ELEMENTARY SCHOOL 50 AUTHORS AVE HENRIETTA,B1344,Emma E Sherman School 50 Authors Ave Henrietta,0.9355381
A2122,TITUSVILLE INTERMEDIATE 128 MEADOW LN POUGHKEEPSIE,B4965,Titusville Middle School 128 Meadow Lane Poughkeepsie,0.93541044
A2523,ROLLING HILLS SCHOOL 25 MCCULLOCH DR DIX HILLS,B4287,Rolling Hills Elementary Sch 25 Mccullough Dr Dix Hills,0.93535507
A121,CHILDREN'S WORKSHOP SCHOOL (THE) 610 E 12TH ST NEW YORK,B4847,The Children'S Workshop School 610 East 12th Street Manhattan,0.9352632
A1961,NEW YORK CITY CHARTER SCHOOL OF THE ARTS 26 BROADWAY-12TH FL NEW YORK,B2973,New York City Charter School Of The Arts 241 Water Street New York,0.9352293
A821,SOUTH BROOKLYN COMMUNITY HIGH SCHOOL 173 CONOVER ST BROOKLYN,B4550,South Brooklyn Community High School 173 Conover Hs Brooklyn,0.93513685
A1283,HARBOR VIEW SCHOOL (THE) 300 RICHMOND TERR STATEN ISLAND,B4869,The Harbor View School 300 Richmond Terrace Staten Island,0.93509847
A3957,SOUTH SALEM ELEMENTARY SCHOOL 10 NEWBURY RD PORT WASHINGTON,B4065,Port Washington South Salem Elementary 10 Newbury Road Port Washington,0.93495345
A2705,ELLICOTTVILLE ELEMENTARY SCHOOL PO BOX 51 ELLICOTTVILLE,B1324,Ellicottville Elementary School 5873 Route 219 S Ellicottville,0.9348572
A532,URBAN ASSEMBLY SCHOOL FOR APPLIED MATH AND SCIENCE (THE) 1595 BATHGATE AVE BRONX,B5057,"Urban Assembly School For Applied Math And Science, The 1595 Bathgate Avenue Bronx",0.93484175
A3445,JOHN S HOBART ELEMENTARY SCHOOL 230 VAN BUREN ST SHIRLEY,B2284,John Hobart Elementary School Van Buren St Shirley,0.9347925
A2815,RICHARD MANN ELEMENTARY SCHOOL PO BOX 609 WALWORTH,B4214,Richard Mann Elementary School 1366 Waterford Rd Walworth,0.93467915
A2809,GRANBY ELEMENTARY SCHOOL 400 W 7TH ST N FULTON,B1669,Granby Elementary School Rr 1 Box 20a Fulton,0.9344834
A2343,EAST COMMUNITY SCHOOL 820 NORTHAMPTON ST BUFFALO,B1206,East Middle School 1445 Center Rd Buffalo,0.93436855
A3613,NEW LEBANON JUNIOR-SENIOR HIGH SCHOOL 14665 RTE 22 NEW LEBANON,B2960,New Lebanon Jr-Sr High School 14665 Route 22 New Lebanon,0.9343578
A2983,HARRISVILLE ELEMENTARY SCHOOL 14371 PIRATE LN HARRISVILLE,B1808,Harrisville Central School 14371 Pirate Lane Harrisville,0.93422884
A2106,ANDOVER MIDDLE SCHOOL 31-35 ELM ST ANDOVER,B151,Andover Central School 31 Elm St Andover,0.9341739
A1916,BRILLA COLLEGE PREPARATORY CHARTER SCHOOL 413 E 144TH ST BRONX,B476,Brilla College Prep Cs 413 E 144th St Bronx,0.9341508
A4359,HEMPSTEAD ELEMENTARY SCHOOL 80 BRICK CHURCH RD SPRING VALLEY,B1854,Hempstead Elementary School Union And Brick Church Rd Spring Valley,0.9341507
A4387,MINNESAUKE ELEMENTARY SCHOOL PO BOX 9050 EAST SETAUKET,B2817,Minnesauke Elementary School 75 Bennetts Rd East Setauket,0.93414676
A38,DURHAMVILLE SCHOOL 5462 MAIN ST DURHAMVILLE,B1150,Durhamville Elementary School Main Street Durhamville,0.9339453
A2138,AVON MIDDLE SCHOOL 191 CLINTON ST AVON,B215,Avon Jr-Sr High School 245 Clinton Street Ext Avon,0.9339404
A4735,WILSON ELEMENTARY SCHOOL PO BOX 648 WILSON,B5379,Wilson Elementary School 430 Young St Wilson,0.9338864
A63,CAMPBELL-SAVONA JUNIOR/SENIOR HIGH SCHOOL 8455 COUNTY RT 125 CAMPBELL,B676,Campbell-Savona High School 8455 County Road 125 Campbell,0.9337834
A652,PS 89 980 MACE AVE BRONX,B4109,Ps 536 1827 Archer Street Bronx,0.9337065
A888,PS 375 JACKIE ROBINSON SCHOOL 46 MCKEEVER PL BROOKLYN,B3796,P.S. 375 Jackie Robinson School 46 Mckeever Place Brooklyn,0.9336921
A597,IN-TECH ACADEMY (MS/HS 368) 2975 TIBBETTS AVE BRONX,B2106,In-Tech Academy (M.S. / High School 368) 2975 Tibbett Avenue Bronx,0.9336833
A369,COLLEGE ACADEMY (THE) 549 AUDUBON AVE NEW YORK,B4852,The College Academy 549 Audubon Avenue Manhattan,0.93349886
A3908,PITTSFORD SUTHERLAND HIGH SCHOOL 55 SUTHERLAND ST PITTSFORD,B4035,Pittsford Sutherland High Sch 55 Sutherland St Pittsford,0.93326724
A3142,FRANCIS X HEGARTY ELEMENTARY SCHOOL 100 RADCLIFFE RD ISLAND PARK,B1489,Francis X Hegarty Elem School Radcliffe Rd Island Park,0.93325245
A1237,PS 21 MARGARET EMERY-ELM PARK 168 HOOKER PL STATEN ISLAND,B3678,P.S. 21 Margaret Emery-Elm Park 168 Hooker Pl Staten Island,0.93308485
A2232,HORACE MANN SCHOOL 30 COLLEGE ST BINGHAMTON,B1991,Horace Mann Elementary School 30 College Street Binghamton,0.9330176
A2568,FRANKLYN S BARRY PRIMARY SCHOOL 20 RAYMOND AVE CORTLAND,B1507,Franklyn S Barry Elementary School 20 Raymond Ave Cortland,0.9329537
A1092,PS 206 HORACE HARDING SCHOOL (THE) 61-02 98TH ST REGO PARK,B3670,P.S. 206 The Horace Harding School 6102 98th St Rego Park,0.9328766
A4418,SYOSSET SENIOR HIGH SCHOOL 70 S WOODS RD SYOSSET,B4788,Syosset High School 70 Southwoods Rd Syosset,0.9328541
A4404,F P DONNELLY SCHOOL PO BOX 250 CONKLIN,B1485,Fp Donnelly Elementary School Po Box 250 Conklin,0.93279546
A3119,INDIAN RIVER MIDDLE SCHOOL PO BOX 429 PHILADELPHIA,B2114,Indian River Intermediate School 32430 Us Route 11 Philadelphia,0.9327313
A4012,AQUEBOGUE ELEMENTARY SCHOOL 499 MAIN RD AQUEBOGUE,B164,Aquebogue Elementary School 499 Main Rd Riverhead,0.9326439
A3233,M CLIFFORD MILLER MIDDLE SCHOOL 65 FORDING PL RD LAKE KATRINE,B2801,Miller Jr High School 65 Fording Place Rd Lake Katrine,0.93258065
A4170,DOROTHY NOLAN ELEMENTARY SCHOOL 221 JONES RD SARATOGA SPRINGS,B1116,Dorothy Nolan Elementary Sch 221 Jones Rd Saratoga Spgs,0.9324747
A2118,OVERLOOK PRIMARY SCHOOL 11 MAPLEVIEW RD EXT POUGHKEEPSIE,B3180,Overlook Elementary School 164 Overlook Rd Poughkeepsie,0.93244153
A2472,CHESTER ACADEMY-MIDDLE/HIGH SCHOOL 64 HAMBLETONIAN AVE CHESTER,B852,Chester Jr-Sr High School 64 Hambletonian Avenue Chester,0.93241507
A3895,E J RUSSELL ELEMENTARY SCHOOL PO BOX 730 PINE BUSH,B1155,E J Russell Elementary School Holland Ave Pine Bush,0.9324148
A2548,PEMBROKE PRIMARY SCHOOL PO BOX 190 EAST PEMBROKE,B3989,Pembroke Primary School Rt5 & West Ave East Pembroke,0.9324122
A1623,GIRLS PREPARATORY CHARTER SCHOOL OF NEW YORK 1160 BEACH AVE BRONX,B1615,"Girls Preparatory Charter School Of The Bronx-Elementary 681 Kelly Street, Room 205 Bronx",0.93237525
A654,PS 97 1375 MACE AVE BRONX,B4109,Ps 536 1827 Archer Street Bronx,0.9323675
A2039,MANNSVILLE MANOR ELEMENTARY SCHOOL PO BOX 10 MANNSVILLE,B2656,Mannsville Manor Elem School 423 N Main St Mannsville,0.93234193
A1207,EAST ELMHURST COMMUNITY SCHOOL 26-25 97TH ST EAST ELMHURST,B1186,East Elmhurst Community School 26-25 97th St Queens,0.932336
A358,PS 115 ALEXANDER HUMBOLDT 586 W 177TH ST NEW YORK,B3476,P.S. 115 Alexander Humboldt 586 West 177 Street Manhattan,0.932299
A2404,MATTHEW PATERSON ELEMENTARY SCHOOL 100 SOUTH ST PATTERSON,B2723,Matthew Paterson Elem School 100 South Street Patterson,0.9322772
A1270,PS 56 LOUIS DESARIO SCHOOL (THE) 250 KRAMER AVE STATEN ISLAND,B3812,P.S. 56 The Louis Desario School 250 Kramer Avenue Staten Island,0.9322114
A287,FRANK MCCOURT HIGH SCHOOL 145 W 84TH ST NEW YORK,B1493,Frank Mccourt High School 145 West ?84 Street Manhattan,0.93217367
A3694,SAW MILL ROAD SCHOOL 2801 SAW MILL RD NORTH BELLMORE,B4384,Saw Mill Road Elementary Sch 2801 Sawmill Rd North Bellmore,0.9320353
A4223,SCOTIA-GLENVILLE MIDDLE SCHOOL 10 PRESTIGE PKWY SCOTIA,B4443,Scotia Glenville Jr High Sch 10 Prestige Pkwy Scotia,0.93197715
A2211,BERNE-KNOX-WESTERLO ELEMENTARY SCHOOL 1738 HELDERBERG TRAIL BERNE,B363,Berne Elementary School 1738 Helderbert Trail Berne,0.9319627
A1113,JAMAICA CHILDREN'S SCHOOL 109-20 UNION HALL ST JAMAICA,B2221,Jamaica Children'S School 109-20 Union Hall Street Queens,0.93192196
A66,SULLIVAN WEST HIGH SCHOOL AT LAKE HUNTINGTON P O BOX 309 LAKE HUNTINGTON,B4771,Sullivan West High School 6604 State Route 52 Lake Huntington,0.93175757
A3820,OWEGO FREE ACADEMY 1 SHELDON GUILE BLVD OWEGO,B3183,Owego Free Academy High School 1 Sheldon Guile Blvd Owego,0.93162847
A3960,A A KINGSTON MIDDLE SCHOOL 29 LEROY ST POTSDAM,B9,A A Kingston Middle School Outer Lawrence Avenue Potsdam,0.931461
A3959,PORTVILLE JUNIOR-SENIOR HIGH SCHOOL PO BOX 790 PORTVILLE,B4068,Portville Jr-Sr High School 500 Elm St Portville,0.9314234
A1068,FOREST HILLS HIGH SCHOOL 67-01 110TH ST FOREST HILLS,B1461,Forest Hills High School 67-01 110 Street Queens,0.9314071
A917,PS 115 DANIEL MUCATEL SCHOOL 1500 E 92ND ST BROOKLYN,B3477,P.S. 115 Daniel Mucatel School 1500 East 92 Street Brooklyn,0.9313583
A3917,PLAINEDGE MIDDLE SCHOOL 200 STEWART AVE BETHPAGE,B4039,Plainedge Middle School 200 Jerusalem Ave. Bethpage,0.93134695
A4300,SOLVAY ELEMENTARY SCHOOL 701 WOODS RD SOLVAY,B4530,Solvay High School 600 Gertrude Ave Solvay,0.9313191
A1562,PS 723 3540 BIVONA ST BRONX,B4109,Ps 536 1827 Archer Street Bronx,0.93117684
A4047,JOSEPH C WILSON MAGNET HIGH SCHOOL 501 GENESEE ST ROCHESTER,B5381,Wilson Magnet School 501 Genesee St Rochester,0.93112075
A3127,ELMA PRIMARY SCHOOL PO BOX 32 ELMA,B1332,Elma Primary School 711 Rice Rd Elma,0.9310908
A2329,WEST HERTEL ELEMENTARY SCHOOL 489 HERTEL AVE BUFFALO,B4404,"School #094, West Hertel Academy 489 Hertel Avenue Buffalo",0.93100774
A12,BROADALBIN-PERTH JUNIOR-SENIOR HIGH SCHOOL 100 BRIDGE ST BROADALBIN,B481,Broadalbin Perth Jrsr High School 100 Bridge St Broadalbin,0.93090045
A36,BOLIVAR-RICHBURG ELEMENTARY SCHOOL 211 MAIN ST RICHBURG,B437,Bolivar Richburg Elem School Main Street Richburg,0.9308578
A1255,PS 46 ALBERT V MANISCALCO 41 REID AVE STATEN ISLAND,B3325,P.S. 046 Albert V. Maniscalco 41 Reid Ave Staten Island,0.93083286
A3453,MCGRAW SECONDARY SCHOOL 10 W ACADEMY ST MCGRAW,B2732,Mcgraw High School 10 W Academy St Mc Graw,0.93078625
A2610,DOVER ELEMENTARY SCHOOL 9 SCHOOL ST DOVER PLAINS,B1120,Dover Elementary School School Street Dover Plains,0.9307724
A3502,MILFORD CENTRAL SCHOOL PO BOX 237 MILFORD,B2787,Milford Central School 42 W Main St Milford,0.9307641
A4663,WEST ISLIP SENIOR HIGH SCHOOL 1 LION'S PATH WEST ISLIP,B5272,West Islip High School 1 Lions Path West Islip,0.93072885
A3475,HAWKINS PATH SCHOOL 485 HAWKINS RD SELDEN,B1827,Hawkins Path Elementary School 485 Hawkins Rd Selden,0.93070704
A3102,WOODHULL INTERMEDIATE SCHOOL PO BOX 1500 HUNTINGTON,B5402,Woodhull Intermediate School 140 Woodhull Rd Huntington,0.9306481
A564,PS 15 INSTITUTE FOR ENVIRONMENTAL LEARNING 2195 ANDREWS AVE BRONX,B3874,P.S. X015 Institute For Environmental Learning 2195 Andrews Ave Bronx,0.9305696
A4497,GRAND AVENUE ELEMENTARY SCHOOL 711 SCHOOL DR NORTH BALDWIN,B1670,Grand Avenue Elem School 711 School Dr N Baldwin,0.9305562
A3230,JOHN F KENNEDY SCHOOL 107 GROSS ST KINGSTON,B2328,Kennedy Elementary School 107 Gross St Kingston,0.9304521
A299,PS 102 JACQUES CARTIER 315 E 113TH ST NEW YORK,B3445,P.S. 102 Jacques Cartier 315 E 113th St Manhattan,0.93041724
A1191,WILLIAM CULLEN BRYANT HIGH SCHOOL 48-10 31ST AVE LONG ISLAND CITY,B5343,William Cullen Bryant High School 48-10 31st Avenue Queens,0.9304137
A586,PS 315 LAB SCHOOL 2865 CLAFLIN AVE BRONX,B3771,P.S. 315 Lab School 2246 Jerome Ave Bronx,0.9303854
A280,ANDERSON SCHOOL (THE) 100 W 77TH ST NEW YORK,B4828,The Anderson School 100 W. 77th. Street Manhattan,0.93034124
A1697,PS 177 MARLBORO (THE) 346 AVE P BROOKLYN,B3607,P.S. 177 The Marlboro 346 Avenue P Brooklyn,0.9303297
A2676,PINE GROVE MIDDLE SCHOOL 101 SPARTAN WAY EAST SYRACUSE,B4022,"Pine Grove Middle School 101 Spartan Wy, East Syracuse",0.93032134
A711,PS 57 CRESCENT 2111 CROTONA AVE BRONX,B4109,Ps 536 1827 Archer Street Bronx,0.9302906
A3840,BARTON ELEMENTARY SCHOOL 199 BARTON AVE PATCHOGUE,B281,Barton Avenue Elem School 199 Barton Ave Patchogue,0.9300558
A1593,PS 753 SCHOOL FOR CAREER DEVELOPMENT 510 CLERMONT AVE BROOKLYN,B3849,P.S. K753 - School For Career Development 510 Clermont Avenue Brooklyn,0.93002295
A1751,PS 255 BARBARA REING SCHOOL 1866 E 17TH ST BROOKLYN,B3730,P.S. 255 Barbara Reing School 1866 E 17th St Brooklyn,0.9299587
A3476,HOLBROOK ROAD SCHOOL 170 HOLBROOK AVE CENTEREACH,B1950,Holbrook Road Elem School 170 Holbrook Rd Centereach,0.92988956
A774,MS 113 RONALD EDMONDS LEARNING CENTER 300 ADELPHI ST BROOKLYN,B2572,M.S. 113 Ronald Edmonds Learning Center 300 Adelphi Street Brooklyn,0.9298806
A74,GENESEE COMMUNITY CHARTER SCHOOL 657 EAST AVE ROCHESTER,B4264,Rochester Academy Charter School 841 Genesee Street Rochester,0.92987335
A4484,TULLY ELEMENTARY SCHOOL 20 STATE ST TULLY,B4999,Tully Junior-Senior High School 20 State St Tully,0.9298452
A4429,HURLBUT W SMITH K-8 SCHOOL 1130 SALT SPRINGS RD SYRACUSE,B1748,H W Smith Pre-K-8 School 1130 Salt Springs Rd Syracuse,0.92963684
A2832,GENERAL BROWN JUNIOR-SENIOR HIGH SCHOOL 17643 CEMETERY RD DEXTER,B1576,General Brown Jr-Sr High Sch 17643 Cemetery Rd Dexter,0.9296173
A1732,JHS 278 MARINE PARK 1925 STUART ST BROOKLYN,B2209,J.H.S. 278 Marine Park 1925 Stuart St Brooklyn,0.92957574
A1302,BROOKLYN EXCELSIOR CHARTER SCHOOL 856 QUINCY ST BROOKLYN,B784,Central Brooklyn Ascend Charter School 465 E 29th St Brooklyn,0.92952394
A734,SCHOOL OF SCIENCE AND APPLIED LEARNING (THE) 2050 PROSPECT AVE BRONX,B4910,The School Of Science And Applied Learning 2050 Prospect Avenue Bronx,0.9294496
A373,A PHILIP RANDOLPH CAMPUS HIGH SCHOOL 433 W 135TH ST NEW YORK,B18,A. Philip Randolph Campus High School 433 W 135th Street Manhattan,0.92944086
A4271,SIDNEY ELEMENTARY SCHOOL 15 PEARL ST E SIDNEY,B4502,Sidney High School 95 W Main St Sidney,0.92937905
A1808,BROWNSVILLE COLLEGIATE  CHARTER SCHOOL 140 MONTROSE AVE BROOKLYN,B614,Brownsville Ascend Charter School 1501 Pitkin Ave Brooklyn,0.92934704
A411,PS 179 468 E 140TH ST BRONX,B4109,Ps 536 1827 Archer Street Bronx,0.9292618
A4340,SOUTHERN CAYUGA ELEMENTARY SCHOOL 2384 RT 34B AURORA,B4581,Southern Cayuga Junior/High School 2384 Route 34b Aurora,0.92919517
A3636,NATHAN T HALL SCHOOL PO BOX 547 NEWARK VALLEY,B2919,Nathan T Hall Elem School 86 Whig St Newark Valley,0.92914605
A2262,EAST ELEMENTARY SCHOOL 50 TIMBERLINE DR BRENTWOOD,B1204,East Middle School 70 Hilltop Dr Brentwood,0.92913234
A3124,IROQUOIS SENIOR HIGH SCHOOL PO BOX 32 ELMA,B2145,Iroquois Senior High School 2111 Girdle Road Elma,0.92899853
A311,RIVER EAST ELEMENTARY 2351 1ST AVE NEW YORK,B4229,River East Elementary 508 East 120 St Manhattan,0.9289588
A4209,ONEIDA MIDDLE SCHOOL 1629 ONEIDA ST SCHENECTADY,B3122,Oneida Middle School 1529 Oneida Street Schenectady,0.92889506
A916,PS 114 RYDER ELEMENTARY 1077 REMSEN AVE BROOKLYN,B3475,P.S. 114 Ryder Elementary 1077 Remsen Avenue Brooklyn,0.9287857
A2572,EDENWALD SCHOOL PO BOX 8 PLEASANTVILLE,B1238,Edenwald School 1075 Broadway Pleasantville,0.9287175
A2641,JOHN M MARSHALL ELEMENTARY SCHOOL 3 GINGERBREAD LN EAST HAMPTON,B2292,John M Marshall Elem School 3 Gingerbread Ln East Hampton,0.92864704
A123,EARTH SCHOOL 600 E 6TH ST NEW YORK,B1177,Earth School 600 East 6 Street Manhattan,0.92862475
A4531,VALLEY STREAM CENTRAL HIGH SCHOOL 135 FLETCHER AVE VALLEY STREAM,B5098,Valley Stream Central High Sch 135 Fletcher Ave Valley Stream,0.9286245
A1139,PS/MS 147 RONALD MCNAIR 218-01 116TH AVE CAMBRIA HEIGHTS,B4118,Ps/Ms 147 Ronald Mcnair 218-01 116 Avenue Queens,0.92843634
A42,OTTO L SHORTELL MIDDLE SCHOOL BOX 716 WAMPSVILLE,B3153,"Otto Shortell Middle School Markell Drive, P.O. Box 716 Wampsville",0.9283493
A1677,PS 748 BROOKLYN SCHOOL FOR GLOBAL SCHOLARS 1664 BENSON AVE BROOKLYN,B3824,P.S. 748 Brooklyn School For Global Scholars 1664 Benson Avenue Brooklyn,0.928349
A3808,ROOSEVELT SCHOOL 190 CROTON AVE OSSINING,B4299,Roosevelt Education Center 190 Croton Avenue Ossining,0.9282946
A69,CATTARAUGUS-LITTLE VALLEY HIGH SCHOOL 25 N FRANKLIN ST CATTARAUGUS,B757,Cattaraugus-Little Valley Hs 25 N Franklin St Cattaraugus,0.9282473
A1753,PS 203 FLOYD BENNETT SCHOOL 5101 AVE M BROOKLYN,B3661,P.S. 203 Floyd Bennett School 5101 Avenue M Brooklyn,0.9282372
A300,PS 108 ASSEMBLYMAN ANGELO DEL TORO EDUCATIONAL COMPLEX 1615 MADISON AVE NEW YORK,B3458,P.S. 108 Assemblyman Angelo Del Toro Educational Complex 1615 Madison Ave Manhattan,0.92813945
A1568,PS 721 BROOKLYN OCCUPATIONAL TRAINING CENTER 64 AVE X BROOKLYN,B3848,P.S. K721 - Brooklyn Occupational Training Center 64 Avenue X Brooklyn,0.9281267
A1279,STATEN ISLAND SCHOOL OF CIVIC LEADERSHIP 280 REGIS DR STATEN ISLAND,B4741,Staten Island School Of Civic Leadership 280 Regis Drive Staten Island,0.9280021
A2587,JOHN QUINCY ADAMS PRIMARY SCHOOL 172 OLD COUNTRY RD DEER PARK,B2297,John Quincy Adams Elem School 172 Old Country Rd Deer Park,0.92795736
A2617,DRYDEN ELEMENTARY SCHOOL PO BOX 88 DRYDEN,B1138,Dryden Elementary School 36 Union Street Dryden,0.92792565
A3240,TRUMAN ELEMENTARY SCHOOL 15 INNER DR LACKAWANNA,B4995,Truman Elementary School 15 Inner Dr Buffalo,0.9278768
A2519,BURR INTERMEDIATE SCHOOL PO BOX 150 COMMACK,B632,Burr Intermediate School 202 Burr Rd Commack,0.9278053
A3494,MIDDLEBURGH ELEMENTARY SCHOOL PO BOX 606 MIDDLEBURGH,B2773,Middleburgh Elementary School 245 Main St Middleburgh,0.92776185
A3537,GEORGE L COOKE SCHOOL 69 RICHARDSON AVE MONTICELLO,B975,Cooke Elementary School 69 Richardson Ave Monticello,0.9277273
A1524,ROCKAWAY COLLEGIATE HIGH SCHOOL 100-00 BEACH CHANNEL DR ROCKAWAY PARK,B4270,Rockaway Collegiate High School 100-00 Beach Channel Dr Queens,0.9276636
A814,PS 24 427 38TH ST BROOKLYN,B4111,Ps 936 270 59th Street Brooklyn,0.9276576
A660,PS 112 BRONXWOOD 1925 SCHEIFFELIN AVE BRONX,B4109,Ps 536 1827 Archer Street Bronx,0.92758584
A3689,MARION G VEDDER ELEMENTARY SCHOOL 794 DEER PARK AVE NORTH BABYLON,B5114,Vedder Elementary School 794 Deer Park Ave North Babylon,0.92758024
A2795,COLUMBUS AVENUE SCHOOL 150 N COLUMBUS AVE FREEPORT,B936,Columbus Ave School Columbus Avenue Freeport,0.9275577
A3877,PENFIELD SENIOR HIGH SCHOOL 25 HIGH SCHOOL DR PENFIELD,B3990,Penfield High School 25 Highschool Dr Penfield,0.92747736
A4719,WILLIAMSON ELEMENTARY SCHOOL PO BOX 900 WILLIAMSON,B5366,Williamson Elementary School 6036 Highland Ave Williamson,0.9274738
A2428,MARGUERITE L MULVEY SCHOOL 44 E CHERRY ST CENTRAL ISLIP,B2894,Mulvey Elementary School 44 Cherry St Central Islip,0.92746115
A310,TAG YOUNG SCHOLARS 240 E 109TH ST NEW YORK,B4799,Tag Young Scholars 240 East 109 Street Manhattan,0.9273081
A4457,WASHINGTON IRVING INTERM SCHOOL 103 S BROADWAY TARRYTOWN,B5196,Washington Irving Intermediate School 103 South Broadway Tarrytown,0.9272236
A3390,MALONE MIDDLE SCHOOL 15 FRANCIS ST MALONE,B2632,Malone Middle School Webster St Malone,0.9272186
A931,BROOKLYN COMMUNITY HIGH SCHOOL FOR EXCELLENCE AND EQUITY 6565 FLATLANDS AVE BROOKLYN,B1183,East Brooklyn Community High School 7517 Kings Highway Brooklyn,0.9271041
A4020,SCHOOL 15-CHILDREN'S SCHOOL OF ROCHESTER (THE) 85 HILLSIDE AVE ROCHESTER,B4406,School #15- Children'S School Of Rochester 494 Averill Ave Rochester,0.92707694
A1033,BAYSIDE HIGH SCHOOL 32-24 CORP KENNEDY ST BAYSIDE,B298,Bayside High School 32-24 Corporal Kennedy Street Queens,0.92680115
A314,CENTRAL PARK EAST II 433 E 100TH ST NEW YORK,B788,Central Park East Ii 19 East 103 Street Manhattan,0.92675215
A575,PS 46 EDGAR ALLAN POE 2760 BRIGGS AVE BRONX,B3328,P.S. 046 Edgar Allan Poe 279 East 196 St Bronx,0.92667323
A3521,MINISINK VALLEY INTERMEDIATE SCHOOL PO BOX 217 SLATE HILL,B2816,Minisink Valley Middle School 2320 Route 6 Slate Hill,0.92663646
A4007,RICHFIELD SPRINGS JUNIOR/SENIOR HIGH SCHOOL 93 MAIN ST RICHFIELD SPRINGS,B4217,Richfield Springs Central School 93 Main St Richfield Springs,0.9265687
A2945,HALF HOLLOW HILLS HIGH SCHOOL WEST 375 WOLF HILL RD DIX HILLS,B1757,Half Hollow Hills High Sch-W 375 Wolf Hill Rd Dix Hills,0.9265011
A1160,INSTITUTE FOR HEALTH PROFESSIONS AT CAMBRIA HEIGHTS 207-01 116TH AVE CAMBRIA HEIGHTS,B2121,Institute For Health Professions At Cambria Heights 207-01 116th Ave Queens,0.92639315
A3683,IROQUOIS MIDDLE SCHOOL 2495 ROSENDALE RD SCHENECTADY,B2142,Iroquois Middle School 2495 Rosendale Rd Niskayuna,0.9262951
A3872,SIWANOY SCHOOL 489 SIWANOY PL PELHAM,B4510,Siwanoy Elementary School 489 Siwanoy Place Pelham,0.926204
A2017,NEW DAWN CHARTER HIGH SCHOOL II 89-25 161ST ST JAMAICA,B2946,New Dawn Charter School Ii (Queens) 89-25 161st Street Jamaica,0.92607933
A3878,SCRIBNER ROAD ELEMENTARY SCHOOL 1750 SCRIBNER RD PENFIELD,B4445,Scribner Road Elem School 1750 Scribner Rd Penfield,0.925998
A2264,BRENTWOOD HIGH SCHOOL FRESHMAN CAMPUS 33 LEAHY AVE BRENTWOOD,B458,Brentwood High School 1 S 5th Ave Brentwood,0.92597175
A2725,STEWART MANOR SCHOOL 38 STEWART AVE STEWART MANOR,B4750,Stewart Manor Elem School 38 Stewart Ave Garden City,0.9259519
A3290,ABBEY LANE SCHOOL 239 GARDINERS AVE LEVITTOWN,B21,Abbey Lane Elementary School 239 Gardners Ave Levittown,0.9259056
A209,URBAN ASSEMBLY SCHOOL OF BUSINESS FOR YOUNG WOMEN 26 BROADWAY NEW YORK,B5062,"Urban Assembly School Of Business For Young Women, The 26 Broadway Manhattan",0.92574954
A563,PS 306 40 W TREMONT AVE BRONX,B4109,Ps 536 1827 Archer Street Bronx,0.92567694
A2887,SADDLE ROCK SCHOOL 10 HAWTHORNE LN GREAT NECK,B4340,Saddle Rock Elementary School 10 Hawthorne Ln Great Neck,0.9256766
A2154,DONALD S RAY SCHOOL 7650 VAN BUREN RD BALDWINSVILLE,B4175,Ray Middle School 7650 Van Buren Rd Baldwinsville,0.9255351
A1051,IRWIN ALTMAN MIDDLE SCHOOL 172 81-14 257TH ST FLORAL PARK,B2148,Irwin Altman Middle School 172 81-14 257 Street Queens,0.92544335
A392,INWOOD EARLY COLLEGE FOR HEALTH AND INFORMATION TECHNOLOGIES 650 ACADEMY ST NEW YORK,B2137,Inwood Early College For Health And Information Technology 650 Academy Street Manhattan,0.9253012
A1286,KATHLEEN GRIMM SCHOOL FOR LEADERSHIP 644 BLOOMINGDALE RD STATEN ISLAND,B4879,The Kathleen Grimm School For Leadership And Sustainability 644 Bloomingdale Road Staten Island,0.9253
A2694,EDGEMONT JUNIOR-SENIOR HIGH SCHOOL 200 WHITE OAK LN SCARSDALE,B1239,Edgemont Jr.-Sr. High School 200 White Oak Lane Scarsdale,0.92528415
A3541,MILLARD FILLMORE ELEMENTARY SCHOOL PO BOX 1188 MORAVIA,B2793,Millard Fillmore Elementary School 24 S Main St Moravia,0.92523754
A3956,PAUL D SCHREIBER SENIOR HIGH SCHOOL 101 CAMPUS DR PORT WASHINGTON,B3956,Paul D Schreiber High School 101 Campus Dr Port Washingtn,0.92516387
A1527,VOYAGES PREP-SOUTH QUEENS 156-10 BAISLEY BLVD JAMAICA,B5148,Voyages Prep - South Queens 156-10 Baisley Boulevard Queens,0.92515266
A499,PS 88 S SILVERSTEIN LITTLE SPARROW SCHOOL 1340 SHERIDAN AVE BRONX,B3877,P.S. X088 - S. Silverstein Little Sparrow School 1340 Sheridan Ave Bronx,0.925089
A2239,BLOOMFIELD ELEMENTARY SCHOOL PO BOX 220 BLOOMFIELD,B407,Bloomfield Elementary School 45 Maple Ave Bloomfield,0.9250239
A3518,MINISINK VALLEY HIGH SCHOOL PO BOX 217-RT 6 SLATE HILL,B2816,Minisink Valley Middle School 2320 Route 6 Slate Hill,0.9249459
A2958,HAMILTON JUNIOR-SENIOR HIGH SCHOOL 47 W KENDRICK AVE HAMILTON,B1762,Hamilton Central School 47 W Kendrick Ave Hamilton,0.9249021
A3673,NIAGARA-WHEATFIELD SENIOR HIGH SCHOOL 2292 SAUNDERS STLMNT RD SANBORN,B2999,Niagara-Wheatfield Sr High Sch 2292 Saunders Settlement Rd Sanborn,0.9248783
A2844,DEASY SCHOOL 2 DOSORIS LN GLEN COVE,B1057,Deasy Elementary School 2 Dosoris Ln Glen Cove,0.9248496
A4591,TAFT ELEMENTARY SCHOOL 20 TOLEMAN RD WASHINGTONVILLE,B4798,Taft Elementary School 50 Toleman Rd Washingtonvle,0.92480886
A233,UNION SQUARE ACADEMY FOR HEALTH SCIENCES 40 IRVING PL NEW YORK,B5021,Union Square Academy For Health Sciences 40 Irving Place Manhattan,0.9247983
A3054,HOLLAND PATENT ELEMENTARY SCHOOL 9601 MAIN ST HOLLAND PATENT,B1954,Holland Patent Elem School 7940 Elm St Holland Patent,0.9247387
A3403,MANHASSET SECONDARY SCHOOL 200 MEMORIAL PL MANHASSET,B2640,Manhasset Hs - Secondary School 200 Memorial Pl Manhasset,0.924687
A4213,SCHOHARIE HIGH SCHOOL PO BOX 430 SCHOHARIE,B4400,Schoharie High School 136 Academy Drive Schoharie,0.9246042
A2751,HARVEY C FENNER ELEMENTARY SCHOOL 2 EAST AVE N FALCONER,B1422,Fenner Elementary School East Ave Falconer,0.9245779
A4458,SLEEPY HOLLOW MIDDLE SCHOOL 210 N BROADWAY NORTH TARRYTOWN,B4514,Sleepy Hollow Middle & High School 210 North Broadway Sleepy Hollow,0.92450404
A1586,PS 811 1434 LONGFELLOW AVE BRONX,B4109,Ps 536 1827 Archer Street Bronx,0.92447436
A2730,ELWOOD MIDDLE SCHOOL 478 ELWOOD RD ELWOOD,B1341,Elwood Middle School 478 Elwood Rd East Northport,0.92445976
A1389,URBAN ASSEMBLY SCHOOL FOR COLLABORATIVE HEALTHCARE (THE) 999 JAMAICA AVE BROOKLYN,B4920,The Urban Assembly School For Collaborative Health 999 Jamaica Ave Brooklyn,0.9244392
A3581,BLYTHEDALE SCHOOL 95 BRADHURST AVE VALHALLA,B2879,Mount Pleasant Blythedale School 95 Bradhurst Ave Valhalla,0.92442566
A664,PS 153 HELEN KELLER 650 BAYCHESTER AVE BRONX,B3556,P.S. 153 Helen Keller 650 Baychester Avenue Bronx,0.9243813
A3517,MINISINK VALLEY ELEMENTARY SCHOOL PO BOX 217 SLATE HILL,B2816,Minisink Valley Middle School 2320 Route 6 Slate Hill,0.9243187
A500,PS 109 SEDGWICK 1771 POPHAM AVE BRONX,B3463,P.S. 109 Sedgwick 1771 Popham Ave Bronx,0.924316
A1204,ACADEMY FOR CAREERS IN TELEVISION AND FILM 1-50 51ST AVE LONG ISLAND CITY,B39,Academy For Careers In Television And Film 1-50 51st Avenue Queens,0.9242911
A256,PS 149 SOJOURNER TRUTH 41 W 117TH ST NEW YORK,B3545,P.S. 149 Sojourner Truth 41 West 117th St Manhattan,0.92411166
A117,NEW EXPLORATIONS INTO SCIENCETECH AND MATH HIGH SCHOOL 111 COLUMBIA ST NEW YORK,B2952,"New Explorations Into Science, Technology And Math High School 111 Columbia Street Manhattan",0.9240296
A2967,HANCOCK JUNIOR-SENIOR HIGH SCHOOL 67 EDUCATION LN HANCOCK,B1774,Hancock Jr-Sr High School 67 Education Lane Hancock,0.92399716
A1506,MS 137 AMERICA'S SCHOOL OF HEROES 109-15 98TH ST OZONE PARK,B2575,M.S. 137 America'S School Of Heroes 10901 98th St Ozone Park,0.92398155
A3896,PAKANASINK ELEMENTARY SCHOOL PO BOX 148 CIRCLEVILLE,B3913,Pakanasink Elementary School Rt 302 Circleville,0.9239737
A4238,ELMONT MEMORIAL HIGH SCHOOL 555 RIDGE RD ELMONT,B1335,Elmont Mem Jr-Sr High School 555 Ridge Rd Elmont,0.9239319
A313,ISAAC NEWTON MIDDLE SCHOOL FOR MATH AND SCIENCE 260 PLEASANT AVE NEW YORK,B2150,Isaac Newton Middle School For Math & Science 260 Pleasant Avenue Manhattan,0.92381895
A1110,JAMAICA GATEWAY TO THE SCIENCES 167-01 GOTHIC DR JAMAICA,B2222,Jamaica Gateway To The Sciences 16701 Gothic Dr Jamaica,0.9237267
A1012,PS 28 THOMAS EMANUEL EARLY CHILDHOOD CENTER (THE) 109-10 47TH AVE CORONA,B3746,P.S. 28 - The Thomas Emanuel Early Childhood Center 109 10 47th Avenue Corona,0.9237151
A1280,PS 74 FUTURE LEADERS ELEMENTARY SCHOOL 211 DANIEL LOW TERR STATEN ISLAND,B3823,P.S. 74 Future Leaders Elementary School 211 Daniel Low Terrace Staten Island,0.92371327
A64,MATTITUCK JUNIOR-SENIOR HIGH SCHOOL PO BOX 1438 MATTITUCK,B2724,Mattituck Jr-Sr High School 15125 Main Rd Mattituck,0.9235171
A1301,WILLIAMSBURG CHARTER HIGH SCHOOL 198 VARET ST BROOKLYN,B5365,Williamsburg Preparatory School 257 N 6th Street Brooklyn,0.9235071
A29,COBLESKILL-RICHMONDVILLE HIGH SCHOOL PO BOX 269 RICHMONDVILLE,B915,Cobleskill-Richmondville High School 1353 State Rte 7 Richmondville,0.92349184
A1676,SCHOOL OF MATH SCIENCE AND HEALTHY LIVING 6214 4TH AVE BROOKLYN,B4422,"School Of Math, Science, And Healthy Living 6214 4th Avenue New York",0.923489
A2541,COPIAGUE MIDDLE SCHOOL 2650 GREAT NECK RD COPIAGUE,B979,Copiague High School 1100 Dixon Ave Copiague,0.92343354
A3539,MONTICELLO HIGH SCHOOL 39 BREAKEY AVE MONTICELLO,B2838,Monticello Middle School 25 Saint John St Monticello,0.923421
A750,SCIENCE SKILLS CENTER HIGH SCHOOL 49 FLATBUSH AVE EXT BROOKLYN,B4438,"Science Skills Center High School For Science, Technology And The Creative Arts 49 Flatbush Avenue E",0.9233937
A3094,HUNTER ELEMENTARY SCHOOL PO BOX 317 HUNTER,B2021,Hunter Elementary School 7794 Main Street Hunter,0.9232696
A1522,ROCKAWAY PARK HIGH SCHOOL FOR ENVIRONMENTAL SUSTAINABILITY 100-00 BEACH CHANNEL DR ROCKAWAY PARK,B4271,Rockaway Park High School For Environmental Sustainability 100-00 Beach Channel Drive Queens,0.9231506
A589,PS 340 25 W 195TH ST BRONX,B4109,Ps 536 1827 Archer Street Bronx,0.92310995
A2861,MIDDLESEX VALLEY ELEMENTARY SCHOOL 149 RT 245 RUSHVILLE,B2775,Middlesex Valley Elem School 149 Ny State Route 245 Rushville,0.9229921
A2546,PEMBROKE INTERMEDIATE SCHOOL PO BOX 308 CORFU,B3987,Pembroke Intermediate School 58 Alleghany Rd Corfu,0.92282426
A3162,NORTHEAST SCHOOL 425 WINTHROP DR ITHACA,B3041,Northeast Elementary School Winthrop Dr Ithaca,0.9227698
A3668,LASALLE PREPARATORY SCHOOL 7436 BUFFALO AVE NIAGARA FALLS,B2392,La Salle Prepatory School 7436 Buffalo Ave Niagara Falls,0.9226018
A4739,GEORGE W HEWLETT HIGH SCHOOL 60 EVERIT AVE HEWLETT,B1885,Hewlett High School 60 Everit Ave Hewlett,0.9225245
A1206,HUNTERS POINT COMMUNITY MIDDLE SCHOOL 1-50 51ST AVE LONG ISLAND CITY,B2023,Hunters Point Community Middle School 1-50 51st Ave Queens,0.9224946
A4638,JOHN F KENNEDY SCHOOL 175 BROOKVALE AVE WEST BABYLON,B2330,Kennedy Elementary School 175 Brookvale Ave West Babylon,0.92244464
A1428,JOHN BOWNE HIGH SCHOOL 63-25 MAIN ST FLUSHING,B2267,John Bowne High School 63-25 Main St Queens,0.9224423
A2206,REINHARD EARLY CHILDHOOD CENTER 2750 S ST MARK'S AVE BELLMORE,B4193,Reinhard Early Childhood Ctr. 2750 S Saint Marks Ave Bellmore,0.9222807
A1682,DETECTIVE WENJIAN LIU SCHOOL OF CIVICS AND ENTREPRENERUSHIP 6312 13TH AVE BROOKLYN,B4854,The Detective Wenjian Liu School Of Civics And Entrepreneurship 6312 13th Ave Brooklyn,0.9221695
A3277,LAWRENCE EARLY CHILDHOOD CENTER AT #4 SCHOOL 87 WANSER AVE INWOOD,B1,#4 Early Childhood Center 87 Wanser Ave Inwood,0.9221056
A3469,MEXICO ELEMENTARY SCHOOL 26 ACADEMY ST MEXICO,B2764,Mexico High School 3338 Main St Mexico,0.92196673
A4388,NASSAKEAG ELEMENTARY SCHOOL PO BOX 9050 EAST SETAUKET,B2916,Nassakeag Elementary School 490 Pond Path East Setauket,0.9219443
A3143,ISLAND PARK LINCOLN ORENS MIDDLE SCHOOL 150 TRAFALGAR BLVD ISLAND PARK,B2501,Lincoln Orens School Trafalgar Blvd Island Park,0.9218451
A1567,PS 811 CONNIE LEKAS SCHOOL 2525 HARING ST BROOKLYN,B3851,P.S. K811 Connie Lekas School 2525 Haring Street Brooklyn,0.92168266
A1597,PS 188 770 GROTE ST BRONX,B4109,Ps 536 1827 Archer Street Bronx,0.92149
A3769,SCHOOL 9M-OCEANSIDE MIDDLE SCHOOL 186 ALICE AVE OCEANSIDE,B3098,Oceanside Middle School 186 Alice Ave Oceanside,0.9214471
A1835,BROOKLYN DREAMS CHARTER SCHOOL 259 PARKVILLE AVE BROOKLYN,B605,Brooklyn Urban Garden Charter School 500 Nineteenth St Brooklyn,0.92142725
A3707,HAROLD D FAYETTE SCHOOL 1057 MERRICK AVE NORTH MERRICK,B1415,Fayette Elementary School 1057 Merrick Ave N Merrick,0.92133355
A4507,GENERAL HERKIMER ELEMENTARY SCHOOL 420 KEYES RD UTICA,B1578,General Herkimer Elem School 420 Keyes Rd Utica,0.9213283
A174,NYC MUSEUM SCHOOL 333 W 17TH ST NEW YORK,B2910,N.Y.C. Museum School 333 W 17th Street Manhattan,0.92118585
A107,STAR ACADEMY PS 63 (THE) 121 E 3RD ST NEW YORK,B4914,The Star Academy - P.S.63 121 E 3rd St Manhattan,0.92117107
A402,PS/MS 29 MELROSE SCHOOL 758 COURTLANDT AVE BRONX,B3901,P.S./M.S. 029 Melrose School 758 Courtlandt Avenue Bronx,0.9209049
A3637,NEWARK VALLEY MIDDLE SCHOOL PO BOX 547 NEWARK VALLEY,B2982,Newark Valley Middle School 88 Whig St Newark Valley,0.92089206
A4283,THEODORE ROOSEVELT SCHOOL 2495 WILLIAM ST CHEEKTOWAGA,B4938,Theodore Roosevelt Elem School 2495 William St Buffalo,0.9207099
A2767,FONDA-FULTONVILLE 5-8 SCHOOL PO BOX 1501 FONDA,B1450,Fonda-Fultonville 5-8 School 112 Old Johnstown Rd Fonda,0.92067426
A3443,TANGIER SMITH ELEMENTARY SCHOOL 336 BLANCO DR MASTIC BEACH,B4807,Tangier Smith Elem School 336 Blanco Dr Mastic Beach,0.92066896
A3569,PENNINGTON SCHOOL 20 FAIRWAY AVE MOUNT VERNON,B3995,Pennington School 20 Fairway Mount Vernon,0.920582
A979,GROVER CLEVELAND HIGH SCHOOL 21-27 HIMROD ST RIDGEWOOD,B1731,Grover Cleveland High School 21-27 Himrod Street Queens,0.92045933
A1592,PS 17 778 FOREST AVE BRONX,B4109,Ps 536 1827 Archer Street Bronx,0.92033696
A3007,DAVID PATERSON SCHOOL 40 FULTON AVE HEMPSTEAD,B1050,David Patterson School 40 Fulton Ave Hempstead,0.9202483
A1836,UNCOMMON BROWNSVILLE SOUTH CHARTER SCHOOL NYC 985 ROCKAWAY AVE-3RD FL BROOKLYN,B617,Brownsville South Elementary School 985 Rockaway Ave Brooklyn,0.92016745
A3254,LAKELAND-COPPER BEECH MIDDLE SCHOOL 3417 OLD YORKTOWN RD YORKTOWN HEIGHTS,B2405,"Lakeland Copper Beech Middle School 3401 Old Yorktown Road, Route 132 Shrub Oak",0.92011714
A3940,PARK AVENUE SCHOOL PARK AVE PORT CHESTER,B3930,Park Avenue Elementary School 75 Park Ave Port Chester,0.9200871
A473,BRONX ACADEMY FOR MULTI-MEDIA 730 BRYANT AVE BRONX,B4539,South Bronx Academy For Applied Media 778 Forest Avenue Bronx,0.9199257
A2113,ARKPORT CENTRAL SCHOOL PO BOX 70 ARKPORT,B178,Arkport Central School 35 East Ave Arkport,0.9199035
A4718,WILLIAMSON MIDDLE SCHOOL PO BOX 900 WILLIAMSON,B5367,Williamson Middle School 4184 Miller St Williamson,0.91989356
A2266,HENRY H WELLS MIDDLE SCHOOL 570 RT 312 BREWSTER,B5248,Wells Middle School 570 Route 312 Brewster,0.91988814
A2432,BREWERTON ELEMENTARY SCHOOL 44 SCHOOL DR CENTRAL SQUARE,B460,Brewerton Elementary School 9530 Brewerton Rd Brewerton,0.91987807
A1670,PS 69 VINCENT D GRIPPO SCHOOL 6302 9TH AVE BROOKLYN,B3820,P.S. 69 Vincent D. Grippo School 6302 9th Avenue Brooklyn,0.9198686
A1247,PS 35 CLOVE VALLEY SCHOOL (THE) 60 FOOTE AVE STATEN ISLAND,B3786,P.S. 35 The Clove Valley School 60 Foote Ave Staten Island,0.91986173
A922,PS 233 LANGSTON HUGHES 9301 AVE B BROOKLYN,B3706,P.S. 233 Langston Hughes 9301 Avenue B Brooklyn,0.919788
A2697,EDMESTON CENTRAL SCHOOL PO BOX 5129 EDMESTON,B1245,Edmeston Central School 11 North St Edmeston,0.91971046
A2018,VALENCE COLLEGE PREPARATORY CHARTER SCHOOL 97-29 64TH RD REGO PARK,B5091,Valence College Prep Charter School 97-29 64th Road Queens,0.91967195
A1968,NYC AUTISM CHARTER SCHOOL BRONX 1180 TINTON AVE BRONX,B3079,Nyc Autism Charter Schools 433 East 100th Street New York,0.91963965
A2334,SOUTHSIDE ELEMENTARY SCHOOL 430 SOUTHSIDE PKWY BUFFALO,B4551,South Buffalo Charter School 154 South Ogden Street Buffalo,0.9195999
A3052,GENERAL WILLIAM FLOYD ELEMENTARY SCHOOL 9601 MAIN ST HOLLAND PATENT,B1575,Gen William Floyd Elem School 9601 Main St Holland Patent,0.9195908
A1742,PS 198 4105 FARRAGUT RD BROOKLYN,B4111,Ps 936 270 59th Street Brooklyn,0.91954404
A2584,DERUYTER HIGH SCHOOL 711 RAILROAD ST DERUYTER,B1084,Deruyter High School 711 Railroad St De Ruyter,0.9194652
A490,PS 28 MOUNT HOPE 1861 ANTHONY AVE BRONX,B4109,Ps 536 1827 Archer Street Bronx,0.9193725
A1725,PS 245 249 E 17TH ST BROOKLYN,B4111,Ps 936 270 59th Street Brooklyn,0.9193133
A4847,DREAM CHARTER SCHOOL HIGHBRIDGE 1162 RIVER AVE BRONX,B1134,Dream Charter School Mott Haven 20 Bruckner Blvd Bronx,0.91921926
A2455,CHAZY CENTRAL RURAL ELEMENTARY SCHOOL 609 MINER FARM RD CHAZY,B832,Chazy Union Free School 609 Miner Farm Road Chazy,0.9192085
A3651,NEWCOMB CENTRAL SCHOOL 5535 RT 28N NEWCOMB,B2988,Newcomb Central School Rr 28 Newcomb,0.9190135
A2359,BYRAM HILLS HIGH SCHOOL 12 TRIPP LN ARMONK,B649,Byram Hills High School 12 Tripp Lane Armonk,0.91895264
A1913,UNCOMMON CANARSIE CHARTER SCHOOL NYC 1070 E 104TH ST BROOKLYN,B682,Canarsie Ascend Charter School 9719 Flatlands Ave Brooklyn,0.9188502
A127,FORSYTHE SATELLITE ACADEMY 198 FORSYTH ST NEW YORK,B1468,Forsyth Satellite Academy 198 Forsyth Street Manhattan,0.9188196
A2601,DEPOSIT MIDDLE-SENIOR HIGH SCHOOL 171 2ND ST DEPOSIT,B1083,Deposit Jr & Sr High School 171 2nd St Deposit,0.9187987
A2571,MOUNT PLEASANT-COTTAGE SCHOOL PO BOX 8 PLEASANTVILLE,B2891,Mt Pleasant Cottage  School 1075 Broadway Pleasantville,0.918796
A1571,PS 721 MANHATTAN OCCUPATIONAL TRAINING CENTER 250 W HOUSTON ST NEW YORK,B3856,P.S. M721 - Manhattan Occupational Training Center 250 West Houston Street Manhattan,0.9187374
A1075,CATHERINE & COUNT BASIE MIDDLE SCHOOL 72 133-25 GUY R BREWER BLVD JAMAICA,B746,Catherine & Count Basie Middle School 72 133-25 Guy R Brewer Boulevard Queens,0.9187017
A502,PS 126 DR MARJORIE H DUNBAR 175 W 166TH ST BRONX,B3498,P.S. 126 Dr Marjorie H Dunbar 175 W 166th St Bronx,0.9186025
A3644,HORIZON-ON-THE-HUDSON SCHOOL 137 MONTGOMERY ST NEWBURGH,B1992,Horizons On Hudson School 137 Montgomery St Newburgh,0.91853344
A3207,AUSABLE VALLEY MIDDLE SCHOOL 1490 RT 9N CLINTONVILLE,B208,Ausable Valley Middle-High Sch 1490 Route 9n Clintonville,0.91852474
A2612,WINGDALE ELEMENTARY SCHOOL 6413 RT 55 WINGDALE,B5392,Wingdale Elementary School State Road Wingdale,0.9184652
A2040,MAYNARD P WILSON ELEMENTARY SCHOOL PO BOX 10 ADAMS CENTER,B2729,Maynard P Wilson Elem School 13180 Us Route 11 Adams Center,0.9184192
A2709,DIVEN SCHOOL 1115 HALL ST ELMIRA,B1591,George M Diven School 1115 Hall St Elmira,0.9183915
A1278,PS 65 ACADEMY OF INNOVATIVE LEARNING (THE) 98 GRANT ST STATEN ISLAND,B3818,P.S. 65 The Academy Of Innovative Learning 98 Grant Street Staten Island,0.9183556
A3205,AUSABLE VALLEY HIGH SCHOOL 1490 RT 9N CLINTONVILLE,B208,Ausable Valley Middle-High Sch 1490 Route 9n Clintonville,0.9183485
A2434,HASTINGS MALLORY ELEMENTARY SCHOOL 44 SCHOOL DR CENTRAL SQUARE,B1820,Hastings Mallory Elem School 93 Barker Rd Central Square,0.91828334
A3439,MASSENA SENIOR HIGH SCHOOL 84 NIGHTENGALE AVE MASSENA,B2719,Massena Central High School Highland Avenue Massena,0.91815305
A4614,WAYNE CENTRAL ELEMENTARY SCHOOL PO BOX 155 ONTARIO CENTER,B5237,Wayne Primary School 1730 Ridge Road Ontario Center,0.9181377
A950,PS 376 194 HARMAN ST BROOKLYN,B4111,Ps 936 270 59th Street Brooklyn,0.91811156
A3324,LIVERPOOL ELEMENTARY SCHOOL 910 2ND ST LIVERPOOL,B2522,Liverpool High School 4338 Wetzel Rd Liverpool,0.91809857
A3166,CLINTON V BUSH ELEMENTARY SCHOOL 150 PARDEE AVE JAMESTOWN,B905,Clinton V Bush Elem School 150 Pardee Ave Jamestown,0.9179944
A4335,COTTAGE LANE ELEMENTARY SCHOOL 120 COTTAGE LN BLAUVELT,B1002,Cottage Lane Elementary School Cottage Lane Blauvelt,0.91789466
A70,CATTARAUGUS-LITTLE VALLEY MIDDLE SCHOOL 25 N FRANKLIN ST CATTARAUGUS,B757,Cattaraugus-Little Valley Hs 25 N Franklin St Cattaraugus,0.91773385
A1694,PS 121 NELSON A ROCKEFELLER 5301 20TH AVE BROOKLYN,B3487,P.S. 121 Nelson A. Rockefeller 5301 20 Avenue Brooklyn,0.9177338
A3055,HOLLAND PATENT MIDDLE SCHOOL 9601 MAIN ST HOLLAND PATENT,B1954,Holland Patent Elem School 7940 Elm St Holland Patent,0.9176976
A208,URBAN ASSEMBLY SCHOOL OF DESIGN AND CONSTRUCTION 525 W 50TH ST NEW YORK,B5063,"Urban Assembly School Of Design And Construction, The 525 West 50th Street Manhattan",0.91764736
A959,PS 151 LYNDON B JOHNSON 763 KNICKERBOCKER AVE BROOKLYN,B3550,P.S. 151 Lyndon B. Johnson 763 Knickerbocker Ave Brooklyn,0.9175775
A4307,COLONIE CENTRAL HIGH SCHOOL 1 RAIDER BLVD ALBANY,B930,Colonie Central High School 1 Raider Blvd Colonie,0.91757596
A3921,JUDY JACOBS PARKWAY ELEMENTARY SCHOOL 300 MANETTO HILL RD PLAINVIEW,B3945,Parkway Elementary School 300 Manetto Hill Rd Plainview,0.91756266
A1678,PS 264 BAY RIDGE ELEMENTARY SCHOOL FOR THE ARTS 371 89TH ST BROOKLYN,B3734,P.S. 264 Bay Ridge Elementary School For The Arts 371 89th Street Brooklyn,0.91754794
A4244,SHELTER ISLAND SCHOOL 33 N FERRY RD SHELTER ISLAND,B4485,Shelter Isl Un Free School 33 N Ferry Rd Shelter Island,0.917458
A2046,AFTON ELEMENTARY SCHOOL PO BOX 5 AFTON,B80,Afton Elementary School 29 Academy Street Afton,0.91739964
A1530,EPIC HIGH SCHOOL-SOUTH 121-10 ROCKAWAY BLVD SOUTH OZONE PARK,B1356,Epic High School-South 121-10 Rockaway Blvd Queens,0.9172808
A3696,NORTH COLLINS ELEMENTARY SCHOOL PO BOX 740 NORTH COLLINS,B3011,North Collins Elementary School 10469 Bantle Rd North Collins,0.91710275
A3091,MARGARET MURPHY KINDERGARTEN CENTER 2 CLARK ST HUDSON FALLS,B2013,Hudson Falls Primary School Margaret M. Murphy Kindergarten Center 2 Clark St Hudson Falls,0.9170879
A4101,ROOSEVELT MIDDLE SCHOOL 335 E CLINTON AVE ROOSEVELT,B4302,Roosevelt Middle School 240 Denton Place Roosevelt,0.917078
A3708,OLD MILL ROAD SCHOOL 1775 OLD MILL RD MERRICK,B3112,Old Mill Road Elementary Sch 1775 Old Mill Rd Merrick,0.91707206
A872,PS 91 ALBANY AVENUE SCHOOL (THE) 532 ALBANY AVE BROOKLYN,B3418,P.S. 091 The Albany Avenue School 532 Albany Avenue Brooklyn,0.9168589
A4103,EAST HILLS ELEMENTARY SCHOOL 400 ROUND HILL RD ROSLYN HEIGHTS,B1197,East Hills Elementary School Locust Lane Roslyn Heights,0.9168038
A4243,SHARON SPRINGS CENTRAL SCHOOL PO BOX 218 SHARON SPRINGS,B4480,Sharon Springs Central School 514 State Route 20 Sharon Springs,0.91667616
A98,HARLEM PREP CHARTER SCHOOL 240 E 123RD ST-3RD FL NEW YORK,B1792,Harlem Prep Middle School 232 East 103rd St. New York,0.916666
A1894,GREAT OAKS KATHLEEN SHERRY CHARTER SCHOOL 240 BLEECKER ST NEW YORK,B1692,Great Oaks Charter School 240 Bleecker Street New York,0.9165479
A807,PS 131 4305 FT HAMILTON PKWY BROOKLYN,B4111,Ps 936 270 59th Street Brooklyn,0.91652066
A498,PS 73 BRONX 1020 ANDERSON AVE BRONX,B4109,Ps 536 1827 Archer Street Bronx,0.9165142
A442,PS 71 ROSE E SCALA 3040 ROBERTS AVE BRONX,B4109,Ps 536 1827 Archer Street Bronx,0.9164416
A2591,DELAWARE ACADEMY ELEMENTARY SCHOOL 2 SHELDON DR DELHI,B1061,Delaware Academy Ms Hs 2 Sheldon Dr Delhi,0.91643846
A1816,UNCOMMON BROWNSVILLE NORTH CHARTER SCHOOL NYC 51 CHRISTOPHER AVE BROOKLYN,B616,Brownsville North Elementary School 51 Christopher Ave Brooklyn,0.9164263
A1164,LONG ISLAND CITY HIGH SCHOOL 14-30 BROADWAY LONG ISLAND CITY,B2534,Long Island City High School 14-30 Broadway Queens,0.9163227
A1672,PS 503 SCHOOL OF DISCOVERY (THE) 330 59TH ST BROOKLYN,B4107,Ps 503: The School Of Discovery 330 59 Street Brooklyn,0.9162967
A1498,PS 197 OCEAN SCHOOL (THE) 825 HICKSVILLE RD FAR ROCKAWAY,B3649,P.S. 197 The Ocean School 825 Hicksville Rd Far Rockaway,0.9162807
A3117,PHILADELPHIA PRIMARY SCHOOL PO BOX 397 PHILADELPHIA,B4010,Philadelphia Primary School 3 Sand St Philadelphia,0.91624
A3444,MORICHES ELEMENTARY SCHOOL 16 LOUIS AVE MORICHES,B1208,East Morisches Elementary School 523 Montauk Hwy East Moriches,0.91617274
A4496,CALIFORNIA AVENUE ELEMENTARY SCHOOL 236 CALIFORNIA AVE UNIONDALE,B663,"California Avenue Elem School 236 California Ave, P. O. Box 644 Uniondale",0.916165
A1917,ACHIEVEMENT FIRST ASPIRE CHARTER SCHOOL 982 HEGEMAN AVE BROOKLYN,B1182,East Brooklyn Ascend Charter School 260 Shepherd Avenue Brooklyn,0.9160386
A4011,RIPLEY CENTRAL SCHOOL PO BOX 688 RIPLEY,B4226,Ripley Central School 12 N State St Ripley,0.91603345
A1550,KIPP TECH VALLEY CHARTER SCHOOL 321 NORTHERN BLVD ALBANY,B2357,Kipp Albany Community Charter School - Elementary 65 Krank Street Albany,0.9159808
A2704,ELLICOTTVILLE MIDDLE SCHOOL HIGH SCHOOL PO BOX 51 ELLICOTTVILLE,B1325,Ellicottville Middle School High School 5873 Route 219 S Ellicottville,0.9159717
A307,MS 224 MANHATTAN EAST SCHOOL FOR ARTS & ACADEMICS 410 E 100TH ST NEW YORK,B2579,M.S. 224 Manhattan East School For Arts & Academics 410 East 100 Street Manhattan,0.9159593
A2429,RALPH REED SCHOOL 200 HALF MILE RD CENTRAL ISLIP,B4190,Reed Junior High School 200 Half Mile Rd Central Islip,0.91595054
A1300,UNCOMMON EXCELLENCE BOYS CHARTER SCHOOL NYC 225 PATCHEN AVE BROOKLYN,B1379,Excellence Boys Elementary School 225 Patchen Ave Brooklyn,0.915933
A2744,FAIRPORT SENIOR HIGH SCHOOL 1 DAVE PADDOCK WAY FAIRPORT,B1398,Fairport High School 1358 Ayrault Rd Fairport,0.91588503
A4570,JOHN JAY SENIOR HIGH SCHOOL 2012 ROUTE 52 HOPEWELL JUNCTION,B2287,John Jay High School Route 52 Hopewell Jct,0.9158731
A571,PS 32 BELMONT 690 E 183RD ST BRONX,B4109,Ps 536 1827 Archer Street Bronx,0.91580737
A406,PS 49 WILLIS AVENUE 383 E 139TH ST BRONX,B4109,Ps 536 1827 Archer Street Bronx,0.91570306
A4261,SHERMAN ELEMENTARY SCHOOL PO BOX 950 SHERMAN,B4494,Sherman Elementary School 127 Park St Sherman,0.9156452
A3938,JOHN F KENNEDY ELEMENTARY SCHOOL 40 OLIVIA ST PORT CHESTER,B2282,John F. Kennedy Magnet School 40 Olivia St Port Chester,0.9155802
A4064,FRANKLIN UPPER SCHOOL 950 NORTON ST ROCHESTER,B351,Benjamin Franklin High School 950 Norton St Rochester,0.91556185
A4155,SALEM ELEMENTARY SCHOOL PO BOX 517 SALEM,B4348,Salem Elementary School 41 E Broadway St Salem,0.91547996
A1441,PS 164 QUEENS VALLEY 138-01 77TH AVE FLUSHING,B4102,Ps 110 48-29 37th Street Queens,0.9154657
A1598,PS 36 2045 LINDEN BLVD BROOKLYN,B4111,Ps 936 270 59th Street Brooklyn,0.91546
A112,CASCADES HIGH SCHOOL 198 FORSYTH ST-3RD FL NEW YORK,B736,Cascades High School 198 Forsyth Street Manhattan,0.91541624
A1637,CHRISTA MCAULIFFE SCHOOL (THE) /IS 187 1171 65TH ST BROOKLYN,B4849,The Christa Mcauliffe School - I.S. 187 1171 65 Street Brooklyn,0.9153913
A1812,BROOKLYN SCHOLARS CHARTER SCHOOL 2635 LINDEN BLVD BROOKLYN,B4840,"The Brooklyn Charter School 545 Willoughby Avenue, 3rd Floor Brooklyn",0.91522086
A1864,EXPLORE EXCEL CHARTER SCHOOL 1077 REMSEN AVE BROOKLYN,B1378,Excel Charter School 2 956 E. 82nd St Brooklyn,0.91520274
A4169,DIVISION STREET ELEMENTARY SCHOOL 220 DIVISION ST SARATOGA SPRINGS,B1108,Division Street Elem School 220 Division St Saratoga Spgs,0.9150478
A4002,VAN RENSSELAER ELEMENTARY SCHOOL 25 VAN RENSSELAER DR RENSSELAER,B4200,Rensselaer City Schools 25 Van Rensselaer Dr Rensselaer,0.9150232
A1969,UNITED CHARTER HIGH SCHOOL FOR THE HUMANITIES IV 205 E 42ND ST NEW YORK,B5029,United Charter High School For Humanities 99 Terrace View Ave Bronx,0.9149345
A599,PS/MS 280 MOSHOLU PARKWAY 3202 STEUBEN AVE BRONX,B4119,Ps/Ms 194 2365 Waterbury Ave Bronx,0.91492176
A4712,WHITESBORO HIGH SCHOOL 6000 NY-291 MARCY,B5327,Whitesboro High School 6000 State Route 291 Marcy,0.9149171
A169,PS 183 ROBERT L STEVENSON 419 E 66TH ST NEW YORK,B3618,P.S. 183 Robert L. Stevenson 419 E 66th Street Manhattan,0.914902
A3509,NORTH COUNTRY ROAD SCHOOL 191 N COUNTRY RD MILLER PLACE,B3013,North Country Road Jr High Sch 191 N Country Rd Miller Place,0.914889
A1757,PS 361 EAST FLATBUSH EARLY CHILDHOOD SCHOOL 1957 NOSTRAND AVE BROOKLYN,B3790,P.S. 361 East Flatbush Early Childhood School 3109 Newkirk Avenue Brooklyn,0.91485775
A2410,WEST CARTHAGE ELEMENTARY SCHOOL 21568 COLE RD CARTHAGE,B734,Carthage Senior High School 36500 Martin Street Road Carthage,0.9146868
A3014,BLUE MOUNTAIN MIDDLE SCHOOL PO BOX 14 CORTLANDT MANOR,B412,Blue Mountain Middle School 7 Furnace Woods Road Cortlandt Manor,0.914667
A4075,WATSON SCHOOL 277 N CENTRE AVE ROCKVILLE CENTRE,B5219,Watson Elementary School 277 N Centre Ave Rockville Ctr,0.91450936
A4386,ARROWHEAD ELEMENTARY SCHOOL PO BOX 9050 EAST SETAUKET,B181,Arrowhead Elementary School 62 Arrowhead Ln East Setauket,0.91448927
A4050,SCHOOL 22-LINCOLN SCHOOL 595 UPPER FALLS BLVD ROCHESTER,B1303,Elementary School 33 500 Webster Ave Rochester,0.91447246
A1512,GOLDIE MAPLE ACADEMY 3-65 BEACH 56TH ST ARVERNE,B1647,Goldie Maple Academy 3-65 Beach 56 Street Queens,0.9143884
A3190,JOHNSON CITY ELEMENTARY/INTERMEDIATE SCHOOL 601 COLUMBIA DR JOHNSON CITY,B1812,Harry L Johnson Elem School 601 Columbia Drive Johnson City,0.9142432
A68,CATTARAUGUS-LITTLE VALLEY ELEMENTARY SCHOOL 25 N FRANKLIN ST CATTARAUGUS,B757,Cattaraugus-Little Valley Hs 25 N Franklin St Cattaraugus,0.9141998
A2107,SCHENEVUS CENTRAL SCHOOL PO BOX 8 SCHENEVUS,B4396,Schenevus Central School 159 Main St Schenevus,0.91415024
A819,JOHN JAY SCHOOL FOR LAW 237 7TH AVE BROOKLYN,B4418,School For Legal Studies 850 Grand St Brooklyn,0.91414976
A878,PS 221 TOUSSAINT L'OUVERTURE 791 EMPIRE BLVD BROOKLYN,B3696,P.S. 221 Toussaint L'Ouverture 791 Empire Boulevard Brooklyn,0.91411805
A1605,PS 10 2750 LAFAYETTE AVE BRONX,B4109,Ps 536 1827 Archer Street Bronx,0.9140999
A3804,BROOKSIDE SCHOOL PINESBRIDGE RD OSSINING,B611,Brookside School 30 Ryder Road Ossining,0.91408414
A3114,ANTWERP PRIMARY SCHOOL PO BOX 10 ANTWERP,B162,Antwerp Primary School 10 Academy Antwerp,0.91408014
A2756,SALTZMAN EAST MEMORIAL ELEMENTARY SCHOOL 25 MILL LN FARMINGDALE,B1203,East Memorial Elementary Sch 25 Mill Ln Farmingdale,0.9140222
A4552,OSTRANDER ELEMENTARY SCHOOL PO BOX 310 WALLKILL,B3145,Ostrander Elementary School 137 Viola Ave Wallkill,0.91392624
A437,PS 14 SENATOR JOHN CALANDRA 3047 BRUCKNER BLVD BRONX,B3873,P.S. X014 Senator John Calandra 3041 Bruckner Blvd Bronx,0.9139035
A3188,JOHNSON CITY ELEMENTARY/PRIMARY SCHOOL 601 COLUMBIA DR JOHNSON CITY,B1812,Harry L Johnson Elem School 601 Columbia Drive Johnson City,0.91389674
A955,PS 106 EDWARD EVERETT HALE 1328 PUTNAM AVE BROOKLYN,B3453,P.S. 106 Edward Everett Hale 1328 Putnam Ave Brooklyn,0.91380954
A2605,MOSES DEWITT ELEMENTARY SCHOOL 201 JAMESVILLE RD DEWITT,B2855,Moses Dewitt Elementary School 201 Jamesville Rd Syracuse,0.9138013
A1761,ORIGINS HIGH SCHOOL 3000 AVE X BROOKLYN,B3138,Origins High School 3000 Avenue X Brookyn,0.913696
A1200,INFORMATION TECHNOLOGY HIGH SCHOOL 21-16 44TH RD LONG ISLAND CITY,B2116,Information Technology High School 21-16 44th Road Queens,0.91363466
A4389,PAUL J GELINAS JUNIOR HIGH SCHOOL PO BOX 9050 EAST SETAUKET,B3957,Paul J Gelinas Jr High Sch 25 Mud Rd Setauket,0.91356254
A21,KREAMER STREET ELEMENTARY SCHOOL 37 KREAMER ST BELLPORT,B340,Bellport Middle School 35 Kreamer St Bellport,0.91349655
A3774,JOHN F KENNEDY SCHOOL 801-809 PARK ST OGDENSBURG,B2329,Kennedy Elementary School 801-809 Park Street Ogdensburg,0.9133446
A4328,SOUTH KORTRIGHT CENTRAL SCHOOL PO BOX 113 SOUTH KORTRIGHT,B4559,South Kortright Central School 58200 State Hwy 10 South Kortrigh,0.91330034
A3438,J WILLIAM LEARY JUNIOR HIGH SCHOOL 1 SCHOOL ST MASSENA,B2441,Leary Junior High School School St And Ransom Ave Massena,0.91321886
A4704,WHITEHALL ELEMENTARY SCHOOL PO BOX 29 WHITEHALL,B5325,Whitehall Elementary School Buckley Rd Whitehall,0.91317105
A506,PS 236 LANGSTON HUGHES 1871 WALTON AVE BRONX,B3710,P.S. 236 Langston Hughes 1871 Walton Avenue Bronx,0.91316724
A1659,PS 200 BENSON SCHOOL 1940 BENSON AVE BROOKLYN,B3657,P.S. 200 Benson School 1940 Benson Avenue Brooklyn,0.9130893
A2518,COLTON-PIERREPONT CENTRAL SCHOOL PO BOX 5 COLTON,B931,Colton-Pierrepont Central School 4921 State Highway 56 Colton,0.91308266
A656,PS 105 SENATOR ABRAHAM BERNSTEIN 725 BRADY AVE BRONX,B3449,P.S. 105 Sen Abraham Bernstein 725 Brady Avenue Bronx,0.9129188
A725,PS 66 SCHOOL OF HIGHER EXPECTATIONS 1001 JENNINGS ST BRONX,B3376,P.S. 066 School Of Higher Expectations 1001 Jennings Street Bronx,0.9129123
A2092,EDMUND W MILES MIDDLE SCHOOL 501 RT 110 AMITYVILLE,B2786,Miles Middle School Rr 110 Amityville,0.9128732
A1905,MATH ENGINEERING AND SCIENCE ACADEMY CHARTER HIGH SCHOOL 231 PALMETTO ST-FL 3-RM 327A BROOKLYN,B2721,"Math, Engineering, And Science Academy Charter High School 2 1222 63rd St Brooklyn",0.91277695
A3504,ELM DRIVE ELEMENTARY SCHOOL PO BOX AA MILLBROOK,B1329,Elm Drive Elementary School Elm Drive Millbrook,0.9127743
A4714,CARYL E ADAMS PRIMARY SCHOOL PO BOX 249 WHITNEY POINT,B735,Caryl Adams Primary School 24 Keibel Road Whitney Point,0.9127424
A271,PS 333 MANHATTAN SCHOOL FOR CHILDREN 154 W 93RD ST NEW YORK,B3781,P.S. 333 Manhattan School For Children 154 West 93 St Manhattan,0.91252244
A2765,FONDA-FULTONVILLE SENIOR HIGH SCHOOL PO BOX 1501 FONDA,B1452,Fonda-Fultonville Senior High School 112 Old Johnstown Rd Fonda,0.91252166
A3417,MARGARETVILLE CENTRAL SCHOOL PO BOX 319 MARGARETVILLE,B2680,Margaretville Central School Main St Margaretville,0.9124179
A2966,HANCOCK ELEMENTARY SCHOOL 206 WILDCAT DR HANCOCK,B1773,Hancock Elementary School 208 Wildcat Drive Hancock,0.9124068
A1025,MASPETH HIGH SCHOOL 54-40 74TH ST ELMHURST,B2717,Maspeth High School 54-40 74th Street Queens,0.9123894
A528,NEW MILLENNIUM BRONX ACADEMY OF THE ARTS 1000 TELLER AVE BRONX,B1190,East Fordham Academy For The Arts 120 East 184 Street Bronx,0.9123804
A1957,BROOKLYN PROSPECT CHARTER SCHOOL-CSD 13 80 WILLOUGHBY ST BROOKLYN,B4840,"The Brooklyn Charter School 545 Willoughby Avenue, 3rd Floor Brooklyn",0.9123704
A236,ACADEMY FOR SOFTWARE ENGINEERING 40 IRVING PL NEW YORK,B48,Academy For Software Engineering 40 Irving Place Manhattan,0.9122891
A1711,PS 288 SHIRLEY TANYHILL (THE) 2950 W 25TH ST BROOKLYN,B3751,P.S. 288 The Shirley Tanyhill 2950 W 25th St Brooklyn,0.9121213
A1263,PS 57 HUBERT H HUMPHREY 140 PALMA DR STATEN ISLAND,B3359,P.S. 057 Hubert H. Humphrey 140 Palma Dr Staten Island,0.9121182
A2427,FRANCIS J O'NEILL SCHOOL 44 E CHERRY ST CENTRAL ISLIP,B3084,O'Neill Elementary School 545 Clayton St Central Islip,0.91200894
A2993,HAUPPAUGE MIDDLE SCHOOL PO BOX 6006 HAUPPAUGE,B1822,Hauppauge Middle School 600 Townline Rd Hauppauge,0.9119528
A946,SCIENCE AND MEDICINE MIDDLE SCHOOL (THE) 965 E 107TH ST BROOKLYN,B4911,The Science And Medicine Middle School 965 East 107th Street Brooklyn,0.91189176
A2772,FORT EDWARD SCHOOL 220 BROADWAY FORT EDWARD,B1471,Fort Edward Jr/Sr High 220 Broadway Fort Edward,0.91187197
A4845,SUCCESS ACADEMY CHARTER SCHOOL-BRONX 5 LOWER 604 E 139TH ST BRONX,B507,Bronx Charter School For Excellence 3 And 4 Middle 1160 E 213th S Bronx,0.9118298
A3116,INDIAN RIVER HIGH SCHOOL PO BOX 338 PHILADELPHIA,B2114,Indian River Intermediate School 32430 Us Route 11 Philadelphia,0.9117384
A1596,PS 186 WALTER J DAMROSCH SCHOOL 750 JENNINGS ST BRONX,B3905,P186x Walter J. Damrosch School 750 Jennings Street Bronx,0.91168845
A363,PS 153 ADAM CLAYTON POWELL 1750 AMSTERDAM AVE NEW YORK,B3555,P.S. 153 Adam Clayton Powell 1750 Amsterdam Avenue Manhattan,0.911664
A1564,PS 372 CHILDREN'S SCHOOL (THE) 512 CARROLL ST BROOKLYN,B4846,The Children'S School 512 Carroll Street Brooklyn,0.9116214
A3053,HOLLAND PATENT CENTRAL HIGH SCHOOL 9601 MAIN ST HOLLAND PATENT,B1954,Holland Patent Elem School 7940 Elm St Holland Patent,0.91139317
A3201,KATONAH ELEMENTARY SCHOOL PO BOX 387 KATONAH,B2318,Katonah Elementary School 106 Huntville Road Katonah,0.91137433
A2778,FRANKLIN CENTRAL SCHOOL PO BOX 888 FRANKLIN,B1499,Franklin Central School 26 Institute Street Franklin,0.91128343
A485,PS 583 1028 WHITE PLAINS RD BRONX,B4109,Ps 536 1827 Archer Street Bronx,0.9111915
A2903,OLYMPIA HIGH SCHOOL 1139 MAIDEN LN ROCHESTER,B3118,Olympia Ms & Hs School 1139 Maiden Lane Rochester,0.9111595
A1709,PS 253 2953 BRIGHTON 6TH ST BROOKLYN,B4111,Ps 936 270 59th Street Brooklyn,0.9111383
A2810,VOLNEY ELEMENTARY SCHOOL 2592 STATE RT 3 FULTON,B5144,Volney Elementary School Rr 8 Box 98 Fulton,0.91113764
A3159,ENFIELD SCHOOL 20 ENFIELD MAIN RD ITHACA,B1350,Enfield Elementary School Rr 5 Ithaca,0.91110533
A1649,PS 160 WILLIAM T SAMPSON 5105 FORT HAMILTON PKWY BROOKLYN,B3575,P.S. 160 William T. Sampson 5105 Fort Hamilton Parkway Brooklyn,0.9111037
A1095,THOMAS A EDISON CAREER AND TECHNICAL EDUCATION HIGH SCHOOL 165-65 84TH AVE JAMAICA,B4942,Thomas A. Edison Career And Technical Education High School 165-65 84 Avenue Queens,0.91108763
A4846,SUCCESS ACADEMY CHARTER SCHOOL-BRONX 5 UPPER 604 E 139TH ST BRONX,B507,Bronx Charter School For Excellence 3 And 4 Middle 1160 E 213th S Bronx,0.9109469
A3229,J WATSON BAILEY MIDDLE SCHOOL 118 MERILINA AVE EXT KINGSTON,B2213,J.W. Bailey Jr. High School Merilina Avenue Kingston,0.9108093
A4384,STILLWATER MIDDLE SCHOOL HIGH SCHOOL PO BOX 490 STILLWATER,B4753,Stillwater Senior High School 334 Hudson Ave Stillwater,0.9107649
A569,PS 9 RYER AVENUE ELEMENTARY SCHOOL 230 E 183RD ST BRONX,B3832,P.S. 9 Ryer Avenue Elementary School 230 East 183 Street Bronx,0.9107585
A2021,BUFFALO CREEK ACADEMY CHARTER SCHOOL 528 SOUTH PARK BUFFALO,B4551,South Buffalo Charter School 154 South Ogden Street Buffalo,0.9106066
A4586,WARWICK VALLEY HIGH SCHOOL PO BOX 595 WARWICK,B5189,Warwick Valley Middle School 225 West St Warwick,0.91058373
A3195,ELBRIDGE ELEMENTARY SCHOOL PO BOX 170 ELBRIDGE,B1265,Elbridge Elementary School 130 East Main Street Elbridge,0.91051143
A3522,CENTRAL VALLEY ELEMENTARY SCHOOL 45 RT 32 CENTRAL VALLEY,B5287,West Valley Central School 5359 School St West Valley,0.9105047
A640,PS 178 DR SELMAN WAKSMAN 850 BAYCHESTER AVE BRONX,B4109,Ps 536 1827 Archer Street Bronx,0.91047543
A4172,GREENFIELD ELEMENTARY SCHOOL 3180 RT 9N GREENFIELD CENTER,B1710,Greenfield Center Elem School 3180 Route 9n Greenfld Ctr,0.9104521
A2414,CATO-MERIDIAN ELEMENTARY SCHOOL 2851 STATE RTE 370 CATO,B748,Cato-Meridian Sr High School 2851 Route 370 Cato,0.910403
A578,JHS 80 MOSHOLU PARKWAY (THE) 149 E MOSHOLU PKWY NORTH BRONX,B2180,J.H.S. 080 The Mosholu Parkway 149 East  Mosholu Pkwy Bronx,0.91038626
A4493,ANDREW J SMITH ELEMENTARY SCHOOL PO BOX 760 UNION SPRINGS,B152,Andrew J Smith Elem School 26 Homer St Union Springs,0.91032386
A3914,EASTPLAIN SCHOOL 301 N DELAWARE AVE N MASSAPEQUA,B1228,Eastplain Elementary School Michigan Ave Massapequa,0.9103211
A3161,ITHACA SENIOR HIGH SCHOOL 1401 N CAYUGA ST ITHACA,B762,Cayuga Heights Elementary Sch 110 E Upland Rd Ithaca,0.91030246
A1987,CITIZENSHIP AND SCIENCE ACADEMY OF SYRACUSE CHARTER SCHOOL 301 VALLEY DR SYRACUSE,B4789,Syracuse Academy Of Science And Citizenship Charter School 301 Valley Drive Syracuse,0.9102213
A576,PS 310 MARBLE HILL 260 W KINGSBRIDGE RD BRONX,B4109,Ps 536 1827 Archer Street Bronx,0.9102056
A4071,HEWITT SCHOOL 446 HEMPSTEAD AVE ROCKVILLE CENTRE,B1882,Hewitt Elementary School 446 Demott Ave Rockville Ctr,0.9101664
A4551,LEPTONDALE ELEMENTARY SCHOOL PO BOX 310 WALLKILL,B2457,Leptondale Elementary School 94 Mill St Wallkill,0.909984
A1490,PS/MS 114 BELLE HARBOR 134-01 CRONSTON AVE ROCKAWAY PARK,B3201,P.S. / M.S. 114 Belle Harbor 134-01 Cronston Avenue Rockaway Park,0.9098504
A1657,PS 186 DR IRVING A GLADSTONE 7601 19TH AVE BROOKLYN,B3625,P.S. 186 Dr. Irving A Gladstone 7601 19 Avenue Brooklyn,0.90983176
A4061,EAST LOWER SCHOOL 1801 E MAIN ST ROCHESTER,B1220,East Sr High School 1801 Main St E Rochester,0.9098091
A2354,RICHARD H O'ROURKE MIDDLE SCHOOL 173 LAKEHILL RD BURNT HILLS,B4212,Richard H O'Rourke Middle Sch 173 Lakehill Rd Burnt Hills,0.90977955
A713,PS 67 MOHEGAN SCHOOL 2024 MOHEGAN AVE BRONX,B3378,P.S. 067 Mohegan School 2024 Mohegan Avenue Bronx,0.9097252
A2445,VERONICA E CONNOR MIDDLE SCHOOL 1100 RANSOM RD GRAND ISLAND,B5120,Veronica E. Connor Middle Sch 1100 Ransom Rd Grand Island,0.90972376
A4043,AUSTIN STEWARD ELEMENTARY SCHOOL 46 250 NEWCASTLE RD ROCHESTER,B1312,Elementary School 46 250 Newcastle Rd Rochester,0.9096595
A458,MS 301 PAUL L DUNBAR 890 CAULDWELL AVE BRONX,B2588,M.S. 301 Paul L. Dunbar 890 Cauldwell Ave Bronx,0.9095423
A3377,MADRID-WADDINGTON ELEMENTARY SCHOOL PO BOX 67 MADRID,B2617,Madrid-Waddington Elementary School Route 345 Madrid,0.9095121
A2395,ORVILLE A TODD MIDDLE SCHOOL 11 CROFT RD POUGHKEEPSIE,B3083,O A Todd Middle School 11 Croft Rd Poughkeepsie,0.9094731
A4615,WAYNE CENTRAL PRIMARY SCHOOL PO BOX 155 ONTARIO CENTER,B5237,Wayne Primary School 1730 Ridge Road Ontario Center,0.9094566
A2135,AVOCA CENTRAL SCHOOL PO BOX G AVOCA,B214,Avoca Central School 17 Oliver St # 29 Avoca,0.909397
A4736,WILSON MIDDLE/HIGH SCHOOL PO BOX 648 WILSON,B5380,Wilson High School 374 Lake St # 380 Wilson,0.9093876
A4084,LOUIS V DENTI ELEMENTARY SCHOOL 1001 RUBY ST ROME,B2545,Louis Denti Elementary School 1001 Ruby St Rome,0.90937144
A2616,DRYDEN MIDDLE SCHOOL PO BOX 88 DRYDEN,B1138,Dryden Elementary School 36 Union Street Dryden,0.9091934
A719,PS 195 1250 WARD AVE BRONX,B4109,Ps 536 1827 Archer Street Bronx,0.9091734
A4720,WILLIAMSON SENIOR HIGH SCHOOL PO BOX 900 WILLIAMSON,B5368,Williamson Senior High School 5891 Route 21 Williamson,0.90911174
A2741,FABIUS-POMPEY MIDDLE SCHOOL HIGH SCHOOL 1211 MILL ST FABIUS,B1392,Fabius Jr-Sr High School 1211 Mill St Fabius,0.90908945
A251,PS 75 EMILY DICKINSON 735 WEST END AVE NEW YORK,B3390,P.S. 075 Emily Dickinson 735 W End Ave Manhattan,0.90906143
A3641,GARDNERTOWN LEADERSHIP  ACADEMY ELEMENTARY SCHOOL 6 PLATTEKILL TPKE NEWBURGH,B1563,Gardnertown Leadership Academy 6 Plattekill Tpke Newburgh,0.9090461
A501,PS 110 THEODORE SCHOENFELD 580 CROTONA PARK S BRONX,B4109,Ps 536 1827 Archer Street Bronx,0.9089999
A1632,UNCOMMON WILLIAMSBURG CHARTER SCHOOL NYC 157 WILSON ST-4TH FL BROOKLYN,B4931,The Williamsburg Charter School 198 Varet Street Brooklyn,0.9088335
A4058,ROCHESTER EARLY COLLEGE INTERNATIONAL HIGH SCHOOL 85 ADAMS ST ROCHESTER,B3014,North East College Prep High School 940 Fernwood Park Rochester,0.9087732
A710,PS 47 JOHN RANDOLPH 1794 E 172ND ST BRONX,B3331,P.S. 047 John Randolph 1794 East 172 Street Bronx,0.90873843
A3773,ODESSA-MONTOUR JUNIOR/SENIOR HIGH SCHOOL 300 COLLEGE AVE ODESSA,B3102,Odessa-Montour Ms/Hs 300 College Ave Odessa,0.90873647
A4065,FRANKLIN LOWER SCHOOL 950 NORTON ST ROCHESTER,B351,Benjamin Franklin High School 950 Norton St Rochester,0.9086393
A2164,GORDON CREEK ELEMENTARY SCHOOL 50 WOOD RD BALLSTON SPA,B264,Ballston Spa Middle School 10 Wood Rd Ballston Spa,0.9085656
A419,PS 157 GROVE HILL 757 CAULDWELL AVE BRONX,B4109,Ps 536 1827 Archer Street Bronx,0.90850544
A266,MS 243 CENTER SCHOOL 100 W 84TH ST NEW YORK,B2580,M.S. 243 Center School 100 W 84th St New York,0.9083833
A515,PS 204 MORRIS HEIGHTS 1780 DR M L KING JR BLVD BRONX,B4109,Ps 536 1827 Archer Street Bronx,0.90837264
A1337,WILLIAMSBURG HIGH SCHOOL OF ART AND TECHNOLOGY (THE) 223 GRAHAM AVE BROOKLYN,B5363,Williamsburg High School For Architecture And Design 257 N 6th Street Brooklyn,0.9083538
A487,PS 170 1598 TOWNSEND AVE BRONX,B4113,Ps X469 3177 Webster Ave Bronx,0.9083476
A2105,ANDOVER HIGH SCHOOL 31-35 ELM ST ANDOVER,B151,Andover Central School 31 Elm St Andover,0.90822566
A1645,PS/IS 104 FORT HAMILTON SCHOOL (THE) 9115 5TH AVE BROOKLYN,B3889,P.S./I.S. 104 The Fort Hamilton School 9115 5 Avenue Brooklyn,0.9082093
A3973,PUTNAM CENTRAL SCHOOL PO BOX 91 PUTNAM STATION,B4127,Putnam Central School Lower Rd Putnam Station,0.90817815
A433,BRONX  LEGACY HIGH SCHOOL 730 CONCOURSE VILLAGE BRONX,B513,Bronx Community High School 1980 Lafayette Ave Bronx,0.9080938
A720,PS 196 1250 WARD AVE BRONX,B4109,Ps 536 1827 Archer Street Bronx,0.90808076
A930,PS 66 845 E 96TH ST BROOKLYN,B4111,Ps 936 270 59th Street Brooklyn,0.90806603
A1151,QUEENS PREPARATORY ACADEMY 143-10 SPRINGFIELD BLVD SPRINGFIELD GARDENS,B4144,Queens Preparatory Academy 143-10 Springfield Boulevard Queens,0.9080231
A1485,PS 100 GLEN MORRIS 111-11 118TH ST SOUTH OZONE PARK,B3439,P.S. 100 Glen Morris 11111 118th St South Ozone Park,0.9079543
A3138,MAIN STREET SCHOOL SCHOOL (4-5) 101 MAIN ST IRVINGTON,B2628,Main Street School 101 Main Street Irvington,0.9076553
A1739,PS 194 RAOUL WALLENBERG 3117 AVE W BROOKLYN,B3640,P.S. 194 Raoul Wallenberg 3117 Avenue W Brooklyn,0.90763295
A1743,PS 206 JOSEPH F LAMB 2200 GRAVESEND NECK RD BROOKLYN,B3669,P.S. 206 Joseph F Lamb 2201 Gravesend Neck Rd Brooklyn,0.90762913
A4789,YONKERS EARLY CHILDHOOD ACADEMY 160 BOLMER AVE YONKERS,B5453,Yonkers Montessori Academy 160 Woodlawn Ave Yonkers,0.90760154
A1600,PS 231 5601 16TH AVE BROOKLYN,B4111,Ps 936 270 59th Street Brooklyn,0.9075295
A876,PS 189 BILINGUAL CENTER (THE) 1100 E NEW YORK AVE BROOKLYN,B3630,P.S. 189 The Bilingual Center 1100 East New York Avenue Brooklyn,0.90744853
A4819,MONROE 2-ORLEANS BOCES 3599 BIG RIDGE RD SPENCERPORT,B2826,Monroe 2 Orleans Boces 3589 Big Ridge Rd Spencerport,0.9073218
A1606,PS 140 141 MACON ST BROOKLYN,B4111,Ps 936 270 59th Street Brooklyn,0.90730494
A800,MS 51 WILLIAM ALEXANDER 350 5TH AVE BROOKLYN,B2597,M.S. 51 William Alexander 350 5th Ave Brooklyn,0.90729594
A1461,WORLD JOURNALISM PREPARATORY:  A COLLEGE BOARD SCHOOL 34-65 192ND ST FLUSHING,B5417,World Journalism Preparatory:  A College Board School 34-65 192 Street Queens,0.90728074
A4668,NORTHWOOD ELEMENTARY SCHOOL 250 NORTHWOOD AVE WEST SENECA,B3059,Northwood Elementary School 250 Northwood Ave Buffalo,0.9072119
A2194,BEAVER RIVER ELEMENTARY SCHOOL PO BOX 179 BEAVER FALLS,B308,Beaver River Middle School 9508 Artz Road Beaver Falls,0.90713537
A4651,WEST GENESEE INTERMEDIATE SCHOOL 500 SANDERSON DR CAMILLUS,B5264,West Genesee Middle School 500 Sanderson Dr Camillus,0.9071326
A1526,HAWTREE CREEK MIDDLE SCHOOL 121-10 ROCKAWAY BLVD SOUTH OZONE PARK,B1829,Hawtree Creek Middle School 121-10 Rockaway Boulevard Queens,0.907059
A3471,NEW HAVEN ELEMENTARY SCHOOL PO BOX 119 NEW HAVEN,B2954,New Haven Elementary School 4320 State Route 104 New Haven,0.9069597
A1397,PS 150 CHRISTOPHER 364 SACKMAN ST BROOKLYN,B4111,Ps 936 270 59th Street Brooklyn,0.9069403
A4042,SCHOOL 42-ABELARD REYNOLDS 3330 LAKE AVE ROCHESTER,B1309,Elementary School 42 3330 Lake Ave Rochester,0.90681344
A496,PS 114 LUIS LLORENS TORRES SCHOOL 1155 CROMWELL AVE BRONX,B3878,P.S. X114 - Luis Llorens Torres Schools 1155 Cromwell Ave Bronx,0.9067171
A3096,J TAYLOR FINLEY MIDDLE SCHOOL PO BOX 1500 HUNTINGTON,B1428,Finley Middle School 20 Greenlawn Rd Huntington,0.9066804
A549,NEW AMERICAN ACADEMY AT ROBERTO CLEMENTE STATE PARK (THE) 275 HARLEM RIVER PARK BRIDGE BRONX,B4889,The New American Academy At Roberto Clemente State Park 275 Harlem River Park Brg Bronx,0.90666306
A4857,SOUTH SHORE CHARTER SCHOOL PO BOX 802 CENTRAL ISLIP,B4570,South Shore Charter School 82 Carleton Ave Central Islip,0.9066143
A192,RICHARD R GREEN HIGH SCHOOL OF TEACHING 7 BEAVER ST NEW YORK,B4215,Richard R. Green High School Of Teaching 26 Broadway Manhattan,0.9065333
A4040,SCHOOL 35-PINNACLE 194 FIELD ST ROCHESTER,B4403,School # 45 - Northeast 1445 Clifford Ave Rochester,0.9064942
A262,PS 199 JESSIE ISADOR STRAUS 270 W 70TH ST NEW YORK,B3653,P.S. 199 Jessie Isador Straus 270 W 70th St New York,0.9063706
A279,URBAN ASSEMBLY SCHOOL FOR MEDIA STUDIES 122 AMSTERDAM AVE NEW YORK,B5060,"Urban Assembly School For Media Studies, The 122 Amsterdam Avenue Manhattan",0.9063483
A1077,PS 82 HAMMOND 88-02 144TH ST JAMAICA,B3400,P.S. 082 Hammond 8802 144th St Jamaica,0.9063353
A2905,GREECE COMMUNITY EARLY LEARNING CENTER 1010 ENGLISH RD ROCHESTER,B1172,Early Learning Center 1010 English Rd Rochester,0.9062823
A974,BROOKLYN SCHOOL FOR MATH AND RESEARCH (THE) 400 IRVING AVE BROOKLYN,B4842,The Brooklyn School For Math And Research 400 Irving Avenue Brooklyn,0.9062643
A348,KIPP STAR COLLEGE PREP CHARTER SCHOOL 433 W 123RD ST-4TH FL NEW YORK,B2364,Kipp Infinity Charter School 625 W 133 St Rm 261 New York,0.90624595
A1667,PS 247 7000 21ST AVE BROOKLYN,B4111,Ps 936 270 59th Street Brooklyn,0.9060777
A4630,WEBUTUCK ELEMENTARY SCHOOL PO BOX 400 AMENIA,B5243,Webutuck Elementary School Haight Rd Amenia,0.90601295
A436,JHS 131 ALBERT EINSTEIN 885 BOLTON AVE BRONX,B2168,J.H.S.  131 Albert Einstein 885 Bolton Ave Bronx,0.9059939
A857,MS 267 MATH SCIENCE & TECHNOLOGY 800 GATES AVE BROOKLYN,B2586,"M.S. 267 Math, Science & Technology 800 Gates Avenue Brooklyn",0.9059291
A820,BOERUM HILL SCHOOL FOR INTERNATIONAL STUDIES (THE) 284 BALTIC ST BROOKLYN,B4417,School For International Studies 284 Baltic Street Brooklyn,0.90590984
A3615,LENAPE ELEMENTARY SCHOOL 196 MAIN ST NEW PALTZ,B2451,Lenape  Elementary School 1 Eugene L Brown Dr New Paltz,0.9058421
A1396,PS 137 RACHEL JEAN MITCHELL 121 SARATOGA AVE BROOKLYN,B3891,P.S./I.S. 137 Rachel Jean Mitchell 121 Saratoga Ave Brooklyn,0.9057407
A3971,PULASKI ELEMENTARY SCHOOL 2 HINMAN RD PULASKI,B4124,Pulaski Jr-Sr High School 4624 Salina St Pulaski,0.90573907
A1284,FORT HILL COLLABORATIVE ELEMENTARY SCHOOL 195 DANIEL LOW TER STATEN ISLAND,B1474,Fort Hill Collaborative Elementary School 80 Monroe Avenue Staten Island,0.9056679
A1231,PS 11 THOMAS DONGAN SCHOOL 85 GARRETSON AVE STATEN ISLAND,B3464,P.S. 11 Thomas Dongan School 50 Jefferson St Staten Island,0.90559953
A2613,DOVER MIDDLE SCHOOL 2368 RT 22 DOVER PLAINS,B1121,Dover Jr-Sr High School 2368 New York 22 Dover Plains,0.9055664
A846,PS 25 EUBIE BLAKE SCHOOL 787 LAFAYETTE AVE BROOKLYN,B3270,P.S. 025 Eubie Blake School 787 Lafayette Ave Brooklyn,0.90552473
A161,PS 111 ADOLPH S OCHS 440 W 53RD ST NEW YORK,B3468,P.S. 111 Adolph S. Ochs 440 W 53rd St Manhattan,0.9054259
A3283,NORTH WARREN CENTRAL SCHOOL 6110 STATE RT 8 CHESTERTOWN,B3039,North Warren Es Ms Hs 6110 State Route 8 Chestertown,0.9053844
A1603,PS 176 750 BAYCHESTER AVE BRONX,B4109,Ps 536 1827 Archer Street Bronx,0.90535253
A3943,THOMAS A EDISON SCHOOL 132 RECTORY ST PORT CHESTER,B1241,Edison Elementary School Rectory Street Port Chester,0.90532094
A1107,METROPOLITAN EXPEDITIONARY LEARNING SCHOOL 91-30 METROPOLITAN AVE FOREST HILLS,B2762,Metropolitan Expeditionary Learning School 91-30 Metropolitan Avenue Queens,0.90525115
A580,PS 86 KINGSBRIDGE HEIGHTS 2756 RESERVOIR AVE BRONX,B4109,Ps 536 1827 Archer Street Bronx,0.90520775
A2960,HAMMOND CENTRAL SCHOOL PO BOX 185 HAMMOND,B1768,Hammond Central School 51 S Main Street Hammond,0.9051871
A2698,ELBA ELEMENTARY SCHOOL PO BOX 370 ELBA,B1262,Elba Central Elementary School 57 S Main St Elba,0.90506315
A1595,PS  4 923 JEROME ST BROOKLYN,B4111,Ps 936 270 59th Street Brooklyn,0.90498286
A220,QUEST TO LEARN 351 W 18TH ST NEW YORK,B4154,Quest To Learn 351 West 18 Street Manhattan,0.90489376
A3767,SCHOOL 8 3252 FULTON AVE OCEANSIDE,B3098,Oceanside Middle School 186 Alice Ave Oceanside,0.9048881
A183,PS 234 INDEPENDENCE SCHOOL 292 GREENWICH ST NEW YORK,B3708,P.S. 234 Independence School 292 Greenwich Street Manhattan,0.9048753
A4023,JAMES MONROE UPPER SCHOOL 164 ALEXANDER ST ROCHESTER,B2827,Monroe Middle School 164 Alexander St Rochester,0.90485
A3152,MAUD S SHERWOOD ELEMENTARY SCHOOL 301 SMITH AVE ISLIP,B4497,Sherwood Elementary School Smith Ave Islip,0.9048406
A3197,JORDAN-ELBRIDGE MIDDLE SCHOOL PO BOX 902 JORDAN,B2307,Jordan Elbridge Middle School 9 N Chappell Street Jordan,0.9046998
A847,PS 26 JESSE OWENS 1014 LAFAYETTE AVE BROOKLYN,B3271,P.S. 026 Jesse Owens 1014 Lafayette Ave Brooklyn,0.90459704
A1178,ALBERT SHANKER SCHOOL FOR VISUAL AND PERFORMING ARTS 31-51 21ST ST LONG ISLAND CITY,B111,Albert Shanker School For Visual And Performing Arts 31-51 21 Street Queens,0.90425706
A3346,ANN MACARTHUR PRIMARY 100 RYEFIELD RD LOCUST VALLEY,B156,Ann M Macarthur Primary School 100 Ryefield Road Locust Valley,0.904232
A4792,YORK CENTRAL ELEMENTARY SCHOOL PO BOX 102 RETSOF,B5454,York Central Elementary School 2578 Genessee Street Retsof,0.90422237
A332,PS 200 JAMES MCCUNE SMITH SCHOOL (THE) 2589 7TH AVE NEW YORK,B3658,P.S. 200-The James Mccune Smith School 2589 7 Avenue Manhattan,0.90417886
A1858,CHOICE CHARTER SCHOOL 423 E 138TH ST BRONX,B542,Bronx Preparatory Charter School 3872 3rd Ave Bronx,0.904134
A1330,PS 380 JOHN WAYNE ELEMENTARY 370 MARCY AVE BROOKLYN,B3801,P.S. 380 John Wayne Elementary 370 Marcy Ave Brooklyn,0.90410197
A4629,WEBUTUCK HIGH SCHOOL PO BOX 405 AMENIA,B5244,Webutuck High School Haight Rd Amenia,0.90410084
A3893,CIRCLEVILLE MIDDLE SCHOOL PO BOX 143 CIRCLEVILLE,B876,Circleville Middle School Rt 302 Circleville,0.90409595
A4617,WAYNE SENIOR HIGH SCHOOL PO BOX 155 ONTARIO CENTER,B5238,Wayne Senior High School 6200 Ontario Center Road Ontario Center,0.9040687
A3105,HAVILAND MIDDLE SCHOOL PO BOX 721 HYDE PARK,B1826,Haviland Middle School 20 Haviland Rd Hyde Park,0.90395266
A492,PS 42 CLAREMONT 1537 WASHINGTON AVE BRONX,B4109,Ps 536 1827 Archer Street Bronx,0.9039152
A3955,MANORHAVEN ELEMENTARY SCHOOL MOREWOOD OAKS PORT WASHINGTON,B2660,Manorhaven Elementary School 12 Morewood Oaks Port Washingtn,0.9038998
A809,PS 169 SUNSET PARK 4305 7TH AVE BROOKLYN,B4111,Ps 936 270 59th Street Brooklyn,0.90387124
A3712,KARL W SAILE BEAR ROAD ELEMENTARY SCHOOL 5590 BEAR RD NORTH SYRACUSE,B307,Bear Road Elementary School 5590 Bear Rd Syracuse,0.9038249
A651,PS 87 1935 BUSSING AVE BRONX,B4109,Ps 536 1827 Archer Street Bronx,0.9037882
A1241,PS 26 CARTERET SCHOOL (THE) 4108 VICTORY BLVD STATEN ISLAND,B3273,P.S. 026 The Carteret School 4108 Victory Blvd Staten Island,0.9037089
A408,PS 154 JONATHAN D HYATT 333 E 135TH ST BRONX,B4109,Ps 536 1827 Archer Street Bronx,0.90364367
A1758,PS 134 4001 18TH AVE BROOKLYN,B4111,Ps 936 270 59th Street Brooklyn,0.9036234
A2208,MAPLE GROVE JUNIOR/SENIOR HIGH SCHOOL PO BOX 468 BEMUS POINT,B2664,Maple Grove Jr-Sr High School 3980 Dutch Hollow Rd Bemus Point,0.903613
A2594,DELEVAN ELEMENTARY SCHOOL PO BOX 217 DELEVAN,B1070,Delevan Elementary School 30 School St Delevan,0.90357983
A3427,MCKENNA ELEMENTARY SCHOOL 210 SPRUCE ST MASSAPEQUA PARK,B2293,John P Mckenna Elem School 210 Spruce St Massapequa Pk,0.90357715
A24,SARANAC ELEMENTARY SCHOOL PO BOX 8 SARANAC,B4367,Saranac Elementary School 18 Picketts Corners Road Saranac,0.903546
A1661,PS 204 VINCE LOMBARDI 8101 15TH AVE BROOKLYN,B3664,P.S. 204 Vince Lombardi 8101 15 Avenue Brooklyn,0.9033474
A108,PS 110 FLORENCE NIGHTINGALE 285 DELANCEY ST NEW YORK,B3465,P.S. 110 Florence Nightingale 285 Delancey St Manhattan,0.90329415
A2052,ARBOR HILL ELEMENTARY SCHOOL 1 ARBOR DR ALBANY,B166,Arbor Hill Elem. School 1 Arbor Dr Albany,0.9031762
A2339,ACADEMY SCHOOL 756 ST LAWRENCE AVE BUFFALO,B4551,South Buffalo Charter School 154 South Ogden Street Buffalo,0.9031455
A2733,ANN G MCGUINNESS ELEMENTAR SCHOOL 1301 UNION CENTER MAIN HWY ENDICOTT,B155,Ann G Mcguinness Inter School 1301 Union Center Maine Hwy Endicott,0.90306515
A3503,ALDEN PLACE ELEMENTARY SCHOOL PO BOX AA MILLBROOK,B115,Alden Place Elementary School Alden Place Millbrook,0.9029983
A667,MS 180 DR DANIEL HALE WILLIAMS 700 BAYCHESTER AVE BRONX,B2577,M.S. 180 Dr. Daniel Hale Williams 700 Baychester Avenue Bronx,0.9029397
A646,PS 41 GUN HILL ROAD 3352 OLINVILLE AVE BRONX,B4109,Ps 536 1827 Archer Street Bronx,0.9029367
A27,WILLIAM H GOLDING MIDDLE SCHOOL 193 GOLDING DR COBLESKILL,B5352,William H. Golding Middle School Washington Heights Cobleskill,0.9029055
A1654,PS 179 KENSINGTON 202 AVE C BROOKLYN,B3611,P.S. 179 Kensington 202 Avenue C Brooklyn,0.90286285
A1583,PS 370 3000 W 1ST ST BROOKLYN,B4111,Ps 936 270 59th Street Brooklyn,0.90283656
A2892,BROOKSIDE ELEMENTARY SCHOOL CAMPUS 1144 LONG POND RD ROCHESTER,B610,Brookside Es Campus 1144 Long Pond Rd Rochester,0.9025964
A524,PS 63 AUTHOR'S ACADEMY 1260 FRANKLIN AVE BRONX,B3369,P.S. 063 Author'S Academy 1260 Franklin Ave Bronx,0.90238035
A1695,PS 128 BENSONHURST 2075 84TH ST BROOKLYN,B4111,Ps 936 270 59th Street Brooklyn,0.9023454
A1011,INTERNATIONAL HIGH SCHOOL AT LAGUARDIA COMMUNITY COLLEGE 45-35 VAN DAM ST LONG ISLAND CITY,B2127,International High School At Laguardia Community College 45-35 Van Dam Street Queens,0.9022703
A453,PS 146 EDWARD COLLINS 968 CAULDWELL AVE BRONX,B4109,Ps 536 1827 Archer Street Bronx,0.9022671
A4076,WILSON SCHOOL 25 BUCKINGHAM RD ROCKVILLE CENTRE,B5378,Wilson Elementary School 25 Buckingham Rd Rockville Ctr,0.9022432
A2119,TRAVER ROAD PRIMARY SCHOOL 801 TRAVER RD PLEASANT VALLEY,B4987,Traver Road Primary School 16 Traver Rd Pleasant Vly,0.90216243
A784,BROOKLYN COMMUNITY ARTS AND MEDIA HIGH SCHOOL (BCAM) 300 WILLOUGHBY AVE BROOKLYN,B580,Brooklyn High School For The Arts 345 Dean St. Brooklyn,0.90215755
A680,NORTH BRONX SCHOOL OF EMPOWERMENT 3710 BARNES AVE BRONX,B514,Bronx Community School 1232 Southern Blvd Bronx,0.90212184
A254,PS 87 WILLIAM SHERMAN 160 W 78TH ST NEW YORK,B3410,P.S. 087 William Sherman 160 W 78th St Manhattan,0.90198153
A3733,NORTHERN ADIRONDACK ELEMENTARY SCHOOL PO BOX 164 ELLENBURG DEPOT,B2907,N Adirondack Elementary School 5572 Rt 11 Ellenburg,0.9019599
A587,PS/IS 54 2703 WEBSTER AVE BRONX,B4113,Ps X469 3177 Webster Ave Bronx,0.90193665
A356,PS 28 WRIGHT BROTHERS 475 W 155TH ST NEW YORK,B3276,P.S. 028 Wright Brothers 475 West 155 Street Manhattan,0.9017544
A375,MOTT HALL SCHOOL (THE) 401 W 164TH ST NEW YORK,B4888,The Mott Hall School 71 Convent Ave # 111 New York,0.90167457
A3246,LAKE PLACID JUNIOR-SENIOR HIGH SCHOOL 34 SCHOOL ST LAKE PLACID,B2402,Lake Placid Jr & Sr High Sch 250 Main St Lake Placid,0.9015735
A4306,SOMERS SENIOR HIGH SCHOOL PO BX 640 LINCOLNDALE,B4532,Somers High School 120 Primrose Street Lincolndale,0.90156716
A659,PS 111 SETON FALLS 3740 BAYCHESTER AVE BRONX,B4109,Ps 536 1827 Archer Street Bronx,0.9014822
A980,NEWTOWN HIGH SCHOOL 48-01 90TH ST ELMHURST,B2995,Newtown High School 4801 90th St Queens,0.9014075
A1723,LEADERS HIGH SCHOOL 2630 BENSON AVE BROOKLYN,B128,All City Leadership Secondary School 321 Palmetto Street Brooklyn,0.90132934
A1549,NEW YORK CITY CHILDREN'S CENTER 74-03 COMMONWEALTH BLVD BELLEROSE,B2650,Manhattan Early Childhood Center 554 Fort Washington Avenue New York,0.90114295
A1668,JHS 259 WILLIAM MCKINLEY 7305 FT HAMILTON PKWY BROOKLYN,B2208,J.H.S. 259 William Mckinley 7301 Ft Hamilton Parkway Brooklyn,0.9011278
A1566,PS 721 STEPHEN MCSWEENEY SCHOOL 2697 WESTCHESTER AVE BRONX,B3884,P.S. X721 - Stephen Mcsweeney School 2697 Westchester Avenue Bronx,0.901092
A459,MS 302 LUISA DESSUS CRUZ 681 KELLY ST BRONX,B2589,M.S. 302 Luisa Dessus Cruz 681 Kelly Street Bronx,0.90076923
A1569,PS 811 MICKEY MANTLE SCHOOL 466 W END AVE NEW YORK,B3857,P.S. M811 - Mickey Mantle School 466 West End Avenue Manhattan,0.90062255
A873,PS 138 760 PROSPECT PL BROOKLYN,B4111,Ps 936 270 59th Street Brooklyn,0.9005331
A454,PS 152 EVERGREEN 1007 EVERGREEN AVE BRONX,B4109,Ps 536 1827 Archer Street Bronx,0.90048456
A810,PS 172 BEACON SCHOOL OF EXCELLENCE 825 4TH AVE BROOKLYN,B3598,P.S. 172 Beacon School Of Excellence 825 4th Ave Brooklyn,0.90043044
A1570,PS 368 70 TOMPKINS AVE BROOKLYN,B4111,Ps 936 270 59th Street Brooklyn,0.900422
A657,PS 106 PARKCHESTER 1514 OLMSTEAD AVE BRONX,B4109,Ps 536 1827 Archer Street Bronx,0.9003819
A3467,NORMAN J LEVY LAKESIDE SCHOOL 21 BABYLON RD MERRICK,B3007,Norman S Levy-Lakeside Elementary School Merrick And Babylon Rds Merrick,0.9003445
A513,PS 199 SHAKESPEARE SCHOOL (THE) 1449 SHAKESPEARE AVE BRONX,B3655,P.S. 199x - The Shakespeare School 1449 Shakespeare Ave. Bronx,0.90034395
A717,PS 150 CHARLES JAMES FOX 920 E 167TH ST BRONX,B3547,P.S. 150 Charles James Fox 920 East 167 Street Bronx,0.9003239
A1331,PS 319 360 KEAP ST BROOKLYN,B4111,Ps 936 270 59th Street Brooklyn,0.9002924
A727,BRONX LATIN SCHOOL 800 HOME ST BRONX,B510,Bronx Collaborative High School 100 West Mosholu Parkway South Bronx,0.9002117
A665,PS 160 WALT DISNEY 4140 HUTCHNSN RVR PKWY E BRONX,B3573,P.S. 160 Walt Disney 4140 Hutchinson River Pkway Ea Bronx,0.9001769
A877,PS 191 PAUL ROBESON 1600 PARK PL BROOKLYN,B3634,P.S. 191 Paul Robeson 1600 Park Place Brooklyn,0.9001602
A1322,PS 196 TEN EYCK 207 BUSHWICK AVE BROOKLYN,B3646,P.S. 196 Ten Eyck 207 Bushwick Ave Brooklyn,0.9000762
A3083,SACKETS HARBOR CENTRAL SCHOOL PO BOX 290 SACKETS HARBOR,B4335,Sackets Harbor Central School 215 S. Broad Street Sackets Harbor,0.9000695
A3765,SCHOOL 3 2852 FORTESQUE AVE OCEANSIDE,B3092,Oaks Elementary School 2852 Fortesque Ave Oceanside,0.89991295
A1599,PS 141 655 PARKSIDE AVE BROOKLYN,B4111,Ps 936 270 59th Street Brooklyn,0.8998999
A4585,PARK AVENUE ELEMENTARY SCHOOL PO BOX 595 WARWICK,B3931,Park Avenue Elementary School 10 Park Avenue Warwick,0.8998754
A1125,CYNTHIA JENKINS SCHOOL 179-37 137TH AVE JAMAICA,B1037,Cynthia Jenkins School 179-37 137 Avenue Queen,0.89982086
A269,LAFAYETTE ACADEMY 154 W 93RD ST NEW YORK,B2390,La Salle Academy 44 E 2nd Street New York,0.89980686
A856,PS 335 GRANVILLE T WOODS 130 ROCHESTER AVE BROOKLYN,B3782,P.S. 335 Granville T. Woods 130 Rochester Ave Brooklyn,0.89978886
A1431,PS 22 THOMAS JEFFERSON 153-33 SANFORD AVE FLUSHING,B3262,P.S. 022 Thomas Jefferson 153-33 Sanford Ave Flushing,0.8996204
A4094,RONDOUT VALLEY HIGH SCHOOL PO BOX 9 ACCORD,B4294,Rondout High School 122 Kyserike Rd Accord,0.8995862
A3049,HAROLD O BRUMSTED ELEMENTARY SCHOOL 173 CANADA ST HOLLAND,B1800,Harold O Brumsted Elem School Canada St Holland,0.8995558
A3827,OXFORD ACADEMY PRIMARY SCHOOL PO BOX 192 OXFORD,B3188,Oxford Academy Primary School 50 South Washington Ave Oxford,0.8993796
A491,PS 35 FRANZ SIEGEL 261 E 163RD ST BRONX,B4109,Ps 536 1827 Archer Street Bronx,0.8993492
A1232,PS 13 M L LINDEMEYER 191 VERMONT AVE STATEN ISLAND,B4110,Ps 78 100 Tompkins Ave Staten Island,0.8993302
A1436,PS 107 THOMAS A DOOLEY 167-02 45TH AVE FLUSHING,B3457,P.S. 107 Thomas A Dooley 16702 45th Ave Flushing,0.8993098
A4691,WESTMORELAND UPPER ELEMENTARY SCHOOL PO BOX 430 WESTMORELAND,B5308,Westmoreland Elementary School Rr 233 Westmoreland,0.89920187
A165,PS 130 HERNANDO DE SOTO 143 BAXTER ST NEW YORK,B3509,P.S. 130 Hernando De Soto 143 Baxter Street Manhattan,0.8991453
A1466,VERITAS ACADEMY 35-01 UNION ST FLUSHING,B5116,Veritas Academy 35-01 Union Street Queens,0.8991319
A3833,PALMYRA-MACEDON PRIMARY SCHOOL 120 CANANDAIGUA ST PALMYRA,B3921,Palmyra Macedon Intermediate School 4 West St Macedon,0.8990826
A1411,KAPPA V (KNOWLEDGE AND POWER PREP ACADEMY) 985 ROCKAWAY AVE BROOKLYN,B2377,Knowledge And Power Preparatory Academy International High School (Kappa) 500 East Fordham Road Bron,0.8990792
A923,PS 235 JANICE MARIE KNIGHT SCHOOL 525 LENOX RD BROOKLYN,B3709,P.S. 235 Janice Marie Knight School 525 Lenox Road Brooklyn,0.8990667
A871,MS 61 DR GLADSTONE H ATWELL 400 EMPIRE BLVD BROOKLYN,B2571,M.S. 061 Dr. Gladstone H. Atwell 400 Empire Boulevard Brooklyn,0.8989979
A4006,RICHFIELD SPRINGS ELEMENTARY SCHOOL PO BOX 631 RICHFIELD SPRINGS,B4217,Richfield Springs Central School 93 Main St Richfield Springs,0.89898944
A596,PS 246 POE CENTER 2641 GRAND CONCOURSE BRONX,B3720,P.S. 246 Poe Center 2641 Grand Concourse Bronx,0.8989532
A4161,SANDY CREEK HIGH SCHOOL PO BOX 248 SANDY CREEK,B4362,Sandy Creek High School 124 Salisbury Street Sandy Creek,0.89891315
A1780,UNCOMMON BED-STUY WEST CHARTER SCHOOL NYC 141 MACON ST-1ST FL BROOKLYN,B316,Bed-Stuy West Elementary School 141 Macon St Brooklyn,0.89887846
A2508,CLYMER CENTRAL SCHOOL PO BOX 580 CLYMER,B910,Clymer Central School 8672 East Main St Clymer,0.89877105
A825,MS 442 CARROLL GARDENS SCHOOL FOR INNOVATION 500 19TH ST BROOKLYN,B2596,M.S. 442 Carroll Gardens School For Innovation 317 Hoyt Street Brooklyn,0.89869857
A1246,PS 32 GIFFORD SCHOOL (THE) 232 BARLOW AVE STATEN ISLAND,B3289,P.S. 032 The Gifford School 32 Elverton Ave Staten Island,0.8986778
A4533,VALLEY STREAM NORTH HIGH SCHOOL 750 HERMAN AVE FRANKLIN SQUARE,B5098,Valley Stream Central High Sch 135 Fletcher Ave Valley Stream,0.8985741
A958,PS 145 ANDREW JACKSON 100 NOLL ST BROOKLYN,B3535,P.S. 145 Andrew Jackson 100 Noll St Brooklyn,0.89853317
A3375,MADISON CENTRAL SCHOOL PO BOX 155 MADISON,B2614,Madison Central School 7303 State Route 20 Madison,0.898471
A977,ROBERT F WAGNER JR SECONDARY SCHOOL FOR ARTS AND TECHNOLOGY 47-07 30TH PL LONG ISLAND CITY,B4251,"Robert F. Wagner, Jr. Secondary School For Arts And Technology 47-07 30th Place Queens",0.8984415
A658,PS 108 PHILIP J ABINANTI 1166 NEILL AVE BRONX,B4109,Ps 536 1827 Archer Street Bronx,0.8983943
A2207,BEMUS POINT ELEMENTARY SCHOOL PO BOX 468 BEMUS POINT,B344,Bemus Elementary School 41 Liberty St Bemus Point,0.8983666
A3555,BEDFORD VILLAGE ELEMENTARY SCHOOL PO BOX 173 BEDFORD,B323,Bedford Village Elem School 45 Court St Bedford,0.89828444
A880,MS 246 WALT WHITMAN 72 VERONICA PL BROOKLYN,B2581,M.S. 246 Walt Whitman 72 Veronica Place Brooklyn,0.8982223
A3547,EDWARD R ANDREWS ELEMENTARY SCHOOL PO BOX 990 MORRISVILLE,B1251,Edward Andrews Elem School 55 Eaton St Morrisville,0.8981148
A2975,HARPURSVILLE JUNIOR-SENIOR HIGH SCHOOL PO BOX 147 HARPURSVILLE,B1801,Harpursville Jr-Sr High School 54 Main Street Harpursville,0.89810437
A2064,STEPHEN AND HARRIET MYERS MIDDLE SCHOOL 100 ELBEL CT ALBANY,B2904,Myers Middle School 100 Elbel Court Albany,0.89809823
A714,JHS 98 HERMAN RIDDER 1619 BOSTON RD BRONX,B2182,J.H.S. 098 Herman Ridder 1619 Boston Road Bronx,0.89801645
A2637,HOWARD L GOFF SCHOOL 35 GILLIGAN RD EAST GREENBUSH,B1645,Goff Middle School 35 Gilligan Rd East Greenbush,0.8979566
A987,PS 71 FOREST 62-85 FOREST AVE RIDGEWOOD,B3386,P.S. 071 Forest 62-85 Forest Ave Ridgewood,0.89791703
A3949,N A HAMILTON BICENTENNIAL SCHOOL 929 RT 209 CUDDEBACKVILLE,B1761,Hamilton Bicentennial Elementary School 929 U.S. 209 Cuddebackville,0.8978774
A970,BROOKLYN SCHOOL FOR SOCIAL JUSTICE (THE) 400 IRVING AVE BROOKLYN,B639,Bushwick School For Social Justice 400 Irving Avenue Brooklyn,0.89778036
A3086,HUDSON JUNIOR HIGH SCHOOL 215 HARRY HOWARD AVE HUDSON,B2009,Hudson Falls High School 80 East Le Barge Street Hudson Falls,0.8977734
A2562,CORNWALL CENTRAL HIGH SCHOOL 10 DRAGON DR NEW WINDSOR,B992,Cornwall Central High School 122 Main St Cornwall,0.8977078
A4764,SAUNDERS TRADES & TECHNICAL HIGH SCHOOL 183 PALMER RD YONKERS,B4380,Saunders Tech High School 183 Palmer Rd Yonkers,0.8977031
A90,MERRICK ACADEMY-QUEENS PUBLIC CHARTER SCHOOL 136-25 218TH ST SPRINGFIELD GARDENS,B2755,Merrick Academy Queens Public Charter School 221-06 Merrick Blvd Laurelton,0.897668
A4495,UNION SPRINGS MIDDLE SCHOOL 239 CAYUGA ST UNION SPRINGS,B5019,Union Springs Cent Junior/High School 239 Cayuga St Union Springs,0.89765894
A1888,DEMOCRACY PREP ENDURANCE CHARTER SCHOOL 1000 WESTCHESTER AVE BRONX,B1077,Democracy Preparatory Charter High School 222 W 134th St New York,0.8975789
A1128,IS 59 SPRINGFIELD GARDENS 132-55 RIDGEDALE ST SPRINGFIELD GARDENS,B2038,I.S. 059 Springfield Gardens 132-55 Ridgedale Street Springfield Gardens,0.89755666
A3851,D B BUNCE ELEMENTARY SCHOOL 7071 YORK RD PAVILION,B1115,Dorothy B Bunce Elem School 7071 York Rd Pavilion,0.8971229
A1150,GEORGE WASHINGTON CARVER HIGH SCHOOL FOR THE SCIENCES 143-10 SPRINGFIELD BLVD SPRINGFIELD GARDENS,B1596,George Washington Carver High School For The Sciences 143-10 Springfield Boulevard Queens,0.8971156
A4341,SOUTHOLD ELEMENTARY SCHOOL PO BOX 470 SOUTHOLD,B4584,Southold Elem School 1120 Oaklawn Ave Southold,0.89707935
A2932,GUILDERLAND HIGH SCHOOL PO BOX 37 GUILDERLAND CENTER,B1742,Guilderland Elementary School 2225 Western Ave Guilderland,0.89698994
A1754,PS 251 PAERDEGAT 1037 E 54TH ST BROOKLYN,B3724,P.S. 251 Paerdegat 1037 E 54th St Brooklyn,0.8969622
A3486,BICYCLE PATH KINDERGARTEN-PRE K CENTER 27 N BICYCLE PATH SELDEN,B384,Bicycle Path Elementary School 27 North Bicycle Path Selden,0.89691174
A3676,BIRCHWOOD ELEMENTARY SCHOOL 897 BIRCHWOOD LN SCHENECTADY,B393,Birchwood Elementary School 897 Birchwood Ln Niskayuna,0.8969084
A1747,JHS 234 ARTHUR W CUNNINGHAM 1875 E 17TH ST BROOKLYN,B2207,J.H.S. 234 Arthur W. Cunningham 1875 E 17th St Brooklyn,0.89687055
A1928,SUCCESS ACADEMY CHARTER SCHOOL - BRONX 4 885 BOLTON AVE-3RD FL BRONX,B507,Bronx Charter School For Excellence 3 And 4 Middle 1160 E 213th S Bronx,0.89684093
A1496,PS 155 130-02 115TH AVE SOUTH OZONE PARK,B3562,P.S. 155 13002 115th Ave South Ozone Park,0.89679265
A806,PS 130 PARKSIDE (THE) 70 OCEAN PKWY BROOKLYN,B4111,Ps 936 270 59th Street Brooklyn,0.89667124
A1756,PS 315 2310 GLENWOOD RD BROOKLYN,B4111,Ps 936 270 59th Street Brooklyn,0.896635
A2379,CANANDAIGUA ACADEMY 435 EAST ST CANANDAIGUA,B679,Canandaigua Academy High Sch 435 East St Canandaigua,0.8966252
A4154,SALEM HIGH SCHOOL PO BOX 517 SALEM,B4349,Salem High School 41 East Broadway Salem,0.89651376
A1122,PS 34 JOHN HARVARD 104-12 SPRINGFIELD BLVD QUEENS VILLAGE,B4102,Ps 110 48-29 37th Street Queens,0.89646107
A4666,CLINTON ELEMENTARY SCHOOL 4100 CLINTON ST WEST SENECA,B901,Clinton Elementary School 75 Chenango Ave Clinton,0.8963305
A1116,QUEENS SCHOOL FOR LEADERSHIP AND EXCELLENCE (THE) 88-08 164TH ST JAMAICA,B5466,Young Women'S Leadership School Queens 109-20 Union Hall Street Jamaica,0.8963237
A1779,ACHIEVEMENT FIRST ENDEAVOR CHARTER SCHOOL 510 WAVERLY AVE BROOKLYN,B1182,East Brooklyn Ascend Charter School 260 Shepherd Avenue Brooklyn,0.8963059
A3934,POLAND JUNIOR-SENIOR HIGH SCHOOL 74 COLD BROOK ST POLAND,B5188,Warsaw Jr-Sr High School 81 W Court St Warsaw,0.89628613
A3394,MAURICE W DOWNING PRIMARY SCHOOL 55 LINDNER PL MALVERNE,B1122,Downing Elementary School Lindner Pl Malverne,0.8960271
A116,PS 188 ISLAND SCHOOL (THE) 442 E HOUSTON ST NEW YORK,B3628,P.S. 188 The Island School 442 East Houston Street Manhattan,0.8957609
A1099,QUEENS HIGH SCHOOL FOR THE SCIENCES AT YORK COLLEGE 94-50 159TH ST JAMAICA,B4140,Queens High School For The Sciences At York College 94-50 159 Street Queens,0.89568174
A2089,WINDERMERE BLVD SCHOOL 291 WINDERMERE BLVD AMHERST,B2669,Maplemere Elementary School 236 E Maplemere Rd Amherst,0.8956553
A956,PS 116 ELIZABETH L FARRELL 515 KNICKERBOCKER AVE BROOKLYN,B3479,P.S. 116 Elizabeth L Farrell 515 Knickerbocker Ave Brooklyn,0.8956017
A4131,GOLDEN HILL ELEMENTARY PO DRAWER 57 FLORIDA,B1646,Golden Hill Elementary School Po Box 757 Florida,0.8955372
A1741,PS 197 KINGS HIGHWAY ACADEMY (THE) 1599 E 22ND ST BROOKLYN,B3647,P.S. 197 - The Kings Highway Academy 1599 E 22nd St Brooklyn,0.8954606
A4558,WALTON MIDDLE SCHOOL 47-49 STOCKTON AVE WALTON,B5173,Walton Jr. Sr. High School 47-49 Stockton Ave Walton,0.8953767
A4082,BELLAMY ELEMENTARY SCHOOL 7118 BRENNAN AVE ROME,B1488,Francis X Bellamy Elem School 7118 Brennon Ave Rome,0.89534813
A109,PS 134 HENRIETTA SZOLD 293 E BROADWAY NEW YORK,B3521,P.S. 134 Henrietta Szold 293 E Broadway Manhattan,0.8953105
A3495,MIDDLEBURGH JUNIOR/SENIOR HIGH SCHOOL PO BOX 606 MIDDLEBURGH,B2773,Middleburgh Elementary School 245 Main St Middleburgh,0.8952904
A3826,OXFORD ACADEMY MIDDLE SCHOOL PO BOX 192 OXFORD,B3188,Oxford Academy Primary School 50 South Washington Ave Oxford,0.89527416
A1565,PS 373 91 HENDERSON AVE STATEN ISLAND,B4110,Ps 78 100 Tompkins Ave Staten Island,0.89526975
A1814,BROOKLYN PROSPECT CHARTER SCHOOL-CSD 15 341 39TH ST BROOKLYN,B784,Central Brooklyn Ascend Charter School 465 E 29th St Brooklyn,0.8949117
A494,PS 55 BENJAMIN FRANKLIN 450 ST PAUL'S PL BRONX,B3352,P.S. 055 Benjamin Franklin 450 Saint Pauls Pl Bronx,0.8948536
A648,PS 76 BENNINGTON SCHOOL (THE) 900 ADEE AVE BRONX,B3393,P.S. 076 The Bennington School 900 Adee Avenue Bronx,0.89479077
A882,PS 289 GEORGE V BROWER 900 ST MARKS AVE BROOKLYN,B3752,P.S. 289 George V. Brower 900 St Marks Avenue Brooklyn,0.8947817
A3527,SMITH CLOVE ELEMENTARY SCHOOL 21 SMITH CLOVE RD CENTRAL VALLEY,B4521,Smith-Clove Elementary School 21 Smith-Clove Central Valley,0.8947621
A3764,SCHOOL 2 2745 TERRELL AVE OCEANSIDE,B3092,Oaks Elementary School 2852 Fortesque Ave Oceanside,0.8946823
A4843,GENESEE COMMUNITY CHARTER SCHOOL-FLOUR CITY CAMPUS 1100 S GOODMAN ST ROCHESTER,B4264,Rochester Academy Charter School 841 Genesee Street Rochester,0.89463514
A1991,EDMUND W GORDON BROOKLYN LABORATORY CHARTER SCHOOL 77 SANDS ST BROOKLYN,B585,Brooklyn Laboratory Charter School - High School 77 Sands Street Brooklyn,0.89439625
A4303,PRIMROSE SCHOOL PO BOX 630 LINCOLNDALE,B4087,Primrose Elementary School 110 Primrose Street Lincolndale,0.8943026
A3332,MORGAN ROAD MIDDLE SCHOOL 4340 WETZEL RD LIVERPOOL,B2522,Liverpool High School 4338 Wetzel Rd Liverpool,0.8942843
A1579,PS 169 ROBERT F KENNEDY 110 E 88TH ST NEW YORK,B3904,P169m @ Robert F. Kennedy 110 East 88 Street New York,0.8942356
A3992,MILL ROAD-PRIMARY GRADES 9 MILL RD RED HOOK,B2792,Mill Road Elementary 9 Mill Road Red Hook,0.89415944
A2870,GOWANDA ELEMENTARY SCHOOL 10674 PROSPECT ST GOWANDA,B1663,Gowanda Hs 10674 Prospect St Gowanda,0.8941443
A1114,REDWOOD MIDDLE SCHOOL 133-25 GUY R BREWER BLVD JAMAICA,B4188,Redwood Middle School 133-25 Guy R Brewer Blvd Queens,0.8941358
A3682,ROSENDALE SCHOOL 2445 ROSENDALE RD SCHENECTADY,B4307,Rosendale Elementary School 2445 Rosendale Rd Niskayuna,0.89406604
A731,EXPLORATIONS ACADEMY HIGH SCHOOL 1619 BOSTON RD BRONX,B535,Bronx International High School 1100 Boston Road Bronx,0.89403725
A2347,NORTH PARK COMMUNITY SCHOOL #50 780 PARKSIDE AVE BUFFALO,B3059,Northwood Elementary School 250 Northwood Ave Buffalo,0.89390963
A1611,PS 138 144-176 E 128TH ST NEW YORK,B4102,Ps 110 48-29 37th Street Queens,0.89383996
A3085,HUDSON HIGH SCHOOL 215 HARRY HOWARD AVE HUDSON,B2009,Hudson Falls High School 80 East Le Barge Street Hudson Falls,0.893838
A770,PS 282 PARK SLOPE 180 6TH AVE BROOKLYN,B4111,Ps 936 270 59th Street Brooklyn,0.893796
A3012,PROSPECT ELEMENTARY SCHOOL 265 PENINSULA BLVD HEMPSTEAD,B4100,Prospect Kindergarten Center 265 Peninsula Blvd Hempstead,0.8937676
A3376,MADRID-WADDINGTON JUNIOR-SENIOR HIGH SCHOOL PO BOX 67 MADRID,B2618,Madrid-Waddington Jr. Sr. High School Rt 345 Madrid,0.8937515
A4330,SOUTH LEWIS HIGH SCHOOL PO BOX 40 TURIN,B4562,South Lewis Senior High School 4264 East Road Turin,0.8937003
A3616,DUZINE SCHOOL 31 SUNSET RIDGE NEW PALTZ,B1153,Duzine Elementary School 31 Sunset Rdg New Paltz,0.89360464
A1609,PS 53 544 7TH AVE BROOKLYN,B4111,Ps 936 270 59th Street Brooklyn,0.89355266
A1832,SUCCESS ACADEMY CHARTER SCHOOL-BRONX 1 339 MORRIS AVE-2ND FL BRONX,B507,Bronx Charter School For Excellence 3 And 4 Middle 1160 E 213th S Bronx,0.8935132
A1692,PS 100 CONEY ISLAND SCHOOL (THE) 2951 W 3RD ST BROOKLYN,B3441,P.S. 100 The Coney Island School 2951 West 3 Street Brooklyn,0.8935065
A4516,ROSCOE CONKLING ELEMENTARY SCHOOL 1115 MOHAWK ST UTICA,B967,Conkling School 1115 Mohawk St Utica,0.89349675
A334,PS 175 HENRY H GARNET 175 W 134TH ST NEW YORK,B3603,P.S. 175 Henry H Garnet 175 West 134 Street Manhattan,0.89338803
A1563,PS 373 BROOKLYN TRANSITION CENTER 185 ELLERY ST BROOKLYN,B3795,P.S. 373-Brooklyn Transition Center 185 Ellery St Brooklyn,0.89330244
A1010,MIDDLE COLLEGE HIGH SCHOOL AT LAGUARDIA COMMUNITY COLLEGE 45-35 VAN DAM ST LONG ISLAND CITY,B2768,Middle College High School At Laguardia Community College 45-35 Van Dam Street Queens,0.8932854
A643,PS 16 WAKEFIELD 4550 CARPENTER AVE BRONX,B4109,Ps 536 1827 Archer Street Bronx,0.89328086
A3148,WING ELEMENTARY SCHOOL 1 WINGANHAUPPAUGE RD ISLIP,B5391,Wing Kindergarten Center Wingan Hauppage Rd Islip,0.89326566
A2878,MARY J TANNER PRIMARY SCHOOL PO BOX 200 MIDDLE GRANVILLE,B2709,"Mary J Tanner School P.O. Box 200, 9593 State Route 22 Mdl Granville",0.8932556
A577,PS 56 NORWOOD HEIGHTS 341 E 207TH ST BRONX,B4109,Ps 536 1827 Archer Street Bronx,0.8932475
A3558,MOUNT SINAI ELEMENTARY SCHOOL PO BOX 397 MOUNT SINAI,B2881,Mount Sinai Elementary School N Country Rd Mount Sinai,0.89324594
A4095,RONDOUT VALLEY JUNIOR HIGH SCHOOL PO BOX 9 ACCORD,B4294,Rondout High School 122 Kyserike Rd Accord,0.8932162
A2328,WATERFRONT ELEMENTARY SCHOOL 95 FOURTH ST BUFFALO,B403,Blasdell Elementary School 3780 S Park Ave Buffalo,0.89313346
A1508,PS 254 ROSA PARKS SCHOOL (THE) 84-40 101ST ST RICHMOND HILL,B3728,P.S. 254 - The Rosa Parks School 84-40 101 Street Queens,0.89302224
A4553,PLATTEKILL ELEMENTARY SCHOOL PO BOX 310 WALLKILL,B4043,Plattekill Elementary School 1270 Route 32 Plattekill,0.8929572
A4069,THURGOOD MARSHALL MIDDLE SCHOOL 4115 LAKE AVE ROCHESTER,B4956,Thurgood Marshall Academy Lower School 276 W 151st St New York,0.89295256
A2888,VILLAGE SCHOOL 614 MIDDLE NECK RD GREAT NECK,B1688,Great Neck North Middle School 77 Polo Rd Great Neck,0.89288014
A2142,BAINBRIDGE-GUILFORD HIGH SCHOOL 18 JULIAND ST BAINBRIDGE,B245,Bainbridge-Guilford Ms/Hs 18 Juliand St Bainbridge,0.8928316
A2924,GREENWOOD LAKE ELEMENTARY SCHOOL PO BOX 8 GREENWOOD LAKE,B1720,Greenwood Lake Elem School 80 Waterstone Road Greenwood Lake,0.8927767
A1152,PATHWAYS COLLEGE PREPARATORY SCHOOL:  A COLLEGE BOARD SCHOOL 109-89 204TH ST SAINT ALBANS,B3954,Pathways College Preparatory School: A College Board School 109-89 204 Street Queens,0.8926189
A3097,FLOWER HILL SCHOOL PO BOX 1500 HUNTINGTON,B1444,Flower Hill Elementary School 98 Flower Hill Road Huntington,0.8926066
A1679,SCHOOL FOR FUTURE LEADERS (THE) 942 62ND ST BROOKLYN,B3768,P.S. 310 - The School For Future Leaders 942 62nd Street Brooklyn,0.89259917
A4053,SCHOOL 54-FLOWER CITY COMMUNITY SCHOOL 36 OTIS ST ROCHESTER,B1314,Elementary School 52 100 Farmington Rd Rochester,0.8925971
A4462,TIOGA MIDDLE SCHOOL PO BOX 241 TIOGA CENTER,B4964,Tioga Middle School 27 5th Ave Tioga Center,0.89249337
A1728,PS 109 1001 E 45TH ST BROOKLYN,B4111,Ps 936 270 59th Street Brooklyn,0.8924765
A1622,PS 643 639 ST ANN'S AVE BRONX,B4109,Ps 536 1827 Archer Street Bronx,0.8924166
A581,PS 94 KINGS COLLEGE SCHOOL 3530 KINGS COLLEGE PL BRONX,B3425,P.S. 094 Kings College School 3530 Kings College Pl Bronx,0.8924062
A398,PS 1 COURTLANDT SCHOOL 335 E 152ND ST BRONX,B3204,P.S. 001 Courtlandt School 335 East 152 Street Bronx,0.8923803
A3457,MEDINA JUNIOR-SENIOR HIGH SCHOOL 2 MUSTANG DR MEDINA,B2750,Medina High School 11235 Maple Ridge Rd Medina,0.8923737
A961,PS 274 KOSCIUSKO 800 BUSHWICK AVE BROOKLYN,B4111,Ps 936 270 59th Street Brooklyn,0.89233816
A585,PS 205 FIORELLO LAGUARDIA 2475 SOUTHERN BLVD BRONX,B3667,P.S. 205 Fiorello Laguardia 2475 Southern Blvd Bronx,0.8923232
A3302,PRIMARY EDUCATION CENTER 4061 CREEK RD YOUNGSTOWN,B2465,Lewiston-Porter Primary Education Cntr 4061 Creek Rd Youngstown,0.89231205
A1399,PS 156 WAVERLY 104 SUTTER AVE BROOKLYN,B3565,P.S. 156 Waverly 104 Sutter Ave Brooklyn,0.8923068
A1738,PS 193 GIL HODGES 2515 AVE L BROOKLYN,B3638,P.S. 193 Gil Hodges 2515 Avenue L Brooklyn,0.89225125
A2366,CAIRO-DURHAM HIGH SCHOOL PO BOX 598 CAIRO,B658,Cairo-Durham Jr-Sr High School 1301 Rt 145 Cairo,0.89221
A3459,MENANDS SCHOOL 19 WARDS LN MENANDS,B2752,Menands School 19 Wards Lane Menands,0.892179
A2615,DRYDEN HIGH SCHOOL PO BOX 88 DRYDEN,B1139,Dryden High School Freeville Rd Dryden,0.89213413
A557,BRONX STEM AND ARTS ACADEMY (THE) 695 E 182ND ST BRONX,B1190,East Fordham Academy For The Arts 120 East 184 Street Bronx,0.8921178
A4298,SODUS ELEMENTARY SCHOOL PO BOX 220 SODUS,B4526,Sodus Elementary School 6264 State Route 88 Sodus,0.891975
A1256,PS 48 WILLIAM G WILCOX 1050 TARGEE ST STATEN ISLAND,B3335,P.S. 048 William C. Wilcox 1055 Targee St Staten Island,0.89194524
A1927,AMERICAN DREAM CHARTER SCHOOL 403 CONCORD AVE BRONX,B1134,Dream Charter School Mott Haven 20 Bruckner Blvd Bronx,0.89192045
A1713,PS 329 SURFSIDE 2929 W 30TH ST BROOKLYN,B3778,P.S. 329 Surfside 2929 W 30th St Brooklyn,0.8918357
A655,PS 103 HECTOR FONTANEZ 4125 CARPENTER AVE BRONX,B3447,P.S. 103 Hector Fontanez 4125 Carpenter Avenue Bronx,0.8917812
A1465,ACTIVE LEARNING ELEMENTARY SCHOOL (THE) 137-20 FRANKLIN AVE FLUSHING,B4826,The Active Learning Elementary School 137-20 Franklin Ave Queens,0.8917403
A2766,FONDA-FULTONVILLE K-4 SCHOOL PO BOX 1501 FONDA,B1451,Fonda-Fultonville K-4 School 112 Old Johnstown Rd Fonda,0.89169604
A1154,PS/IS 295 222-14 JAMAICA AVE QUEENS VILLAGE,B4115,Ps/Is 268 92-07 175 Street Queens,0.8916559
A4616,WAYNE CENTRAL MIDDLE SCHOOL PO BOX 155 ONTARIO CENTER,B5237,Wayne Primary School 1730 Ridge Road Ontario Center,0.8916528
A2340,MIDDLE EARLY COLLEGE HIGH SCHOOL 2885 MAIN ST BUFFALO,B142,Amherst Central High School 4301 Main St Buffalo,0.8915968
A1235,PS 19 CURTIS SCHOOL (THE) 780 POST AVE STATEN ISLAND,B1035,Curtis High School 105 Hamilton Ave Staten Island,0.89157975
A164,PS 126 JACOB AUGUST RIIS 80 CATHERINE ST NEW YORK,B3499,P.S. 126 Jacob August Riis 80 Catherine Street Manhattan,0.8915678
A1157,COLLABORATIVE ARTS MIDDLE SCHOOL 145-00 SPRINGFIELD BLVD SPRINGFIELD GARDENS,B924,Collaborative Arts Middle School 145-00 Springfield Boulevard Queens,0.89153063
A3452,MCGRAW ELEMENTARY SCHOOL 50 W ACADEMY ST MCGRAW,B2732,Mcgraw High School 10 W Academy St Mc Graw,0.8913679
A3990,RED CREEK MIDDLE SCHOOL PO BOX 190 RED CREEK,B4182,Red Creek Middlehigh School 6574 South St Red Creek,0.89130443
A840,PS 958 836-841 5TH AVE BROOKLYN,B4111,Ps 936 270 59th Street Brooklyn,0.89130086
A2393,HAGAN SCHOOL 42 HAGAN DR POUGHKEEPSIE,B1753,Hagan-Spackenkill Elem School 42 Hagan Dr Poughkeepsie,0.8912845
A3935,POLAND ELEMENTARY SCHOOL 74 COLD BROOK ST POLAND,B5187,Warsaw Elementary School 153 W Buffalo St Warsaw,0.89117444
A418,LABORATORY SCHOOL OF FINANCE AND TECHNOLOGY (THE):  X223 360 E 145TH ST BRONX,B2578,M.S. 223 The Laboratory School Of Finance And Technology 360 East 145 Street Bronx,0.8910856
A2313,COMMUNITY SCHOOL #53 329 ROEHRER AVE BUFFALO,B4405,"School #097, Harvey Austin School 1405 Sycamore Street Buffalo",0.89108515
A4260,SHERMAN HIGH SCHOOL PO BOX 950 SHERMAN,B4496,Sherman High School 127 Park St Sherman,0.8910529
A3013,RHODES ACADEMY OF HUMANITIES AND THE ARTS 270 WASHINGTON ST HEMPSTEAD,B4211,Rhodes Academy 270 Washington Strret Hempstead,0.8909708
A3966,S F B MORSE ELEMENTARY SCHOOL 101 MANSION ST POUGHKEEPSIE,B2851,Morse Young Magnet School 101 Mansion St Poughkeepsie,0.89096
A3098,HUNTINGTON HIGH SCHOOL PO BOX 1500 HUNTINGTON,B2024,Huntington High School 188 Oakwood Rd Huntington,0.890874
A759,PS 44 MARCUS GARVEY 432 MONROE ST BROOKLYN,B3320,P.S. 044 Marcus Garvey 432 Monroe Street Brooklyn,0.890812
A1445,JHS 185 EDWARD BLEEKER 147-26 25TH DR FLUSHING,B2193,J.H.S. 185 Edward Bleeker 147-26 25th Dr Queens,0.8907617
A1261,PS 54 CHARLES W LENG 1060 WILLOWBROOK RD STATEN ISLAND,B4110,Ps 78 100 Tompkins Ave Staten Island,0.8906538
A1208,ENERGY TECH HIGH SCHOOL 36-41 28TH ST LONG ISLAND CITY,B1349,Energy Tech High School 36-41 28 Street Queens,0.89057785
A2794,NEW VISIONS ELEMENTARY SCHOOL 80 RAYNOR ST FREEPORT,B2968,New Vision Exploration School 87 Pine St Freeport,0.89045763
A2740,FABIUS-POMPEY ELEMENTARY SCHOOL 7800 MAIN ST FABIUS,B1392,Fabius Jr-Sr High School 1211 Mill St Fabius,0.89040244
A456,LONGWOOD PREPARATORY ACADEMY 965 LONGWOOD AVE BRONX,B4838,The Bronxwood Preparatory Academy 921 East 228th Street Bronx,0.8904009
A2524,SAWMILL INTERMEDIATE SCHOOL PO BOX 150 COMMACK,B4385,Sawmill Intermediate School 103 New Hwy Commack,0.8903991
A2871,GOWANDA HIGH SCHOOL 10674 PROSPECT ST GOWANDA,B1663,Gowanda Hs 10674 Prospect St Gowanda,0.89034486
A559,PS 279 CAPT MANUEL RIVERA JR 2100 WALTON AVE BRONX,B3744,"P.S. 279 Captain Manuel Rivera, Jr. 2100 Walton Ave Bronx",0.89031446
A3638,NEWARK VALLEY SENIOR HIGH SCHOOL PO BOX 547 NEWARK VALLEY,B2982,Newark Valley Middle School 88 Whig St Newark Valley,0.89023757
A1803,UNCOMMON BED-STUY EAST CHARTER SCHOOL NYC 800 GATES AVE-4TH FL BROOKLYN,B315,"Bed-Stuy East Middle School 800 Gates Avenue, 4th. Floor Brooklyn",0.89021957
A1354,PS 213 NEW LOTS 580 HEGEMAN AVE BROOKLYN,B3684,P.S. 213 New Lots 580 Hegeman Avenue Brooklyn,0.8902011
A3528,SAPPHIRE ELEMENTARY SCHOOL 159 HARRIMN HGHTS RD HARRIMAN,B4366,Sapphire Heights Elem School Po Box 1033 Harriman,0.89019424
A1491,PS 123 145-01 119TH AVE SOUTH OZONE PARK,B3562,P.S. 155 13002 115th Ave South Ozone Park,0.8901515
A135,HIGH SCHOOL 560 CITY-AS-SCHOOL 16 CLARKSON ST NEW YORK,B1915,High School M560 - City As School 16 Clarkson St Manhattan,0.8901353
A172,NYC LAB HIGH SCHOOL FOR COLLABORATIVE STUDIES 333 W 17TH ST NEW YORK,B2974,New York City Lab Middle School For Collaborative Studies 333 West 17 Street Manhattan,0.8901292
A3069,HOOSIC VALLEY JUNIOR SENIOR HIGH SCHOOL RT 67 SCHAGHTICOKE,B1987,Hoosic Valley Jr-Sr High Sch 1548 Route 67 Schaghticoke,0.89000434
A276,PS 180 HUGO NEWMAN 370 W 120TH ST NEW YORK,B3612,P.S. 180 Hugo Newman 370 W 120th St Manhattan,0.88997287
A4162,SANDY CREEK MIDDLE SCHOOL PO BOX 248 SANDY CREEK,B4362,Sandy Creek High School 124 Salisbury Street Sandy Creek,0.8898941
A1735,PS 119 AMERSFORT 3829 AVE K BROOKLYN,B4111,Ps 936 270 59th Street Brooklyn,0.88988394
A1402,PS 184 NEWPORT 273 NEWPORT ST BROOKLYN,B3620,P.S. 184 Newport 273 Newport St Brooklyn,0.88978213
A2272,BRIDGEHAMPTON SCHOOL PO BOX 3021 BRIDGEHAMPTON,B469,Bridgehampton Schools 2685 Montauk Highway Bridgehampton,0.8897727
A3825,OXFORD ACADEMY HIGH SCHOOL PO BOX 192 OXFORD,B3186,Oxford Academy High School 50 South Washington Ave Oxford,0.88972634
A2544,SUSAN E WILEY SCHOOL SCUDDER AVE COPIAGUE,B5334,Wiley Elementary School 365 Scudder Ave Copiague,0.8896506
A653,PS 96 RICHARD RODGERS 2385 OLINVILLE AVE BRONX,B3432,P.S. 096 Richard Rodgers 650 Waring Avenue Bronx,0.8895945
A1404,PS 298 DR BETTY SHABAZZ 85 WATKINS ST BROOKLYN,B3758,P.S. 298 Dr. Betty Shabazz 85 Watkins St Brooklyn,0.88957727
A1707,PS 238 ANNE SULLIVAN 1633 E 8TH ST BROOKLYN,B3712,P.S. 238 Anne Sullivan 1633 East 8 Street Brooklyn,0.889453
A4548,VOORHEESVILLE ELEMENTARY SCHOOL PO BOX 468 VOORHEESVILLE,B5147,Voorheesville Middle School 432 New Salem Rd Voorheesville,0.88939124
A2580,CROWN POINT CENTRAL SCHOOL PO BOX 35 CROWN POINT,B1026,Crown Point Central School Main Street Crown Point,0.8893597
A2020,HELLENIC CLASSICAL CHARTER SCHOOL - STATEN ISLAND 1641 RICHMOND AVE STATEN ISLAND,B1849,Hellenic Classical Charter School 646 Fifth Ave Brooklyn,0.88927525
A3075,NORTH HORNELL SCHOOL AVONDALE AVE HORNELL,B3018,North Hornell Elem School 173 Terry St Hornell,0.8892161
A3763,SCHOOL 7-OCEANSIDE SENIOR HIGH SCHOOL 3160 SKILLMAN AVE OCEANSIDE,B3097,Oceanside High School 3160 Skillman Ave Oceanside,0.88918996
A1360,PS 306 ETHAN ALLEN 970 VERMONT ST BROOKLYN,B3764,P.S. 306 Ethan Allen 970 Vermont Street Brooklyn,0.88918984
A1045,PS 98 DOUGLASTON SCHOOL (THE) 40-20 235TH ST DOUGLASTON,B3436,P.S. 098 The Douglaston School 4020 235th St Douglaston,0.8891749
A2241,BLOOMFIELD MIDDLE SCHOOL PO BOX 250 BLOOMFIELD,B407,Bloomfield Elementary School 45 Maple Ave Bloomfield,0.88912416
A3062,HONEOYE ELEMENTARY SCHOOL PO BOX 170 HONEOYE,B1981,Honeoye Elementary School 8528 Main Street Honeoye,0.88911664
A3961,LAWRENCE AVENUE ELEMENTARY SCHOOL 29 LEROY ST POTSDAM,B2427,Lawrence Avenue Elem School Lawrence Avenue Potsdam,0.8890942
A1582,PS 369 COY L COX SCHOOL 491 DEAN ST BROOKLYN,B3846,P.S. K369 - Coy L. Cox School 383 State Street Brooklyn,0.88898474
A1348,PS 149 DANNY KAYE 700 SUTTER AVE BROOKLYN,B3544,P.S. 149 Danny Kaye 700 Sutter Avenue Brooklyn,0.8889353
A1391,PS 938 76 DINSMORE PL BROOKLYN,B4112,Ps 939 270 59th Street Brooklyn,0.88891625
A2801,BLASDELL ELEMENTARY SCHOOL 3780 S PARK AVE BLASDELL,B403,Blasdell Elementary School 3780 S Park Ave Buffalo,0.88891006
A2456,CHAZY CENTRAL RURAL JUNIOR-SENIOR HIGH SCHOOL 609 MINER FARM RD CHAZY,B832,Chazy Union Free School 609 Miner Farm Road Chazy,0.88884985
A268,MS 247 DUAL LANGUAGE MIDDLE SCHOOL 100 W 77TH ST NEW YORK,B2607,M.S. M247 Dual Language Middle School 32 West 92 Street Manhattan,0.8888258
A1244,PS 30 WESTERLEIGH 200 WARDWELL AVE STATEN ISLAND,B3281,P.S. 030 Westerleigh 200 Wardwell Ave Staten Island,0.8888237
A2195,BEAVER RIVER SENIOR HIGH SCHOOL PO BOX 179 BEAVER FALLS,B308,Beaver River Middle School 9508 Artz Road Beaver Falls,0.8887253
A2761,FILLMORE CENTRAL SCHOOL PO BOX 177 FILLMORE,B1426,Fillmore Central School 104 W Main St Fillmore,0.8887179
A1820,ACADEMY CHARTER SCHOOL 117 N FRANKLIN AVE HEMPSTEAD,B4823,The Academy Charter School I 117 North Franklin St Hemstead,0.88865304
A1755,PS 277 GERRITSEN BEACH 2529 GERRITSEN AVE BROOKLYN,B3743,P.S. 277 Gerritsen Beach 2529 Gerritsen Ave Brooklyn,0.8885391
A1648,PS 127 MCKINLEY PARK 7805 7TH AVE BROOKLYN,B3501,P.S. 127 Mckinley Park 7805 7 Avenue Brooklyn,0.8882835
A1202,BACCALAUREATE SCHOOL FOR GLOBAL EDUCATION 34-12 36TH AVE LONG ISLAND CITY,B243,Baccalaureate School For Global Education 3412 36th Ave Astoria,0.88825
A187,PS 212 MIDTOWN WEST 328 W 48TH ST NEW YORK,B3683,P.S. 212 Midtown West 328 West 48 Street Manhattan,0.8881962
A455,PS 182 601 STICKBALL BLVD BRONX,B4109,Ps 536 1827 Archer Street Bronx,0.8881904
A3235,LA FARGEVILLE CENTRAL SCHOOL PO BOX 138 LA FARGEVILLE,B2387,La Fargevill Central School 20414 Sunrise Ave La Fargeville,0.8881855
A2687,GREENBURGH ELEVEN ELEMENTARY SCHOOL 1 ECHO HILLS - BETHUNE BLDG #36 DOBBS FERRY,B1704,Greenburgh Eleven Elementary School P.O. Box 501 Dobbs Ferry,0.88817203
A2919,GREENVILLE HIGH SCHOOL PO BOX 129 GREENVILLE,B1714,Greenville Jr-Sr High School 4982 State Route 81 Greenville,0.8881547
A3742,NORTHVILLE HIGH SCHOOL PO BOX 608 NORTHVILLE,B3054,Northville High School 131 S 3rd St Northville,0.88807285
A162,PS 116 MARY LINDLEY MURRAY 210 E 33RD ST NEW YORK,B3480,P.S. 116 Mary Lindley Murray 210 E 33rd St New York,0.888051
A3732,NORTHERN ADIRONDACK MIDDLE/HIGH SCHOOL PO BOX 164 ELLENBURG DEPOT,B2908,N Adirondack Jr-Sr High School Po Box 164 Ellenburg Dpt,0.8879919
A561,PS 37 MULTIPLE INTELLIGENCE SCHOOL 360 W 230TH ST BRONX,B3876,P.S. X037 - Multiple Intelligence School 360 West 230 Street Bronx,0.88797545
A1752,PS 312 BERGEN BEACH 7103 AVE T BROOKLYN,B3770,P.S. 312 Bergen Beach 7103 Avenue T Brooklyn,0.88795626
A504,PS 163 ARTHUR A SCHOMBERG 2075 WEBSTER AVE BRONX,B4109,Ps 536 1827 Archer Street Bronx,0.88795483
A2692,G L PRIESS PRIMARY SCHOOL 3000 SCHOOLVIEW RD EDEN,B1732,Grover L Preiss Primary School 3000 Schoolview Rd Eden,0.88773394
A4705,WHITEHALL JUNIOR-SENIOR HIGH SCHOOL PO BOX 29 WHITEHALL,B5326,Whitehall Jr-Sr High School Buckley Road Whitehall,0.88771135
A4568,GAYHEAD SCHOOL PO BOX 307 HOPEWELL JUNCTION,B1569,Gayhead Elementary School Entry Rd Hopewell Jct,0.8875897
A1016,HIGH SCHOOL OF APPLIED COMMUNICATIONS 30-20 THOMSON AVE LONG ISLAND CITY,B1908,High School For Media And Communications 549 Audubon Avenue Manhattan,0.8874006
A2992,HAUPPAUGE HIGH SCHOOL PO BOX 6006 HAUPPAUGE,B1822,Hauppauge Middle School 600 Townline Rd Hauppauge,0.88723767
A4749,WYOMING CENTRAL SCHOOL PO BOX 244 WYOMING,B5420,Wyoming Central School 1225 State Route 19 Wyoming,0.8871289
A170,PS 198 ISADOR E IDA STRAUS 1700 3RD AVE NEW YORK,B3651,P.S. 198 Isador E. Ida Straus 1700 3 Avenue Manhattan,0.88711095
A1663,JHS 220 JOHN J PERSHING 4812 9TH AVE BROOKLYN,B2203,J.H.S. 220 John J. Pershing 4812 9 Avenue Brooklyn,0.8869325
A1211,HUNTERS POINT ELEMENTARY SCHOOL 1-35 57TH AVE LONG ISLAND CITY,B2023,Hunters Point Community Middle School 1-50 51st Ave Queens,0.8868
A4014,PULASKI STREET ELEMENTARY SCHOOL 300 PULASKI ST RIVERHEAD,B4125,Pulaski Road Elementary School 623 9th Ave East Northport,0.88679594
A3419,MARION JUNIOR-SENIOR HIGH SCHOOL PO BOX 999 MARION,B2688,Marion Jr-Sr High School 4034 Warner Rd Marion,0.88670564
A1328,EAST WILLIAMSBURG SCHOLARS ACADEMY 850 GRAND ST BROOKLYN,B567,Brooklyn College Academy 350 Coney Island Ave Brooklyn,0.886626
A2563,CORNWALL-ON-HUDSON ELEMENTARY SCHOOL 234 HUDSON ST CORNWALL ON HUDSON,B993,Cornwall Elementary School 99 Lee Rd Cornwall,0.8865324
A2045,VALLEY EARLY CHILDHOOD SCHOOL 6786 COUNTY RT 119 CAMERON MILLS,B5097,Valley Elementary School 5736 County Road 119 Cameron Mills,0.8864431
A288,PS 452 210 W 61ST ST NEW YORK,B4110,Ps 78 100 Tompkins Ave Staten Island,0.8862921
A301,PS 112 JOSE CELSO BARBOSA 535 E 119TH ST NEW YORK,B3473,P.S. 112 Jose Celso Barbosa 535 E 119th St Manhattan,0.8862344
A3730,MOOERS ELEMENTARY SCHOOL 16 SCHOOL ST MOOERS,B2839,Mooers Elementary School School Street Mooers,0.8862081
A1295,OPPORTUNITY CHARTER SCHOOL 240 W 113TH ST-4TH FL NEW YORK,B4892,"The Opportunity Charter School 240 West 113th Street, Room 406 New York",0.88617796
A2204,SHORE ROAD SCHOOL 2801 SHORE RD BELLMORE,B4498,Shore Road Intermediate Center 2801 Shore Rd Bellmore,0.88615465
A3542,MORAVIA JUNIOR-SENIOR HIGH SCHOOL PO BOX 1189 MORAVIA,B2840,Moravia Jr-Sr High School 68 S Main St Moravia,0.8860066
A1462,EAST-WEST SCHOOL OF INTERNATIONAL STUDIES 46-21 COLDEN ST FLUSHING,B1225,East-West School Of International Studies 46-21 Colden Street Queens,0.8859751
A1700,PS 209 MARGARET MEAD 2609 E 7TH ST BROOKLYN,B3677,P.S. 209 Margaret Mead 2609 East 7 Street Brooklyn,0.8859271
A973,ACADEMY FOR EXCELLENCE IN LEADERSHIP 400 IRVING AVE BROOKLYN,B46,Academy For Personal Leadership And Excellence 120 East 184 Street Bronx,0.8858491
A4299,SODUS INTERMEDIATE SCHOOL PO BOX 220 SODUS,B4527,Sodus Intermediate School 54 Mill St Ext Sodus,0.885846
A4696,WHEELERVILLE SCHOOL PO BOX 756 CAROGA LAKE,B5318,Wheelerville Un Free School 2417 State Highway 10 Caroga Lake,0.8858296
A1082,PS 121 126-10 109TH AVE SOUTH OZONE PARK,B3562,P.S. 155 13002 115th Ave South Ozone Park,0.88571906
A1797,NYC CHARTER HS - AECI 838 BROOK AVE BRONX,B550,Bronx-Manhattan Sda School 1440 Plimpton Ave Bronx,0.8857086
A4062,RISE COMMUNITY SCHOOL 279 W RIDGE RD ROCHESTER,B1308,Elementary School 41 279 Ridge Rd W Rochester,0.8855939
A177,PS 89 201 WARREN ST NEW YORK,B4110,Ps 78 100 Tompkins Ave Staten Island,0.885586
A3922,PLAINVIEW-OLD BETHPAGE/JFK HIGH SCHOOL 50 KENNEDY DR PLAINVIEW,B2331,Kennedy High School 50 Kennedy Dr Plainview,0.8854886
A661,PS 121 THROOP 2750 THROOP AVE BRONX,B4109,Ps 536 1827 Archer Street Bronx,0.8853715
A2120,WEST ROAD/D'AQUANNIS INTERMEDIATE SCHOOL 181 WEST RD PLEASANT VALLEY,B5280,West Road Intermediate School 253 West Rd Pleasant Vly,0.88527215
A3402,MANHASSET MIDDLE SCHOOL 200 MEMORIAL PL MANHASSET,B2640,Manhasset Hs - Secondary School 200 Memorial Pl Manhasset,0.88526314
A4461,TIOGA ELEMENTARY SCHOOL PO BOX 241 TIOGA CENTER,B4961,Tioga Elementary School 27 Fifth Avenue Tioga Center,0.8851652
A1492,PS 124 OSMOND A CHURCH 129-15 150TH AVE SOUTH OZONE PARK,B3494,P.S. 124 Osmond A Church 129-15 150 Avenue Queens,0.88497126
A1253,PS 44 THOMAS C BROWN 80 MAPLE PKWY STATEN ISLAND,B4110,Ps 78 100 Tompkins Ave Staten Island,0.88486874
A1578,PS 77 62 PARK PL BROOKLYN,B4111,Ps 936 270 59th Street Brooklyn,0.8848398
A461,GOTHAM COLLABORATIVE HIGH SCHOOL 1980 LAFAYETTE AVE BRONX,B513,Bronx Community High School 1980 Lafayette Ave Bronx,0.8847628
A2874,MARTIN LUTHER KING JR HIGH SCHOOL 1 S BROADWAY HASTINGS ON HUDSON,B2702,Martin Luther King Elem School 135 Locust Hill Ave Yonkers,0.8847554
A265,PS 242 YOUNG DIPLOMATS MAGNET ACADEMY (THE) 134 W 122ND ST NEW YORK,B3715,P.S. 242 - The Young Diplomats Magnet Academy 134 West 122 Street Manhattan,0.8846679
A2633,CITIZEN EDMOND GENET SCHOOL 29 ENGLEWOOD AVE EAST GREENBUSH,B1583,Genet Middle School 29 Englewood Ave East Greenbush,0.8845997
A2864,GOSHEN INTERMEDIATE SCHOOL 13 MCNALLY ST GOSHEN,B2124,Intermediate 13 Mcnally St Goshen,0.8845038
A1833,SUCCESS ACADEMY CHARTER SCHOOL-BRONX 2 450 ST PAUL'S PL-5TH FL BRONX,B507,Bronx Charter School For Excellence 3 And 4 Middle 1160 E 213th S Bronx,0.8844273
A167,PS 158 BAYARD TAYLOR 1458 YORK AVE NEW YORK,B3568,P.S. 158 Bayard Taylor 1458 York Avenue Manhattan,0.8843244
A407,PS 65 MOTHER HALE ACADEMY 677 E 141ST ST BRONX,B3374,P.S. 065 Mother Hale Academy 677 East 141 Street Bronx,0.88425195
A1199,PS 222-FIRE FIGHTER CHRISTOPHER A SANTORA SCHOOL 86-15 37TH AVE JACKSON HEIGHTS,B3863,P.S. Q222 - Fire Fighter Christopher A. Santora School 86-15 37 Avenue Queens,0.8842479
A1361,PS 328 PHYLLIS WHEATLEY 330 ALABAMA AVE BROOKLYN,B3777,P.S. 328 Phyllis Wheatley 330 Alabama Avenue Brooklyn,0.88422596
A2165,MILTON TERRACE ELEMENTARY SCHOOL 200 WOOD RD BALLSTON SPA,B264,Ballston Spa Middle School 10 Wood Rd Ballston Spa,0.8842101
A1238,PS 22 GRANITEVILLE 1860 FOREST AVE STATEN ISLAND,B3261,P.S. 022 Graniteville 1860 Forest Ave Staten Island,0.88419163
A1346,PS 65 696 JAMAICA AVE BROOKLYN,B4111,Ps 936 270 59th Street Brooklyn,0.88416183
A3697,NORTH COLLINS JUNIOR-SENIOR HIGH SCHOOL PO BOX 740 NORTH COLLINS,B3012,North Collins Jr-Sr High Sch 2045 School St North Collins,0.88409525
A61,UNADILLA VALLEY ELEMENTARY SCHOOL PO BOX F NEW BERLIN,B5014,Unadilla Valley Central School 4238 State Highway 8 New Berlin,0.88408774
A1457,PS 242 LEONARD P STAVISKY EARLY CHILDHOOD SCHOOL 29-66 137TH ST FLUSHING,B3716,P.S. 242 Leonard P. Stavisky Early Childhood School 29-66 137 Street Queens,0.8840173
A1503,PS 232 LINDENWOOD 153-23 83RD ST HOWARD BEACH,B3705,P.S. 232 Lindenwood 15323 83rd St Howard Beach,0.8839994
A1701,PS 212 LADY DEBORAH MOODY 87 BAY 49TH ST BROOKLYN,B3682,P.S. 212 Lady Deborah Moody 87 Bay 49 Street Brooklyn,0.88386387
A4264,VERNON-VERONA-SHERRILL SENIOR HIGH SCHOOL PO BOX 128 VERONA,B5119,Vernon-Verona-Sherrill Senior Po Box 128 Verona,0.88383234
A766,PS 133 WILLIAM A BUTLER 610 BALTIC ST BROOKLYN,B3519,P.S. 133 William A. Butler 610 Baltic Street Brooklyn,0.8837091
A1769,COMMUNITY ROOTS CHARTER SCHOOL 51 ST EDWARDS ST-3RD FL BROOKLYN,B951,Community Partnership Charter Middle School 114 Kosciusko Street Brooklyn,0.8836969
A650,PS 83 DONALD HERTZ 950 RHINELANDER AVE BRONX,B4109,Ps 536 1827 Archer Street Bronx,0.8836295
A4160,SANDY CREEK ELEMENTARY SCHOOL PO BOX 248 SANDY CREEK,B4362,Sandy Creek High School 124 Salisbury Street Sandy Creek,0.8835832
A1401,PS 178 SAINT CLAIR MCKELWAY 2163 DEAN ST BROOKLYN,B4111,Ps 936 270 59th Street Brooklyn,0.88342524
A2385,ROBERTS STREET MIDDLE SCHOOL 120 ROBERTS ST CANASTOTA,B685,Canastota High School 102 Roberts St Canastota,0.8833722
A1183,ACADEMY FOR NEW AMERICANS 30-14 30TH ST ASTORIA,B45,Academy For New Americans 30-14 30 Street Queens,0.8833275
A3228,ERNEST C MYER SCHOOL PO BOX 297 HURLEY,B2902,Myer Elementary School Po Box 297 Hurley,0.88329554
A4027,SCHOOL 5-JOHN WILLIAMS 555 N PLYMOUTH AVE ROCHESTER,B1277,Elementary School 05 555 Plymouth Ave N Rochester,0.88323283
A2872,GOWANDA MIDDLE SCHOOL 10674 PROSPECT ST GOWANDA,B1663,Gowanda Hs 10674 Prospect St Gowanda,0.8832207
A1760,PS 326 1800 UTICA AVE BROOKLYN,B4111,Ps 936 270 59th Street Brooklyn,0.88306105
A1908,SUCCESS ACADEMY CHARTER SCHOOL-BRONX 3 965 LONGWOOD AVE-FLOOR 2 BRONX,B507,Bronx Charter School For Excellence 3 And 4 Middle 1160 E 213th S Bronx,0.8828505
A1690,PS 97 HIGHLAWN (THE) 1846 W 13TH ST BROOKLYN,B3836,P.S. 97 The Highlawn 1855 Stillwell Avenue Brooklyn,0.882712
A1510,CHANNEL VIEW SCHOOL FOR RESEARCH 100-00 BEACH CHANNEL DR ROCKAWAY PARK,B806,Channel View School For Research 100-00 Beach Channel Drivei Queens,0.8826588
A416,CAREERS IN SPORTS HIGH SCHOOL 730 CONCOURSE VILLAGE W BRONX,B5058,Urban Assembly School For Careers In Sports 730 Concourse Village W Bronx,0.8826475
A4793,YORK MIDDLE/HIGH SCHOOL PO BOX 102 RETSOF,B5456,York Jr-Sr High School 2578 Genesee Street Retsof,0.8825597
A758,PS 20 CLINTON HILL 225 ADELPHI ST BROOKLYN,B4111,Ps 936 270 59th Street Brooklyn,0.88252866
A140,PS 290 MANHATTAN NEW SCHOOL 311 E 82ND ST NEW YORK,B3754,P.S. 290 Manhattan New School 311 East 82nd Street Manhattan,0.8825182
A3801,N A WALBRAN ELEMENTARY SCHOOL 8610 NY RT 69 ORISKANY,B5160,Walbran Elementary School 1312 Utica St Oriskany,0.8825072
A3107,NORTH PARK ELEMENTARY SCHOOL PO BOX 722 HYDE PARK,B3023,North Park Elementary School Rr 9 Hyde Park,0.8824718
A190,JHS 104 SIMON BARUCH 330 E 21ST ST NEW YORK,B2183,J.H.S. 104 Simon Baruch 330 E 21st St New York,0.88247097
A1953,SUCCESS ACADEMY CHARTER SCHOOL-BUSHWICK 139 MENAHAN ST BROOKLYN,B636,Bushwick Ascend Charter School 751 Knickerbocker Ave Brooklyn,0.88238144
A2332,DISCOVERY SCHOOL 911 ABBOTT RD BUFFALO,B623,Buffalo Academy Of Science Charter School 190 Franklin Street Buffalo,0.8823252
A4773,EUGENIO MARIA DE HOSTOS MICROSOCIETY SCHOOL 75 MORRIS ST YONKERS,B1999,Hostos Microsociety School 75 Morris St Yonkers,0.88229704
A803,PS 94 HENRY LONGFELLOW (THE) 5010 6TH AVE BROOKLYN,B3426,P.S. 094 The Henry Longfellow 5010 6th Ave Brooklyn,0.88226926
A4096,RONDOUT VALLEY INTERMEDIATE SCHOOL PO BOX 9 ACCORD,B4295,Rondout Middle School 122 Kyserike Rd Accord,0.882152
A2338,INTERNATIONAL PREPARATORY SCHOOL (THE) 110 14TH ST BUFFALO,B625,Buffalo Academy-Sacred Heart 3860 Main St Buffalo,0.88213336
A1796,ST. HOPE LEADERSHIP ACADEMY CHARTER SCHOOL 222 W 134TH ST-RM 111 NEW YORK,B2135,Inwood Academy For Leadership Charter School - Middle School 433 West 204th Street New York,0.88213104
A3449,WILLIAM FLOYD LEARNING CENTER 111 LEXINGTON RD SHIRLEY,B5346,William Floyd Elem School 111 Lexington Rd Shirley,0.8820902
A3746,STANFORD J GIBSON PRIMARY SCHOOL 8 RIDGELAND RD NORWICH,B4732,Stanford J Gibson Primary Sch Ridgeland Rd Norwich,0.8820784
A3040,HIGHLAND FALLS INTERMEDIATE SCHOOL PO BOX 287 HIGHLAND FALLS,B1929,Highland Falls Middle School 52 Mountain Ave Highland Falls,0.8820766
A188,MS 255 SALK SCHOOL OF SCIENCE 320 E 20TH ST NEW YORK,B2583,M.S. 255 Salk School Of Science 319 East 19th Street Manhattan,0.88201106
A3884,PERU ELEMENTARY SCHOOL PO BOX 68 PERU,B4005,Peru Elementary School 116 Pleasant Avenue Peru,0.8820044
A1956,AMBER CHARTER SCHOOL KINGSBRIDGE 3120 CORLEAR AVE BRONX,B141,Amber Charter Schools 220 East 106th. Street New York,0.88194764
A1471,MS 53 BRIAN PICCOLO 10-45 NAMEOKE ST FAR ROCKAWAY,B2570,M.S. 053 Brian Piccolo 10-45 Nameoke Street Queens,0.8818736
A1740,PS 195 MANHATTAN BEACH 131 IRWIN ST BROOKLYN,B3642,P.S. 195 Manhattan Beach 131 Irwin St Brooklyn,0.88179076
A4515,THOMAS R PROCTOR HIGH SCHOOL 1203 HILTON AVE UTICA,B5088,Utica City - Proctor High School 1203 Hilton Ave Utica,0.8817277
A2240,BLOOMFIELD HIGH SCHOOL PO BOX 250 BLOOMFIELD,B407,Bloomfield Elementary School 45 Maple Ave Bloomfield,0.88171655
A1514,HIGH SCHOOL-CONSTRUCTION TRADES ENGINEERING & ARCHITECTURE 94-06 104TH ST OZONE PARK,B1894,"High School For Construction Trades, Engineering And Architecture 94-06 104th Street Queens",0.88164043
A927,PS 276 LOUIS MARSHALL 1070 E 83RD ST BROOKLYN,B3741,P.S. 276 Louis Marshall 1070 East 83 Street Brooklyn,0.88162106
A649,PS 78 ANNE HUTCHINSON 1400 NEEDHAM AVE BRONX,B3395,P.S. 078 Anne Hutchinson 1400 Needham Avenue Bronx,0.88158804
A1730,JHS 78 ROY H MANN 1420 E 68TH ST BROOKLYN,B2179,J.H.S. 078 Roy H. Mann 1420 E 68th St Brooklyn,0.8814869
A4266,VERNON-VERONA-SHERRILL MIDDLE SCHOOL PO BOX 128 VERONA,B5119,Vernon-Verona-Sherrill Senior Po Box 128 Verona,0.88143665
A234,PECK SLIP SCHOOL (THE) 1 PECK SLIP NEW YORK,B4894,The Peck Slip School 52 Chambers Street Manhattan,0.88141483
A1865,ACADEMY OF THE CITY CHARTER SCHOOL 31-29 60TH ST WOODSIDE,B61,Academy Of The City Charter School Academy Of The City Charter School Woodside,0.88140273
A4383,STILLWATER ELEMENTARY SCHOOL PO BOX 490 STILLWATER,B4753,Stillwater Senior High School 334 Hudson Ave Stillwater,0.88129264
A1236,PS 20 PORT RICHMOND 161 PARK AVE STATEN ISLAND,B3257,P.S. 020 Port Richmond 161 Park Ave Staten Island,0.8812523
A1454,QUEENS COLLEGE SCHOOL FOR MATH SCIENCE & TECHNOLOGY (THE) 148-20 REEVES AVE FLUSHING,B4895,"The Queens College School For Math, Science And Technology 148-20 Reeves Avenue Queens",0.88111407
A2312,INTERNATIONAL SCHOOL 141 HOYT ST BUFFALO,B4551,South Buffalo Charter School 154 South Ogden Street Buffalo,0.8810759
A1102,YORK EARLY COLLEGE ACADEMY 108-35 167TH ST JAMAICA,B5455,York Early College Academy 108-35 167 Street Queens,0.8808957
A3723,DRAKE SCHOOL 380 DRAKE DR NORTH TONAWANDA,B1131,Drake Elementary School 380 Drake Dr N Tonawanda,0.88066506
A1783,UNCOMMON KINGS CHARTER SCHOOL NYC 905 WINTHROP ST BROOKLYN,B1188,East Flatbush Ascend Charter School 870 Albany Avenue Brooklyn,0.8805632
A1052,PS 173 FRESH MEADOWS 174-10 67TH AVE FLUSHING,B3600,P.S. 173 Fresh Meadows 174-10 67th Ave Queens,0.8805063
A2511,COHOES MIDDLE SCHOOL 7 BEVAN ST COHOES,B919,Cohoes Middle School Columbia & Bevan Sts Cohoes,0.8805009
A4577,WAPPINGERS JUNIOR HIGH SCHOOL 30 MAJOR MACDONALD WAY WAPPINGERS FALLS,B3136,Orchard View Alternative High School 15 Meyers Corners Road Wappingers Falls,0.880457
A716,PS 134 GEORGE F BRISTOW 1330 BRISTOW ST BRONX,B3520,P.S. 134 George F. Bristow 1330 Bristow Street Bronx,0.88034725
A1363,PS 346 ABE STARK 1400 PENNSYLVANIA AVE BROOKLYN,B3785,P.S. 346 Abe Stark 1400 Pennsylvania Avenue Brooklyn,0.8802873
A4297,SODUS JR/SR HIGH SCHOOL PO BOX 220 SODUS,B4528,Sodus Jr & Sr High School 54 Mill St Ext Sodus,0.8801524
A4214,SCHROON LAKE CENTRAL SCHOOL PO BOX 338 SCHROON LAKE,B4432,Schroon Lake Central School North Main St Schroon Lake,0.88010013
A1347,PS 108 SAL ABBRACCIAMENTO 200 LINWOOD ST BROOKLYN,B3461,P.S. 108 Sal Abbracciamento 200 Linwood Street Brooklyn,0.8800286
A4067,DR. FREDDIE THOMAS MIDDLE SCHOOL 625 SCIO ST ROCHESTER,B1308,Elementary School 41 279 Ridge Rd W Rochester,0.8799402
A1626,FUTURE LEADERS INSTITUTE CHARTER SCHOOL 134 W 122ND ST NEW YORK,B2135,Inwood Academy For Leadership Charter School - Middle School 433 West 204th Street New York,0.8799163
A3328,MORGAN ROAD ELEMENTARY SCHOOL 7795 WETZEL RD LIVERPOOL,B2522,Liverpool High School 4338 Wetzel Rd Liverpool,0.8798299
A2492,SHERIDAN HILL ELEMENTARY SCHOOL 4560 BONCREST DR E WILLIAMSVILLE,B1803,Harris Hill Elementary School 4260 Harris Hill Rd Williamsville,0.8797533
A2559,CORNING PAINTED POST HIGH SCHOOL LEARNING CENTER CORNING CC-1 ACADEMIC DR CORNING,B990,Corning-Painted Post High School Learning Center 1 Academic Drive Corning,0.8797236
A875,PS 181 1023 NEW YORK AVE BROOKLYN,B4110,Ps 78 100 Tompkins Ave Staten Island,0.8796024
A4035,SCHOOL 23-FRANCIS PARKER 170 BARRINGTON ST ROCHESTER,B1298,Elementary School 23 170 Barrington St Rochester,0.87944925
A957,PS 123 SUYDAM 100 IRVING AVE BROOKLYN,B4110,Ps 78 100 Tompkins Ave Staten Island,0.87941265
A2199,CUMBERLAND HEAD ELEMENTARY SCHOOL 37 EAGLE WAY WEST CHAZY,B1033,Cumberland Head Elem School 1187 Cumberland Head Rd Plattsburgh,0.87938946
A1673,URBAN ASSEMBLY SCHOOL FOR LEADERSHIP AND EMPOWERMENT 4200 16TH AVE BROOKLYN,B128,All City Leadership Secondary School 321 Palmetto Street Brooklyn,0.8793853
A4166,BLOOMINGDALE SCHOOL 79 CANARAS AVE SARANAC LAKE,B409,Bloomingdale Elementary School 93 Main St Bloomingdale,0.8793535
A139,HIGH SCHOOL OF ECONOMICS & FINANCE 100 TRINITY PL NEW YORK,B1920,High School Of Economics And Finance 100 Trinity Place Manhattan,0.87934756
A1872,SUCCESS ACADEMY CHARTER SCHOOL-COBBLE HILL 284 BALTIC ST-LOWER LEVEL BROOKLYN,B1380,"Excellence Girls Charter School 794 Monroe Street, 3rd Floor Brooklyn",0.8793424
A3981,QUOGUE ELEMENTARY SCHOOL PO BOX 957 QUOGUE,B1213,East Quogue Elementary School 6 Central Ave East Quogue,0.8793242
A1573,PS 12 LEWIS AND CLARK SCHOOL 2555 TRATMAN AVE BRONX,B550,Bronx-Manhattan Sda School 1440 Plimpton Ave Bronx,0.87927336
A2299,HUTCHINSON CENTRAL TECHNICAL HIGH SCHOOL 256 S ELMWOOD AVE BUFFALO,B142,Amherst Central High School 4301 Main St Buffalo,0.8791818
A2073,ALDEN PRIMARY AT TOWNLINE 11197 BROADWAY ALDEN,B116,Alden Primary School 11197 Broadway Alden,0.87917626
A1475,PS 45 CLARENCE WITHERSPOON 126-28 150TH ST SOUTH OZONE PARK,B3322,P.S. 045 Clarence Witherspoon 12628 150th St South Ozone Park,0.87914705
A813,PS 321 WILLIAM PENN 180 7TH AVE BROOKLYN,B3774,P.S. 321 William Penn 180 7th Ave Brooklyn,0.8791312
A3548,MORRISVILLE MIDDLE SCHOOL HIGH SCHOOL PO BOX 990 MORRISVILLE,B2848,Morrisville Jr-Sr High School Fearon Road Morrisville,0.87911344
A1356,JHS 218 JAMES P SINNOTT 370 FOUNTAIN AVE BROOKLYN,B2202,J.H.S. 218 James P. Sinnott 370 Fountain Avenue Brooklyn,0.8790852
A304,PS 171 PATRICK HENRY 19 E 103RD ST NEW YORK,B3596,P.S. 171 Patrick Henry 19 E 103rd St Manhattan,0.87901855
A1453,PS 219 PAUL KLAPPER 144-39 GRAVETT RD FLUSHING,B3693,P.S. 219 Paul Klapper 14439 Gravett Rd Flushing,0.8789655
A354,PS 4 DUKE ELLINGTON 500 W 160TH ST NEW YORK,B3212,P.S. 004 Duke Ellington 500 West 160 Street Manhattan,0.87896264
A2585,DERUYTER ELEMENTARY SCHOOL 711 RAILROAD ST DERUYTER,B1084,Deruyter High School 711 Railroad St De Ruyter,0.8788565
A2731,HARLEY AVENUE ELEMENTARY SCHOOL 30 HARLEY AVE ELWOOD,B1797,Harley Avenue Elem School 30 Harley Ave East Northport,0.8785976
A4342,SOUTHOLD JUNIOR-SENIOR HIGH SCHOOL PO BOX 470 SOUTHOLD,B4585,Southold Jr-Sr High Sch 420 Oaklawn Ave Southold,0.8785962
A2732,ELWOOD/JOHN GLENN HIGH SCHOOL 478 ELWOOD RD ELWOOD,B1341,Elwood Middle School 478 Elwood Rd East Northport,0.8785725
A595,PS 159 LUIS MUMOZ MARIN BILING 2315 WASHINGTON AVE BRONX,B3572,P.S. 159 Luis Munoz Marin Biling 2315 Washington Ave Bronx,0.87841696
A3892,CIRCLEVILLE ELEMENTARY SCHOOL PO BOX 43 CIRCLEVILLE,B876,Circleville Middle School Rt 302 Circleville,0.87840533
A417,PS/IS 224 345 BROOK AVE BRONX,B4113,Ps X469 3177 Webster Ave Bronx,0.87840223
A3559,MOUNT SINAI MIDDLE SCHOOL PO BOX 397 MOUNT SINAI,B2882,Mount Sinai High School 110 N Country Rd Mount Sinai,0.8783015
A3303,INTERMEDIATE EDUCATION CENTER 4061 CREEK RD YOUNGSTOWN,B2464,Lewiston-Porter Intermediate Education Cntr 4061 Creek Rd Youngstown,0.8782382
A1210,WOODSIDE COMMUNITY SCHOOL (THE) 39-07 57TH ST FLUSHING,B4933,The Woodside Community School 39-07 57th Street Queens,0.8782284
A403,PS 30 WILTON 510 E 141ST ST BRONX,B4109,Ps 536 1827 Archer Street Bronx,0.8781176
A3071,HOOSICK FALLS HIGH SCHOOL PO BOX 192 HOOSICK FALLS,B1989,Hoosick Falls Senior High Sch 21187 New York 22 Hoosick Falls,0.8780964
A1646,PS 105 BLYTHEBOURNE (THE) 1031 59TH ST BROOKLYN,B3451,P.S. 105 The Blythebourne 1031 59 Street Brooklyn,0.8780928
A3386,MAINE MEMORIAL SCHOOL PO BOX 218 MAINE,B2631,Maine Memorial Elem School 2693 Main St Maine,0.8780648
A1932,ACHIEVEMENT FIRST NORTH BROOKLYN PREPARATORY CHARTER SCHOOL 200 WOODBINE ST BROOKLYN,B1182,East Brooklyn Ascend Charter School 260 Shepherd Avenue Brooklyn,0.87796545
A1653,PS 176 OVINGTON 1225 69TH ST BROOKLYN,B4111,Ps 936 270 59th Street Brooklyn,0.87786406
A1942,CHARTER SCHOOL OF INQUIRY 404 EDISON ST BUFFALO,B1354,Enterprise Charter School 275 Oak Street Buffalo,0.8778627
A26,SARANAC MIDDLE SCHOOL PO BOX 8 SARANAC,B4371,Saranac Middle School 70 Picketts Corners Road Saranac,0.87779695
A1647,PS 112 LEFFERTS PARK 7115 15TH AVE BROOKLYN,B4111,Ps 936 270 59th Street Brooklyn,0.8777032
A804,PS 107 JOHN W KIMBALL 1301 8TH AVE BROOKLYN,B3456,P.S. 107 John W. Kimball 1301 8th Ave Brooklyn,0.87766635
A3108,RALPH R SMITH SCHOOL PO BOX 725 HYDE PARK,B4161,Ralph R Smith Elem School 16 Smith Ct Hyde Park,0.87760985
A1142,PS 181 BROOKFIELD 148-15 230TH ST SPRINGFIELD GARDENS,B3613,P.S. 181 Brookfield 148-15 230 Street Springfield Gardens,0.87759423
A811,PS 230 DORIS L COHEN 1 ALBEMARLE RD BROOKLYN,B3704,P.S. 230 Doris L. Cohen 1 Albemarle Rd Brooklyn,0.8774889
A2035,E MONROE NEW RENAISSANCE BASKETBALL 1617 PARKVIEW AVE BRONX,B1169,Earl Monroe New Renaissance Basketball Charter School 647 Elton Avenue Bronx,0.87729764
A1323,PS 250 GEORGE H LINDSAY 108 MONTROSE AVE BROOKLYN,B3723,P.S. 250 George H. Lindsay 108 Montrose Ave Brooklyn,0.87727684
A969,ACADEMY OF URBAN PLANNING AND ENGINEERING (THE) 400 IRVING AVE BROOKLYN,B63,Academy Of Urban Planning 400 Irving Avenue Brooklyn,0.8772574
A849,PS 40 GEORGE W CARVER 265 RALPH AVE BROOKLYN,B3308,P.S. 040 George W. Carver 265 Ralph Ave Brooklyn,0.8771671
A1580,PS 226 345 E 15TH ST NEW YORK,B4102,Ps 110 48-29 37th Street Queens,0.87714624
A1345,PS 13 ROBERTO CLEMENTE 557 PENNSYLVANIA AVE BROOKLYN,B3236,P.S. 013 Roberto Clemente 557 Pennsylvania Avenue Brooklyn,0.8771335
A478,PUGSLEY PREPARATORY ACADEMY 1111 PUGSLEY AVE BRONX,B3986,Pelham Preparatory Academy 925 Astor Avenue Bronx,0.87708676
A180,PS 77 LOWER LAB SCHOOL 1700 3RD AVE NEW YORK,B3826,P.S. 77 Lower Lab School 1700 3 Avenue Manhattan,0.8769666
A3335,LIVONIA ELEMENTARY SCHOOL 6 PUPPY LN LIVONIA,B2523,Livonia Elementary School 6 Puppy Lane Livonia,0.8769613
A439,PS 48 JOSEPH R DRAKE 1290 SPOFFORD AVE BRONX,B4109,Ps 536 1827 Archer Street Bronx,0.8765025
A441,PS 69 JOURNEY PREP SCHOOL 560 THERIOT AVE BRONX,B3383,P.S. 069 Journey Prep School 560 Thieriot Ave Bronx,0.87645185
A1065,PS 376 210-21 48TH AVE FLUSHING,B4102,Ps 110 48-29 37th Street Queens,0.87642705
A3816,OTSELIC VALLEY CENTRAL SCHOOL PO BOX 161 SOUTH OTSELIC,B3152,Otselic Valley Jr-Sr High Sch 125 County Road 13 A South Otselic,0.87634236
A1699,PS 199 FREDERICK WACHTEL 1100 ELM AVE BROOKLYN,B3652,P.S. 199 Frederick Wachtel 1100 Elm Avenue Brooklyn,0.8762878
A4403,SUSQUEHANNA VALLEY SENIOR HIGH SCHOOL PO BOX 275 CONKLIN,B4782,Susquehanna Valley Sr High Sch 1040 Conklin Rd Conklin,0.87625694
A1470,AUGUST MARTIN HIGH SCHOOL 156-10 BAISLEY BLVD JAMAICA,B204,August Martin High School 156-10 Baisley Boulevard Queens,0.8762361
A3070,HOOSICK FALLS ELEMENTARY SCHOOL PO BOX 192 HOOSICK FALLS,B1988,Hoosick Falls Elem School 21187 New York 22 Hoosick Falls,0.8762318
A4038,SCHOOL 33-JOHN JAMES AUDUBON 500 WEBSTER AVE ROCHESTER,B1303,Elementary School 33 500 Webster Ave Rochester,0.8761787
A805,PS 124 SILAS B DUTCHER 515 4TH AVE BROOKLYN,B3495,P.S. 124 Silas B. Dutcher 515 4th Ave Brooklyn,0.8761663
A3174,JEFFERSON CENTRAL SCHOOL 1332 ST RT 10 JEFFERSON,B2250,Jefferson Elementary School 131 Weyman Ave New Rochelle,0.8761343
A3776,OGDENSBURG FREE ACADEMY 1100 STATE ST OGDENSBURG,B3105,Ogdensburg Free Acad High Sch 1100 State St Ogdensburg,0.8759916
A4395,RICHARD P CONNOR ELEMENTARY SCHOOL 13 CYPRESS RD SUFFERN,B847,Cherry Lane Elementary School 1 Heather Drive Suffern,0.87597233
A4716,WHITNEY POINT SENIOR HIGH SCHOOL PO BOX 249 WHITNEY POINT,B5331,Whitney Point Sr High School 10 Keibel Rd Whitney Point,0.87575626
A1966,SUCCESS ACADEMY CHARTER SCHOOL - NORWOOD 268 EAST 207TH ST BRONX,B4765,Strive Charter School 604 E 139th St Bronx,0.87568235
A1198,PS 150 40-01 43RD AVE LONG ISLAND CITY,B4110,Ps 78 100 Tompkins Ave Staten Island,0.87548554
A1494,PS 65 RAYMOND YORK ELEMENTARY SCHOOL (THE) 103-22 99TH ST OZONE PARK,B4136,Queens Explorers Elementary School 9007 101st Ave Ozone Park,0.8753884
A662,JHS 127 CASTLE HILL (THE) 1560 PURDY ST BRONX,B2186,J.H.S. 127 The Castle Hill 1560 Purdy Street Bronx,0.875329
A1311,PS 34 OLIVER H PERRY 131 NORMAN AVE BROOKLYN,B3295,P.S. 034 Oliver H. Perry 131 Norman Avenue Brooklyn,0.8752959
A627,KNOWLEDGE AND POWER PREP ACADEMY INTERNATIONAL HIGH SCHOOL 500 E FORDHAM RD BRONX,B2377,Knowledge And Power Preparatory Academy International High School (Kappa) 500 East Fordham Road Bron,0.875281
A2041,SOUTH JEFFERSON HIGH SCHOOL PO BOX 10 ADAMS,B4558,South Jefferson Jr-Sr High Sch 11060 Us Rt 11 Adams,0.8752397
A1379,SCHOOL FOR CLASSICS HIGH SCHOOL 370 FOUNTAIN AVE BROOKLYN,B580,Brooklyn High School For The Arts 345 Dean St. Brooklyn,0.8750901
A253,PS 84 LILLIAN WEBER 32 W 92ND ST NEW YORK,B3404,P.S. 084 Lillian Weber 32 W 92nd St Manhattan,0.8750696
A1468,COLLEGE POINT COLLABORATIVE 124-06 14TH AVE COLLEGE POINT,B925,College Point Collaborative 12406 14th Avenue Queens,0.8746742
A3330,SOULE ROAD MIDDLE SCHOOL 8340 SOULE RD LIVERPOOL,B2522,Liverpool High School 4338 Wetzel Rd Liverpool,0.87460816
A2091,SMALLWOOD DRIVE SCHOOL 300 SMALLWOOD DR AMHERST,B4517,Smallwood Drive Elem School 300 Smallwood Dr Buffalo,0.8744392
A2297,CITY HONORS SCHOOL 186 E NORTH ST BUFFALO,B258,Baker Hall School 777 Ridge Rd Buffalo,0.8744021
A1254,PS 45 JOHN TYLER 58 LAWRENCE AVE STATEN ISLAND,B3324,P.S. 045 John Tyler 58 Lawrence Ave Staten Island,0.8742483
A2938,HADLEY-LUZERNE JUNIOR-SENIOR HIGH SCHOOL PO BOX 200 LAKE LUZERNE,B1752,Hadley Luzerne High School 273 Lake Avenue Lake Luzerne,0.8742363
A1895,SUCCESS ACADEMY CHARTER SCHOOL - SHEEPSHEAD BAY 3000 AVE X BROOKLYN,B572,Brooklyn Emerging Leaders Academy Charter High School 125 Stuyvesant Ave Brooklyn,0.8741877
A99,SOUTHSIDE ACADEMY CHARTER SCHOOL 2200 ONONDAGA CREEK BLVD SYRACUSE,B4790,Syracuse Academy Of Science Charter School 1001 Park Avenue Syracuse,0.8741738
A3120,CALCIUM PRIMARY SCHOOL PO BOX 459 CALCIUM,B659,Calcium Primary School 24550 Indian River Dr Calcium,0.8741715
A572,PS 33 TIMOTHY DWIGHT 2424 JEROME AVE BRONX,B4109,Ps 536 1827 Archer Street Bronx,0.8741642
A1651,PS 164 CAESAR RODNEY 4211 14TH AVE BROOKLYN,B3585,P.S. 164 Caesar Rodney 4211 14 Avenue Brooklyn,0.87402403
A4632,WEEDSPORT ELEMENTARY SCHOOL PO BOX 3000 WEEDSPORT,B5245,Weedsport Jr/Sr High School 2821 E Brutus St Weedsport,0.8738824
A1024,ACE ACADEMY FOR SCHOLARS AT THE GERALDINE FERRARO CAMPUS 55-20 METROPOLITAN AVE RIDGEWOOD,B19,A.C.E. Academy For Scholars At The Geraldine Ferraro Campus 70-02 54 Avenue Queens,0.8738582
A3006,JOSEPH MCNEIL SCHOOL 335 S FRANKLIN ST HEMPSTEAD,B1504,Franklin School 335 S Franklin St Hempstead,0.87385666
A1519,VILLAGE ACADEMY 10-45 NAMEOKE ST FAR ROCKAWAY,B5133,Village Academy 10-45 Nameoke Street Queens,0.87377506
A104,PS 15 ROBERTO CLEMENTE 333 E 4TH ST NEW YORK,B3240,P.S. 015 Roberto Clemente 333 E 4th St Manhattan,0.873722
A818,BROOKLYN NEW SCHOOL-PS 146 (THE) 610 HENRY ST BROOKLYN,B5365,Williamsburg Preparatory School 257 N 6th Street Brooklyn,0.8737107
A2699,ELBA JUNIOR-SENIOR HIGH SCHOOL PO BOX 370 ELBA,B1262,Elba Central Elementary School 57 S Main St Elba,0.8735609
A3447,NATHANIEL WOODHULL ELEMENTARY SCHOOL 6 FRANCIS LANDAU PL SHIRLEY,B2920,Nathaniel Woodhull Elem School 6 Francis Landau Pl Shirley,0.8734653
A1249,PS 38 GEORGE CROMWELL 421 LINCOLN AVE STATEN ISLAND,B4110,Ps 78 100 Tompkins Ave Staten Island,0.8733864
A3247,LAKE PLEASANT SCHOOL PO BOX 140 SPECULATOR,B2403,Lake Pleasant Central School 120 Elm Lake Road Speculator,0.8732164
A1591,PS 35 317 W 52ND ST NEW YORK,B4102,Ps 110 48-29 37th Street Queens,0.8731235
A579,PS 81 ROBERT J CHRISTEN 5550 RIVERDALE AVE BRONX,B4109,Ps 536 1827 Archer Street Bronx,0.8730587
A2012,BROOKLYN PROSPECT CHARTER SCHOOL - CSD 15.2 3002 FORT HAMILTON PKWY BROOKLYN,B784,Central Brooklyn Ascend Charter School 465 E 29th St Brooklyn,0.8730464
A964,PS 377 ALEJANDRINA B DE GAUTIER 200 WOODBINE ST BROOKLYN,B3799,P.S. 377 Alejandrina B. De Gautier 200 Woodbine Street Brooklyn,0.87304044
A1072,PS 50 TALFOURD LAWN ELEMENTARY SCHOOL 143-26 101ST AVE JAMAICA,B4613,Ss Joachim And Anne School 21819 105th Ave Jamaica,0.8729829
A1955,SUCCESS ACADEMY CHARTER SCHOOL-FLATBUSH 15 SNYDER AVE BROOKLYN,B1188,East Flatbush Ascend Charter School 870 Albany Avenue Brooklyn,0.8729634
A327,PS 129 JOHN H FINLEY 425 W 130TH ST NEW YORK,B3505,P.S. 129 John H. Finley 425 West 130 Street Manhattan,0.87288976
A2522,NORTH RIDGE SCHOOL PO BOX 150 COMMACK,B3025,North Ridge Elementary School 300 Townline Rd Commack,0.87278646
A1357,PS 224 HALE A WOODRUFF 757 WORTMAN AVE BROOKLYN,B3699,P.S. 224 Hale A. Woodruff 757 Wortman Avenue Brooklyn,0.8727445
A1168,PS 17 HENRY DAVID THOREAU 28-37 29TH ST LONG ISLAND CITY,B3244,P.S. 017 Henry David Thoreau 28-37 29 Street Queens,0.872602
A252,PS 76 A PHILLIP RANDOLPH 220 W 121ST ST NEW YORK,B3392,P.S. 076 A. Philip Randolph 220 W 121st St Manhattan,0.872535
A760,PS 46 EDWARD C BLUM 100 CLERMONT AVE BROOKLYN,B3329,P.S. 046 Edward C. Blum 100 Clermont Avenue Brooklyn,0.8723258
A367,PS 192 JACOB H SCHIFF 500 W 138TH ST NEW YORK,B3636,P.S. 192 Jacob H. Schiff 500 West 138th Street Manhattan,0.87231636
A2212,BERNE-KNOX-WESTERLO JUNIOR-SENIOR HIGH SCHOOL 1738 HELDERBERG TRAIL BERNE,B363,Berne Elementary School 1738 Helderbert Trail Berne,0.872316
A4766,PATRICIA A DICHIARO SCHOOL 373 BRONXVILLE RD YONKERS,B550,Bronx-Manhattan Sda School 1440 Plimpton Ave Bronx,0.8722576
A1432,PS 24 ANDREW JACKSON 45-57 UNION ST FLUSHING,B3535,P.S. 145 Andrew Jackson 100 Noll St Brooklyn,0.87225115
A854,PS 308 CLARA CARDWELL 616 QUINCY ST BROOKLYN,B3766,P.S. 308 Clara Cardwell 616 Quincy St Brooklyn,0.87221014
A4547,CLAYTON A BOUTON HIGH SCHOOL PO BOX 528 VOORHEESVILLE,B654,C.A. Bouton Jr-Sr High School 432 New Salem Rd Voorheesville,0.8722091
A438,PS 36 UNIONPORT 1070 CASTLE HILL AVE BRONX,B3302,P.S. 036 Unionport 1070 Castle Hill Ave Bronx,0.8720767
A1525,WAVE PREPARATORY ELEMENTARY SCHOOL 535 BRIAR PL FAR ROCKAWAY,B5221,Wave Preparatory Elementary School 535 Brair Place Queens,0.8720086
A1170,PS 70 30-45 42ND ST LONG ISLAND CITY,B4110,Ps 78 100 Tompkins Ave Staten Island,0.8720062
A1437,PS 120 58-01 136TH ST FLUSHING,B4102,Ps 110 48-29 37th Street Queens,0.8719918
A1937,NEW VENTURES CHARTER SCHOOL 1441 SOUTH AVE-CORPORATE COMMONS STATEN ISLAND,B2940,New  World Preparatory Charter School 26 Sharpe Ave Staten Island,0.871902
A845,PS 21 CRISPUS ATTUCKS 180 CHAUNCEY ST BROOKLYN,B3258,P.S. 021 Crispus Attucks 180 Chauncey St Brooklyn,0.8717475
A3536,EMMA C CHASE SCHOOL PO BOX 489 WURTSBORO,B825,Chase Elementary School Po Box 489 Wurtsboro,0.8717354
A1693,PS 101 VERRAZANO (THE) 8696 24TH AVE BROOKLYN,B3443,P.S. 101 The Verrazano 2360 Benson Avenue Brooklyn,0.8716276
A773,MS 266 PARK PLACE COMMUNITY MIDDLE SCHOOL 62 PARK PL BROOKLYN,B2604,M.S. K266 - Park Place Community Middle School 62 Park Place Brooklyn,0.8715246
A4534,VALLEY STREAM SOUTH HIGH SCHOOL 150 JEDWOOD PL VALLEY STREAM,B5099,Valley Stream Memorial Jr High 320 Fletcher Ave Valley Stream,0.87151265
A168,JHS 167 ROBERT F WAGNER 220 E 76TH ST NEW YORK,B2192,J.H.S. 167 Robert F. Wagner 220 East 76th Street Manhattan,0.87147963
A1121,PS 33 EDWARD M FUNK 91-37 222ND ST QUEENS VILLAGE,B4103,Ps 354 126-10 Bedell Street Queens,0.87145436
A1252,PS 42 ELTINGVILLE 380 GENESEE AVE STATEN ISLAND,B4110,Ps 78 100 Tompkins Ave Staten Island,0.87143856
A360,PS 132 JUAN PABLO DUARTE 185 WADSWORTH AVE NEW YORK,B3514,P.S. 132 Juan Pablo Duarte 185 Wadsworth Avenue Manhattan,0.8713125
A293,PS 7 SAMUEL STERN 160 E 120TH ST NEW YORK,B3222,P.S. 007 Samuel Stern 160 E 120th St Manhattan,0.8712429
A885,PS 398 WALTER WEAVER 60 E 94TH ST BROOKLYN,B4111,Ps 936 270 59th Street Brooklyn,0.87121487
A451,PS 138 SAMUEL RANDALL 2060 LAFAYETTE AVE BRONX,B4109,Ps 536 1827 Archer Street Bronx,0.8710009
A111,PS 142 AMALIA CASTRO 100 ATTORNEY ST NEW YORK,B3532,P.S. 142 Amalia Castro 100 Attorney St Manhattan,0.870924
A471,ARCHIMEDES ACAD-MATH SCI TECH 456 WHITE PLAINS RD BRONX,B173,"Archimedes Academy For Math, Science And Technology Applications 456 White Plains Road Bronx",0.87072575
A4829,TECH VALLEY HIGH SCHOOL 246 TRICENTENNIAL DR ALBANY,B1699,Green Tech High School 99 Slingerland Avenue Albany,0.8706465
A3063,HONEOYE MIDDLE/HIGH SCHOOL PO BOX 170 HONEOYE,B1981,Honeoye Elementary School 8528 Main Street Honeoye,0.8705157
A3540,ROBERT J KAISER MIDDLE SCHOOL 45 BREAKEY AVE MONTICELLO,B2374,Klr Elementary School 237 Forestburgh Road Monticello,0.87045884
A4045,SCHOOL 52-FRANK FOWLER DOW 100 FARMINGTON RD ROCHESTER,B1314,Elementary School 52 100 Farmington Rd Rochester,0.87039614
A1349,PS 158 WARWICK 400 ASHFORD ST BROOKLYN,B3569,P.S. 158 Warwick 400 Ashford Street Brooklyn,0.8703955
A3042,FORT MONTGOMERY ELEMENTARY SCHOOL PO BOX 287 HIGHLAND FALLS,B1475,Fort Montgomery Elementary School 895 Route 9 W Fort Montgomery,0.8703701
A364,PS 173 306 FT WASHINGTON AVE NEW YORK,B4110,Ps 78 100 Tompkins Ave Staten Island,0.8702378
A4633,WEEDSPORT JUNIOR-SENIOR HIGH SCHOOL PO BOX 3000 WEEDSPORT,B5245,Weedsport Jr/Sr High School 2821 E Brutus St Weedsport,0.8701908
A1703,PS 216 ARTURO TOSCANINI 350 AVE X BROOKLYN,B3690,P.S. 216 Arturo Toscanini 350 Avenue X Brooklyn,0.8701826
A4785,CESAR E CHAVEZ SCHOOL 20 CEDAR PL YONKERS,B801,Cesar E Chavez School (Formerly Cedar Place School) 20 Cedar Place Yonkes,0.8701663
A1196,IVAN LAFAYETTE EARLY CHILDHOOD SCHOOL OF THE ARTS (THE) 32-63 93RD ST EAST ELMHURST,B4876,The Ivan Lafayette Early Childhood School Of The Arts 32-63 93 Street Queens,0.8700646
A2614,DOWNSVILLE CENTRAL SCHOOL PO BOX J DOWNSVILLE,B1123,Downsville Central School Maple Avenue Downsville,0.86994195
A3717,NORTH SYRACUSE JUNIOR HIGH SCHOOL 5353 W TAFT RD NORTH SYRACUSE,B1222,East Syracuse Elementary School 230 Kinne St East Syracuse,0.8698991
A3099,JEFFERSON SCHOOL 253 OAKWOOD RD HUNTINGTON,B2024,Huntington High School 188 Oakwood Rd Huntington,0.8696985
A404,PS/MS 31 WILLIAM LLOYD GARRISON (THE) 250 E 156TH ST BRONX,B3902,P.S./M.S. 031 The William Lloyd Garrison 250 East 156 Street Bronx,0.86962074
A1636,ACHIEVEMENT FIRST EAST NEW YORK CHARTER SCHOOL 557 PENNSYLVANIA AVE BROOKLYN,B1182,East Brooklyn Ascend Charter School 260 Shepherd Avenue Brooklyn,0.86961263
A703,PS 214 1970 W FARMS RD BRONX,B4109,Ps 536 1827 Archer Street Bronx,0.86953413
A2209,BERLIN MIDDLE SCHOOL/HIGH SCHOOL PO BOX 259 CHERRY PLAIN,B361,Berlin Central Jr Sr High School 17400 Route 22 Berlin,0.86943144
A1734,PS 52 SHEEPSHEAD BAY 2675 E 29TH ST BROOKLYN,B4111,Ps 936 270 59th Street Brooklyn,0.86943024
A28,GEORGE D RYDER ELEMENTARY SCHOOL 143 GOLDING DR COBLESKILL,B4326,Ryder Elementary School Elm St Cobleskill,0.8691697
A792,DIGITAL ARTS AND CINEMA TECHNOLOGY HIGH SCHOOL 284 BALTIC ST BROOKLYN,B3997,Performing Arts And Technology High School 400 Pennsylvania Avenue Brooklyn,0.8691008
A4146,SAMOSET MIDDLE SCHOOL 51 SCHOOL ST LAKE RONKONKOMA,B4356,Samoset Ms 51 School Stret Lake Ronkonkoma,0.8689933
A3741,NORTHVILLE ELEMENTARY SCHOOL PO BOX 608 NORTHVILLE,B3054,Northville High School 131 S 3rd St Northville,0.86879945
A1792,SUCCESS ACADEMY CHARTER SCHOOL-HARLEM 2 144 E 128TH ST-3RD FL NEW YORK,B1790,Harlem Link Charter School 21 West 111th Street New York,0.8687027
A3998,REMSEN ELEMENTARY SCHOOL PO BOX 406 REMSEN,B4194,Remsen Elementary School Davis Drive Remsen,0.8685828
A1456,PS 130 200-01 42ND AVE BAYSIDE,B4102,Ps 110 48-29 37th Street Queens,0.86853355
A928,PS 279 HERMAN SCHREIBER 1070 E 104TH ST BROOKLYN,B3745,P.S. 279 Herman Schreiber 1001 Flatlands Ave Brooklyn,0.8685231
A2365,CAIRO-DURHAM ELEMENTARY SCHOOL PO BOX 1090 CAIRO,B658,Cairo-Durham Jr-Sr High School 1301 Rt 145 Cairo,0.86845356
A884,PS 397 FOSTER-LAURIE 490 FENIMORE ST BROOKLYN,B3805,P.S. 397 Foster-Laurie 490 Fenimore Street Brooklyn,0.86838984
A1763,PS 889 21 HINCKLEY PL BROOKLYN,B4111,Ps 936 270 59th Street Brooklyn,0.8683589
A4448,SYRACUSE LATIN SCHOOL 345 JAMESVILLE AVE SYRACUSE,B4791,Syracuse Latin Pre-K-8 School 345 Jamesville Ave Syracuse,0.86829925
A4279,STATE STREET INTERMEDIATE SCHOOL 72 STATE ST SKANEATELES,B4512,Skaneateles High School 49 E Elizabeth St Skaneateles,0.86816436
A1023,HELEN M MARSHALL SCHOOL 110-08 NORTHERN BLVD CORONA,B3166,Our Lady Of Sorrows School 35-34 105th Street Corona,0.86816406
A1149,EXCELSIOR PREPARATORY HIGH SCHOOL 143-10 SPRINGFIELD BLVD SPRINGFIELD GARDENS,B1381,Excelsior Preparatory High School 143-10 Springfield Boulevard Queens,0.8680912
A1250,PS 39 FRANCIS J MURPHY JR 99 MACFARLAND AVE STATEN ISLAND,B3803,P.S. 39 Francis J. Murphy Jr. 71 Sand Ln Staten Island,0.8680895
A85,HARBOR SCIENCE AND ARTS CHARTER SCHOOL 132-142 E 111TH ST NEW YORK,B1778,"Harbor Science And Arts Charter School 132 East 111 Street, Room 202 New York",0.8680112
A925,PS 268 EMMA LAZARUS 133 E 53RD ST BROOKLYN,B3735,P.S. 268 Emma Lazarus 133 East 53 Street Brooklyn,0.8679984
A4032,DR DAVID AND RUTH ANDERSON ACADEMY- SCHOOL 16 321 POST AVE ROCHESTER,B54,Academy Of Health Sciences Charter School 1151 Ridgeway Ave. Rochester,0.8677886
A1434,PS 32 STATE STREET 33-59 171 ST FLUSHING,B4102,Ps 110 48-29 37th Street Queens,0.86777806
A1830,SUCCESS ACADEMY CHARTER SCHOOL-HARLEM 5 301 W 140TH ST-3RD FL NEW YORK,B1789,Harlem Children'S Zone Promise Academy Charter School I- Middle 245 West 129th Street New York,0.8677045
A908,PS 770 NEW AMERICAN ACADEMY 60 E 94TH ST BROOKLYN,B3827,P.S. 770 New American Academy 60 East ?94 Street Brooklyn,0.8676162
A1702,PS 215 MORRIS H WEISS 415 AVE S BROOKLYN,B3689,P.S. 215 Morris H. Weiss 415 Avenue S Brooklyn,0.8675521
A2611,DOVER HIGH SCHOOL PO BOX 6311 DOVER PLAINS,B1120,Dover Elementary School School Street Dover Plains,0.8675198
A4041,SCHOOL 39-ANDREW J TOWNSON 145 MIDLAND AVE ROCHESTER,B4403,School # 45 - Northeast 1445 Clifford Ave Rochester,0.8674935
A1022,PAN AMERICAN INTERNATIONAL HIGH SCHOOL 45-10 94TH ST ELMHURST,B3925,Pan American International High School 45-10 94th Street Queens,0.86742723
A503,PS 132 GARRETT A MORGAN 1245 WASHINGTON AVE BRONX,B4109,Ps 536 1827 Archer Street Bronx,0.86730456
A2037,RICHMOND PREPARATORY CHARTER SCHOOL 2245 RICHMOND AVE STATEN ISLAND,B4567,South Richmond High School I.S./P.S. 25 6581 Hylan Boulevard Staten Island,0.86725855
A2823,GARRISON SCHOOL PO BOX 193 GARRISON,B1564,Garrison School 1100 Route 9 D Garrison,0.8671998
A522,IS 117 JOSEPH H WADE 1865 MORRIS AVE BRONX,B2047,I.S. 117 Joseph H. Wade 1865 Morris Ave Bronx,0.8671369
A4329,SOUTH LEWIS MIDDLE SCHOOL PO BOX 70 TURIN,B4562,South Lewis Senior High School 4264 East Road Turin,0.86702186
A443,PS 72 DR WILLIAM DORNEY 2951 DEWEY AVE BRONX,B3388,P.S. 072 Dr. William Dorney 2951 Dewey And Edison Ave Bronx,0.8668325
A493,PS 53 BASHEER QUISIM 360 E 168TH ST BRONX,B4109,Ps 536 1827 Archer Street Bronx,0.8665906
A2619,FREEVILLE ELEMENTARY SCHOOL PO BOX 88 DRYDEN,B1139,Dryden High School Freeville Rd Dryden,0.8665442
A1656,PS 185 WALTER KASSENBROCK 8601 RIDGE BLVD BROOKLYN,B3623,P.S. 185 Walter Kassenbrock 8601 Ridge Boulevard Brooklyn,0.8665024
A1848,IMAGINE ME LEADERSHIP CHARTER SCHOOL 39 TRUXTON ST BROOKLYN,B128,All City Leadership Secondary School 321 Palmetto Street Brooklyn,0.8664708
A765,PS 93 WILLIAM H PRESCOTT 31 NEW YORK AVE BROOKLYN,B3423,P.S. 093 William H. Prescott 31 New York Avenue Brooklyn,0.86646575
A452,PS 140 EAGLE SCHOOL (THE) 916 EAGLE AVE BRONX,B3879,P.S. X140 The Eagle School 916 Eagle Ave Bronx,0.8664446
A1791,SUCCESS ACADEMY CHARTER SCHOOL-HARLEM 4 240 W 113TH ST-3RD FL NEW YORK,B1790,Harlem Link Charter School 21 West 111th Street New York,0.86638665
A305,PS 206 JOSE CELSO BARBOSA 508 E 120TH ST NEW YORK,B3668,P.S. 206 Jose Celso Barbosa 508 E 120th St Manhattan,0.8662481
A1696,PS 153 HOMECREST 1970 HOMECREST AVE BROOKLYN,B3557,P.S. 153 Homecrest 1970 Homecrest Avenue Brooklyn,0.86624616
A1259,PS 52 JOHN C THOMPSON 450 BUEL AVE STATEN ISLAND,B4110,Ps 78 100 Tompkins Ave Staten Island,0.866082
A1671,PS 506 SCHOOL OF JOURNALISM AND TECHNOLOGY (THE) 330 59TH ST BROOKLYN,B4454,Secondary School For Journalism 237 7th Avenue Brooklyn,0.86563873
A4402,RICHARD T STANK MIDDLE SCHOOL PO BOX 225 CONKLIN,B4216,Richard T. Stank  Jr-High Sch 1040 Conklin Rd Conklin,0.8654558
A4512,MARTIN LUTHER KING JR ELEMENTARY SCHOOL 211 SQUARE ST UTICA,B1128,Dr. Martin Luther King Jr. Elementary School 918 Stanley Street Schenectady,0.865425
A1483,PS 96 130-01 ROCKAWAY BLVD SOUTH OZONE PARK,B3562,P.S. 155 13002 115th Ave South Ozone Park,0.8653613
A1194,PS 212 34-25 82ND ST JACKSON HEIGHTS,B4102,Ps 110 48-29 37th Street Queens,0.86525905
A3791,REGINALD BENNETT ELEMENTARY SCHOOL PO BOX 300 BOICEVILLE,B355,Bennett Elem School 4166 Rte 28 Boiceville,0.8652395
A1705,PS 226 ALFRED DE B MASON 6006 23RD AVE BROOKLYN,B3701,P.S. 226 Alfred De B.Mason 6006 23 Avenue Brooklyn,0.8652147
A3923,PLAINVIEW-OLD BETHPAGE MIDDLE SCHOOL 121 CENTRAL PARK RD PLAINVIEW,B4040,Plainview-Old Bethpage Mid Sch 121 Central Park Rd Plainview,0.86508906
A954,PS 86 IRVINGTON (THE) 220 IRVING AVE BROOKLYN,B3409,P.S. 086 The Irvington 220 Irving Ave Brooklyn,0.8649682
A2355,BURNT HILLS-BALLSTON LAKE SENIOR HIGH SCHOOL 88 LAKEHILL RD BURNT HILLS,B631,Burnt Hills-Ballston Lake H S 88 Lakehill Rd Burnt Hills,0.8649566
A2920,GREENVILLE MIDDLE SCHOOL PO BOX 129 GREENVILLE,B1714,Greenville Jr-Sr High School 4982 State Route 81 Greenville,0.8649067
A2540,WALTER G O'CONNELL COPIAGUE HIGH SCHOOL 1100 DIXON AVE COPIAGUE,B979,Copiague High School 1100 Dixon Ave Copiague,0.86477387
A325,PS 123 MAHALIA JACKSON 301 W 140TH ST NEW YORK,B3492,P.S. 123 Mahalia Jackson 301 West 140 Street Manhattan,0.8647503
A154,PS 11 SARAH J GARNETT ELEMENTARY SCHOOL (THE) 320 W 21ST ST NEW YORK,B1218,"East Side Elementary School, Ps 267 213 East 63rd Street Manhattan",0.86474776
A1778,SUCCESS ACADEMY CHARTER SCHOOL-HARLEM 1 34 W 118TH ST-2ND FL NEW YORK,B4760,Storefront Academy Charter School Harlem 445 East 115th Street New York,0.86465734
A2754,FALLSBURG JUNIOR SENIOR HIGH SCHOOL PO BOX 124 FALLSBURG,B1401,Fallsburg Jr/Sr High School Brickman Rd Fallsburg,0.86460936
A1430,PS 21 EDWARD HART 147-36 26TH AVE FLUSHING,B4102,Ps 110 48-29 37th Street Queens,0.86451083
A1234,PS 18 JOHN G WHITTIER 221 BROADWAY STATEN ISLAND,B4110,Ps 78 100 Tompkins Ave Staten Island,0.86444926
A303,PS 155 WILLIAM PACA 319 E 117TH ST NEW YORK,B3563,P.S. 155 William Paca 319 E 117th St Manhattan,0.8644186
A431,HERO HIGH SCHOOL 455 SOUTHERN BLVD BRONX,B535,Bronx International High School 1100 Boston Road Bronx,0.86433506
A1941,BROOKLYN PROSPECT CHARTER SCHOOL - CSD 13.2 272 MACON ST BROOKLYN,B4840,"The Brooklyn Charter School 545 Willoughby Avenue, 3rd Floor Brooklyn",0.86429614
A1446,JHS 189 DANIEL CARTER BEARD 144-80 BARCLAY AVE FLUSHING,B2194,J.H.S. 189 Daniel Carter Beard 144-80 Barclay Ave Queens,0.8642568
A1032,PS 419 111-10 ASTORIA BLVD FLUSHING,B4102,Ps 110 48-29 37th Street Queens,0.8642261
A450,PS 130 ABRAM STEVENS HEWITT 750 PROSPECT AVE BRONX,B3508,P.S. 130 Abram Stevens Hewitt 750 Prospect Ave Bronx,0.86417556
A4575,VAN WYCK JUNIOR HIGH SCHOOL 6 HILLSIDE LAKE RD WAPPINGERS FALLS,B5110,Van Wyck Junior High School 6 Hillside Lake Rd Wappingers Fl,0.8639885
A1158,COMMUNITY VOICES MIDDLE SCHOOL 145-00 SPRINGFIELD BLVD SPRINGFIELD GARDENS,B953,Community Voices Middle School 145-00 Springfield Boulevard Queens,0.86398816
A1710,IS 281 JOSEPH B CAVALLARO 8787 24TH AVE BROOKLYN,B2069,I.S. 281 Joseph B Cavallaro 8787 24th Ave Brooklyn,0.8639159
A4859,SUCCESS ACADEMY CHARTER SCHOOL-NYC 7 124 EAMES PL BRONX,B4765,Strive Charter School 604 E 139th St Bronx,0.8638956
A1258,PS 50 FRANK HANKINSON 200 ADELAIDE AVE STATEN ISLAND,B3339,P.S. 050 Frank Hankinson 200 Adelaide Ave Staten Island,0.86379945
A3361,LYME CENTRAL SCHOOL PO BOX 219 - 11868 ACADEMY ST CHAUMONT,B2556,Lyme Central Elem & High Sch 11868 Academy St Chaumont,0.8637973
A2842,GILBOA-CONESVILLE CENTRAL SCHOOL 132 WYCKOFF RD GILBOA,B1611,Gilboa Conesville Central Sch 132 Wyckoff Road Gilboa,0.86379266
A1511,SCHOLARS' ACADEMY 320 BEACH 104TH ST ROCKAWAY PARK,B4402,Scholars' Academy 320 Beach 104th Street Queens,0.86376375
A769,PS 270 JOHANN DEKALB 241 EMERSON PL BROOKLYN,B3736,P.S. 270 Johann Dekalb 241 Emerson Place Brooklyn,0.8637456
A3505,MILLBROOK MIDDLE SCHOOL PO BOX AA MILLBROOK,B2795,Millbrook Middle School Alden Place Millbrook,0.8636937
A3416,MARCELLUS HIGH SCHOOL 1 MUSTANG HILL MARCELLUS,B2674,Marcellus High School 1 Mustang Hl Marcellus,0.8636266
A2210,BERLIN ELEMENTARY SCHOOL PO BOX 259 BERLIN,B361,Berlin Central Jr Sr High School 17400 Route 22 Berlin,0.8636122
A2661,W TRESPER CLARKE HIGH SCHOOL 740 EDGEWOOD DR WESTBURY,B5288,Westbury High School 1 Post Rd Westbury,0.8635927
A1950,ACHIEVEMENT FIRST VOYAGER CHARTER SCHOOL 601 PARKSIDE AVE BROOKLYN,B1386,"Explore Charter School 655 Parkside Ave, 4th Floor Rm 416 Brooklyn",0.8635068
A2291,BRUSHTON-MOIRA HIGH SCHOOL 758 COUNTY RT 7 BRUSHTON,B620,Brushton Moira Central Dist 758 County Route 7 Brushton,0.8634554
A2763,FLORAL PARK-BELLEROSE SCHOOL 2 LARCH AVE FLORAL PARK,B3171,Our Lady Of Victory School 2 Bellmore St Floral Park,0.8633621
A1691,PS 99 ISAAC ASIMOV 1120 E 10TH ST BROOKLYN,B3437,P.S. 099 Isaac Asimov 1120 East 10 Street Brooklyn,0.86327714
A1002,PS 199 MAURICE A FITZGERALD 39-20 48TH AVE LONG ISLAND CITY,B3654,P.S. 199 Maurice A. Fitzgerald 3920 48th Ave Long Is City,0.8632313
A362,PS 152 DYCKMAN VALLEY 93 NAGLE AVE NEW YORK,B4110,Ps 78 100 Tompkins Ave Staten Island,0.86287653
A22,VERNE W CRITZ ELEMENTARY SCHOOL 185 DUNTON AVE EAST PATCHOGUE,B4228,River Avenue Elementary School 46 River Ave Patchogue,0.862838
A709,PS 44 DAVID C FARRAGUT 1825 PROSPECT AVE BRONX,B3319,P.S. 044 David C. Farragut 1825 Prospect Avenue Bronx,0.8628317
A1310,PS 31 SAMUEL F DUPONT 75 MESEROLE AVE BROOKLYN,B3284,P.S. 031 Samuel F. Dupont 75 Meserole Avenue Brooklyn,0.86280346
A1495,PS 146 HOWARD BEACH 98-01 159TH AVE HOWARD BEACH,B2002,Howard Beach (Sa-Hb) 158-20 101st Street Howard Beach,0.8626789
A1800,SUCCESS ACADEMY CHARTER SCHOOL-HARLEM 3 410 E 100TH ST-4TH FL NEW YORK,B1790,Harlem Link Charter School 21 West 111th Street New York,0.86264825
A926,PS 272 CURTIS ESTABROOK 101-24 SEAVIEW AVE BROOKLYN,B3737,P.S. 272 Curtis Estabrook 10124 Seaview Ave Brooklyn,0.86260086
A2300,MCKINLEY VOCATIONAL HIGH SCHOOL 1500 ELMWOOD AVE BUFFALO,B258,Baker Hall School 777 Ridge Rd Buffalo,0.8625543
A4477,TRUMANSBURG ELEMENTARY SCHOOL 100 WHIG ST TRUMANSBURG,B4995,Truman Elementary School 15 Inner Dr Buffalo,0.86252165
A1243,PS 29 BARDWELL 1581 VICTORY BLVD STATEN ISLAND,B4110,Ps 78 100 Tompkins Ave Staten Island,0.8625088
A1479,PS 63 OLD SOUTH 90-15 SUTTER AVE OZONE PARK,B3562,P.S. 155 13002 115th Ave South Ozone Park,0.8625081
A1439,PS 154 75-02 162ND ST FLUSHING,B3619,P.S. 184 Flushing Manor 163-15 21st Rd Queens,0.86233205
A2750,FALCONER MIDDLE/HIGH SCHOOL PO BOX 48 FALCONER,B1399,Falconer Jr-Sr High School 2 East Ave Falconer,0.862274
A4578,ORCHARD VIEW ALTERNATIVE HIGH SCHOOL 25 CORPORATE DR HOPEWELL JUNCTION,B3136,Orchard View Alternative High School 15 Meyers Corners Road Wappingers Falls,0.86217916
A250,JHS 54 BOOKER T WASHINGTON 103 W 107TH ST NEW YORK,B2174,J.H.S. 054 Booker T. Washington 103 W 107th St Manhattan,0.8621173
A2984,HARRISVILLE JUNIOR-SENIOR HIGH SCHOOL 14371 PIRATE LN HARRISVILLE,B1808,Harrisville Central School 14371 Pirate Lane Harrisville,0.86205316
A2412,SINCLAIRVILLE ELEMENTARY SCHOOL PO BOX 540 SINCLAIRVILLE,B4508,Sinclairville Elem School 43 Sinclair Dr Sinclairville,0.8618467
A4861,SUCCESS ACADEMY CHARTER SCHOOL-NYC 6 760 EAST GUN HILL RD BRONX,B4765,Strive Charter School 604 E 139th St Bronx,0.8617866
A1307,PS 17 HENRY D WOODWORTH 208 N 5TH ST BROOKLYN,B3243,P.S. 017 Henry D. Woodworth 208 North 5 Street Brooklyn,0.86176336
A645,PS 21 PHILIP H SHERIDAN 715 E 225TH ST BRONX,B3260,P.S. 021 Philip H. Sheridan 715 East 225 Street Bronx,0.86171186
A2047,AFTON JUNIOR/SENIOR HIGH SCHOOL PO BOX 5 AFTON,B81,Afton Middle Senior High Sch 18 Sand St Afton,0.8616949
A267,MS 245 COMPUTER SCHOOL (THE) 100 W 77TH ST NEW YORK,B2606,M.S. M245 The Computer School 100 West 77th Street Manhattan,0.8616348
A2082,A F PALMER ELEMENTARY SCHOOL / WINDSOR CENTRAL MIDDLE SCHOOL 213 MAIN ST WINDSOR,B653,C R Weeks Elementary 440 Foley Rd Windsor,0.86157393
A1947,SUCCESS ACADEMY CHARTER SCHOOL-BED STUY 3 787 LAFAYETTE AVE BROOKLYN,B572,Brooklyn Emerging Leaders Academy Charter High School 125 Stuyvesant Ave Brooklyn,0.86153436
A1601,PS 23 AT QUEENS CHILDREN CENTER 74-03 COMMONWEALTH BLVD-BLDG 39 BELLEROSE,B3860,P.S. Q023 @ Queens Children Center 7403 Commonwealth Blvd Bellerose,0.8615116
A924,PS 244 RICHARD R GREEN 5404 TILDEN AVE BROOKLYN,B3718,P.S. 244 Richard R. Green 5400 Tilden Avenue Brooklyn,0.8613706
A355,PS 8 LUIS BELLIARD 465 W 167TH ST NEW YORK,B3224,P.S. 008 Luis Belliard 465 West 167 Street Manhattan,0.8612392
A1535,SOUTH STREET SCHOOL 130 SOUTH ST MANORVILLE,B1054,Dayton Avenue School 151 Dayton Ave Manorville,0.86123306
A1405,PS 327 DR ROSE B ENGLISH 111 BRISTOL ST BROOKLYN,B3776,P.S. 327 Dr. Rose B. English 111 Bristol St Brooklyn,0.8612167
A258,PS 165 ROBERT E SIMON 234 W 109TH ST NEW YORK,B3589,P.S. 165 Robert E. Simon 234 W 109th St Manhattan,0.86119115
A2367,CAIRO-DURHAM MIDDLE SCHOOL PO BOX 1139 CAIRO,B658,Cairo-Durham Jr-Sr High School 1301 Rt 145 Cairo,0.8611046
A489,PS 11 HIGHBRIDGE 1257 OGDEN AVE BRONX,B3229,P.S. 011 Highbridge 1257 Ogden Ave Bronx,0.8610892
A1035,FRANCIS LEWIS HIGH SCHOOL 58-20 UTOPIA PKY FRESH MEADOWS,B1486,Francis Lewis High School 58-20 Utopia Parkway Fresh Meadows,0.8609918
A106,PS 34 FRANKLIN D ROOSEVELT 730 E 12TH ST NEW YORK,B3293,P.S. 034 Franklin D. Roosevelt 730 E 12th St Manhattan,0.8609175
A1666,PS 229 DYKER 1400 BENSON AVE BROOKLYN,B3702,P.S. 229 Dyker 1400 Benson Avenue Brooklyn,0.8608588
A1071,DAVID N DINKINS SCHOOL 108-29 155TH ST JAMAICA,B4695,St Nicholas Of Tolentine Catholic Academy 80-22 Parsons Blvd Jamaica,0.86071694
A1143,IS 192 LINDEN (THE) 109-89 204TH ST SAINT ALBANS,B2055,I.S. 192 The Linden 10989 204th St Saint Albans,0.86069685
A1018,CIVIC LEADERSHIP ACADEMY 45-10 94TH ST ELMHURST,B881,Civic Leadership Academy 45-10 94th Street Queens,0.8606092
A2431,CORDELLO AVENUE ELEMENTARY SCHOOL 51 CORDELLO AVE CENTRAL ISLIP,B4683,St Mary Elementary School 16 Harrison Ave East Islip,0.860521
A330,PS 194 COUNTEE CULLEN 244 W 144TH ST NEW YORK,B3639,P.S. 194 Countee Cullen 244 West 144 Street Manhattan,0.8604491
A886,PS 399 STANLEY EUGENE CLARKE 2707 ALBERMARLE RD BROOKLYN,B4112,Ps 939 270 59th Street Brooklyn,0.8604185
A213,URBAN ASSEMBLY ACADEMY OF GOVERNMENT AND LAW 350 GRAND ST NEW YORK,B5051,"Urban Assembly Academy Of Government And Law, The 350 Grand Street Manhattan",0.86040854
A1201,PS 234 30-15 29TH ST ASTORIA,B4102,Ps 110 48-29 37th Street Queens,0.8603663
A1440,PS 163 FLUSHING HEIGHTS 159-01 59TH AVE FLUSHING,B3586,P.S. 164 Queens Valley 13801 77th Ave Flushing,0.8603606
A3487,C E WALTERS SCHOOL 15 EVERETT DR YAPHANK,B810,Charles E. Walters Elementary School 15 Everret Dr Yaphank,0.8603447
A1400,PS 165 IDA POSNER 76 LOTT AVE BROOKLYN,B4111,Ps 936 270 59th Street Brooklyn,0.8603065
A65,MATTITUCK-CUTCHOGUE ELEMENTARY SCHOOL PO BOX 1438 CUTCHOGUE,B2724,Mattituck Jr-Sr High School 15125 Main Rd Mattituck,0.86030173
A953,PS 75 MAYDA CORTIELLA 95 GROVE ST BROOKLYN,B4111,Ps 936 270 59th Street Brooklyn,0.86030024
A1444,PS 184 FLUSHING MANOR 163-15 21ST RD WHITESTONE,B3619,P.S. 184 Flushing Manor 163-15 21st Rd Queens,0.8601046
A497,PS 70 MAX SCHOENFELD 1691 WEEKS AVE BRONX,B3384,P.S. 070 Max Schoenfeld 1691 Weeks Ave Bronx,0.8600296
A1584,PS 371 LILLIAN L RASHKIS 355 37TH ST BROOKLYN,B4109,Ps 536 1827 Archer Street Bronx,0.85999596
A382,COMMUNITY MATH AND SCIENCE PREP 401 W 164TH ST NEW YORK,B4422,"School Of Math, Science, And Healthy Living 6214 4th Avenue New York",0.8598507
A3329,SOULE ROAD ELEMENTARY SCHOOL 8338 SOULE RD LIVERPOOL,B2522,Liverpool High School 4338 Wetzel Rd Liverpool,0.85981154
A712,PS 61 FRANCISCO OLLER 1550 CROTONA PARK E BRONX,B3367,P.S. 061 Francisco Oller 1550 Crotona Park East Bronx,0.85978574
A4674,WEST VALLEY CENTRAL SCHOOL PO BOX 290 WEST VALLEY,B5287,West Valley Central School 5359 School St West Valley,0.85975295
A558,PS 23 NEW CHILDREN'S SCHOOL (THE) 2151 WASHINGTON AVE BRONX,B1218,"East Side Elementary School, Ps 267 213 East 63rd Street Manhattan",0.85973036
A2997,NORTH ROCKLAND HIGH SCHOOL PO BOX 495 THIELLS,B3026,North Rockland High School 106 Hammond Rd Thiells,0.85969454
A2104,ANDOVER SCHOOL PO BOX G ANDOVER,B151,Andover Central School 31 Elm St Andover,0.85963035
A298,PS 96 JOSEPH LANZETTA 216 E 120TH ST NEW YORK,B3431,P.S. 096 Joseph Lanzetta 216 E 120th St Manhattan,0.8596064
A1029,INTERNATIONAL HIGH SCHOOL FOR HEALTH SCIENCES 48-01 90TH ST ELMHURST,B2130,International High School For Health Sciences 48-01 90 Street Queens,0.85958683
A1352,PS 190 SHEFFIELD 590 SHEFFIELD AVE BROOKLYN,B3631,P.S. 190 Sheffield 590 Sheffield Avenue Brooklyn,0.8595134
A1359,JHS 292 MARGARET S DOUGLAS 301 VERMONT ST BROOKLYN,B2211,J.H.S. 292 Margaret S. Douglas 301 Vermont Street Brooklyn,0.85948795
A555,NEW PATHWAYS ACADEMY 1000 TELLER AVE BRONX,B524,Bronx Envision Academy 1619 Boston Rd. Bronx,0.85946643
A2689,GREENBURGH ELEVEN MIDDLE SCHOOL 1 ECHO HILLS - BETHUNE BLDG #36 DOBBS FERRY,B1706,Greenburgh Eleven Middle School P.O. Box 501 Dobbs Ferry,0.8594451
A1317,PS 120 CARLOS TAPIA 18 BEAVER ST BROOKLYN,B3485,P.S. 120 Carlos Tapia 18 Beaver Street Brooklyn,0.8594237
A1046,JAMES J AMBROSE SCHOOL (THE) 80-51 261ST ST FLORAL PARK,B2291,John Lewis Childs Elem School 10 Elizabeth St Floral Park,0.8593612
A1398,PS/IS 155 NICHOLAS HERKIMER 1355 HERKIMER ST BROOKLYN,B3886,P.S./ I.S. 155 Nicholas Herkimer 1355 Herkimer St Brooklyn,0.85927814
A3251,WILLIAM G HOUSTON MIDDLE SCHOOL 8855 ERIE RD ANGOLA,B13,A J Schmidt Elementary School 9455 Lake Shore Rd Angola,0.8592663
A2293,BUFFALO ACADEMY FOR THE VISUAL & PERFORMING ARTS 450 MASTEN AVE BUFFALO,B625,Buffalo Academy-Sacred Heart 3860 Main St Buffalo,0.8591863
A1744,PS 207 ELIZABETH G LEARY 4011 FILLMORE AVE BROOKLYN,B3672,P.S. 207 Elizabeth G. Leary 4011 Fillmore Ave Brooklyn,0.8591485
A20,FRANK P LONG INTERMEDIATE SCHOOL 599 BROOKHAVEN AVE BELLPORT,B1494,Frank P Long Intermediate Sch 599 Brookhaven Ave Bellport,0.85907865
A2310,PS 42 OCCUPATIONAL TRAINING CENTER 75 W HURON ST BUFFALO,B4071,Potters Road Occupational Ctr 705 Potters Rd Buffalo,0.8590362
A521,PS/MS 4 CROTONA PARK WEST 1701 FULTON AVE BRONX,B3900,P.S./M.S. 004 Crotona Park West 1701 Fulton Ave Bronx,0.8589192
A4860,SUCCESS ACADEMY CHARTER SCHOOL-NYC 5 760 EAST GUN HILL RD BRONX,B4765,Strive Charter School 604 E 139th St Bronx,0.85886395
A2944,HALF HOLLOW HILLS HIGH SCHOOL EAST 50 VANDERBILT PKY DIX HILLS,B1756,Half Hollow Hills High Sch-E 50 Vanderbilt Pkwy Dix Hills,0.8588637
A329,PS 161 PEDRO ALBIZU CAMPOS 499 W 133RD ST NEW YORK,B3577,P.S. 161 Pedro Albizu Campos 499 W 133rd St New York,0.8587785
A729,KNOWLEDGE AND POWER PREPARATORY ACADEMY III 2055 MAPES AVE BRONX,B2378,Knowledge And Power Preparatory Academy Vi 821 Bay 25th St Far Rockaway,0.8587723
A25,SARANAC HIGH SCHOOL PO BOX 8 SARANAC,B4367,Saranac Elementary School 18 Picketts Corners Road Saranac,0.85877055
A816,JHS 88 PETER ROUGET 544 7TH AVE BROOKLYN,B2181,J.H.S. 088 Peter Rouget 544 7th Ave Brooklyn,0.85875154
A4690,WESTHAMPTON MIDDLE SCHOOL 340 MILL RD WESTHAMPTON BEACH,B5266,West Hampton Beach Middle Sch 340 Mill Rd Westhampton,0.8587258
A4021,SCHOOL 45-MARY MCLEOD BETHUNE 1445 CLIFFORD AVE ROCHESTER,B4403,School # 45 - Northeast 1445 Clifford Ave Rochester,0.8587057
A1930,SUCCESS ACADEMY CHARTER SCHOOL - BENSONHURST 99 AVE P-4TH FL BROOKLYN,B595,"Brooklyn Rise Charter School 9 Hanover Place, 2nd Fl Brooklyn",0.85859674
A1377,ACADEMY OF INNOVATIVE TECHNOLOGY 999 JAMAICA AVE BROOKLYN,B4425,School Of Science & Technology 725 E 23 St Brooklyn,0.85859025
A4504,CHRISTOPHER COLUMBUS ELEMENTARY SCHOOL 934 ARMORY DR UTICA,B938,Columbus Elementary School 275 Washington Ave New Rochelle,0.8585877
A570,PS 24 SPUYTEN DUYVIL 660 W 236TH ST BRONX,B4109,Ps 536 1827 Archer Street Bronx,0.8585097
A1403,GREGORY JOCKO JACKSON-SPORTS-ARTS 213 OSBORN ST BROOKLYN,B4868,"The Gregory Jocko Jackson School Of Sports, Art And Technology 213 Osborn Street Brooklyn",0.8585029
A2635,DONALD P SUTHERLAND SCHOOL PO BOX 429 NASSAU,B4783,Sutherland Elementary School 4 John Street Nassau,0.858445
A514,JHS 22 JORDAN L MOTT 270 E 167TH ST BRONX,B2171,J.H.S. 022 Jordan L. Mott 270 E 167 St Bronx,0.85842264
A879,PS 241 EMMA L JOHNSTON 976 PRESIDENT ST BROOKLYN,B3714,P.S. 241 Emma L. Johnston 976 President Street Brooklyn,0.85840935
A1325,PS 297 ABRAHAM STOCKTON 700 PARK AVE BROOKLYN,B4111,Ps 936 270 59th Street Brooklyn,0.85836875
A255,PS 145 BLOOMINGDALE SCHOOL (THE) 150 W 105TH ST NEW YORK,B3536,"P.S. 145, The Bloomingdale School 150 W 105th St Manhattan",0.8583326
A3106,NETHERWOOD SCHOOL PO BOX 724 HYDE PARK,B2939,Netherwood Elementary School Netherwood Road Hyde Park,0.8582955
A3100,SOUTHDOWN SCHOOL PO BOX 1500 HUNTINGTON,B4578,Southdown Primary School 125 Browns Rd Huntington,0.85815156
A1126,PS 38 ROSEDALE 135-21 241ST ST ROSEDALE,B4305,Rosedale (Sa-Ro) 147-65 249th St Rosedale,0.85805845
A3970,PRATTSBURGH CENTRAL SCHOOL PO BOX 249 PRATTSBURGH,B4077,Prattsburg Central School 1 Academy St Prattsburgh,0.8577998
A1230,PS 8 SHIRLEE SOLOMON 112 LINDENWOOD RD STATEN ISLAND,B3828,P.S. 8 Shirlee Solomon 112 Lindenwood Rd Staten Island,0.85779274
A350,PS 18 PARK TERRACE 4124 9TH AVE NEW YORK,B4110,Ps 78 100 Tompkins Ave Staten Island,0.85772383
A1358,PS 273 WORTMAN 923 JEROME ST BROOKLYN,B4111,Ps 936 270 59th Street Brooklyn,0.85769415
A1875,SUCCESS ACADEMY CHARTER SCHOOL-BED STUY 2 211 THROOP AVE-3RD FL BROOKLYN,B572,Brooklyn Emerging Leaders Academy Charter High School 125 Stuyvesant Ave Brooklyn,0.85749143
A918,PS 135 SHELDON A BROOKNER 684 LINDEN BLVD BROOKLYN,B3503,P.S. 128 Bensonhurst 2075 84 Street Brooklyn,0.8572572
A457,MS 101 EDWARD R BYRNE 2750 LAFAYETTE AVE BRONX,B2608,M.S. X101 Edward R. Byrne 2750 Lafayette Ave Bronx,0.8571952
A3198,INCREASE MILLER ELEMENTARY SCHOOL PO BOX 387 KATONAH,B2108,"Increase Miller Elementary School 186 Waccabuc Road, Rt. 138 Goldens Bridge",0.857116
A1306,PS 16 LEONARD DUNKLY 157 WILSON ST BROOKLYN,B3242,P.S. 016 Leonard Dunkly 157 Wilson Street Brooklyn,0.8570222
A4463,TIOGA SENIOR HIGH SCHOOL PO BOX 241 TIOGA CENTER,B4964,Tioga Middle School 27 5th Ave Tioga Center,0.85698813
A3322,DONLIN DRIVE ELEMENTARY SCHOOL 299 DONLIN DR LIVERPOOL,B2522,Liverpool High School 4338 Wetzel Rd Liverpool,0.856979
A883,PS 316 ELIJAH STROUD 750 CLASSON AVE BROOKLYN,B3772,P.S. 316 Elijah Stroud 750 Classon Avenue Brooklyn,0.8569071
A3101,WASHINGTON SCHOOL 78 WHITSON RD HUNTINGTON STATION,B1600,George Washington School 347 William St West Hempstead,0.8568243
A772,PS 307 DANIEL HALE WILLIAMS 209 YORK ST BROOKLYN,B3765,P.S. 307 Daniel Hale Williams 209 York Street Brooklyn,0.85666406
A3320,CHESTNUT HILL ELEMENTARY SCHOOL 200 SASLON PARK DR LIVERPOOL,B2522,Liverpool High School 4338 Wetzel Rd Liverpool,0.856367
A1845,ACHIEVEMENT FIRST APOLLO CHARTER SCHOOL 350 LINWOOD ST BROOKLYN,B1380,"Excellence Girls Charter School 794 Monroe Street, 3rd Floor Brooklyn",0.8561782
A3699,BOGHT HILLS SCHOOL 38 DUNSBACH FERRY RD COHOES,B435,Boght Hills Elementary School 38 Dunsbach Ferry Rd Latham,0.8561434
A874,PS 161 CROWN (THE) 330 CROWN ST BROOKLYN,B4111,Ps 936 270 59th Street Brooklyn,0.85610133
A2311,LOVEJOY DISCOVERY SCHOOL #43 161 BENZINGER ST BUFFALO,B623,Buffalo Academy Of Science Charter School 190 Franklin Street Buffalo,0.8560851
A1866,SUCCESS ACADEMY CHARTER SCHOOL - BED STUY 1 70 TOMPKINS AVE-2ND FL BROOKLYN,B572,Brooklyn Emerging Leaders Academy Charter High School 125 Stuyvesant Ave Brooklyn,0.85606384
A603,PS 85 GREAT EXPECTATIONS 2400 MARION AVE BRONX,B3406,P.S. 085 Great Expectations 2400 Marion Ave Bronx,0.855873
A2796,FREWSBURG JUNIOR-SENIOR HIGH SCHOOL PO BOX 690 FREWSBURG,B1527,Frewsburg Jr-Sr High School 26 Institute St Frewsburg,0.85584664
A1319,PS 132 CONSELYEA SCHOOL (THE) 320 MANHATTAN AVE BROOKLYN,B1218,"East Side Elementary School, Ps 267 213 East 63rd Street Manhattan",0.85583013
A1644,PS 102 BAYVIEW (THE) 211 72ND ST BROOKLYN,B4111,Ps 936 270 59th Street Brooklyn,0.85578054
A921,PS 219 KENNEDY-KING 1060 CLARKSON AVE BROOKLYN,B3692,P.S. 219 Kennedy-King 1060 Clarkson Avenue Brooklyn,0.8555925
A893,SCIENCE TECHNOLOGY & RESEARCH EARLY COLLEGE 911 FLATBUSH AVE BROOKLYN,B4439,"Science, Technology And Research Early College High School At Erasmus 911 Flatbush Avenue Brooklyn",0.85542023
A2182,BAY SHORE PREKINDERGARTEN CENTER 70 BRENTWOOD RD BAY SHORE,B292,Bay Shore Upk (Pre-K) 200 W Main Street Bay Shore,0.855379
A1007,PS 16 NANCY DEBENEDITTIS SCHOOL (THE) 41-15 104TH ST CORONA,B3166,Our Lady Of Sorrows School 35-34 105th Street Corona,0.8552798
A1612,PS 233 91-30 METROPOLITAN AVE FOREST HILLS,B4105,Ps 390 56-10 214 Street Queens,0.85527265
A3989,RED CREEK HIGH SCHOOL PO BOX 190 RED CREEK,B4182,Red Creek Middlehigh School 6574 South St Red Creek,0.8552293
A4494,UNION SPRINGS HIGH SCHOOL PO BOX 508 UNION SPRINGS,B5019,Union Springs Cent Junior/High School 239 Cayuga St Union Springs,0.8551879
A3954,JOHN PHILIP SOUSA ELEMENTARY SCHOOL 101 SANDS POINT RD PORT WASHINGTON,B2296,John Philip Sousa Elem School 101 Sands Point Rd Port Washingtn,0.855168
A797,PS 32 SAMUEL MILLS SPROLE 317 HOYT ST BROOKLYN,B3287,P.S. 032 Samuel Mills Sprole 317 Hoyt St Brooklyn,0.8550459
A294,PS 38 ROBERTO CLEMENTE 232 E 103RD ST NEW YORK,B3240,P.S. 015 Roberto Clemente 333 E 4th St Manhattan,0.85502404
A1239,PS 23 RICHMONDTOWN 30 NATICK ST STATEN ISLAND,B4110,Ps 78 100 Tompkins Ave Staten Island,0.8550229
A4120,MARY K VOLLMER ELEMENTARY SCHOOL 150 TELEPHONE RD WEST HENRIETTA,B1447,Floyd S Winslow Elementary Sch 725 Pinnacle Rd Henrietta,0.8550107
A446,PS 100 ISAAC CLASON 800 TAYLOR AVE BRONX,B4109,Ps 536 1827 Archer Street Bronx,0.85491014
A4365,CHESTNUT RIDGE MIDDLE SCHOOL 892 NY-45 CHESTNUT RIDGE,B854,Chestnut Ridge Jr High School 892 Chestnut Rdg Rd Chestnut Ridge,0.8546693
A366,PS 189 2580 AMSTERDAM AVE NEW YORK,B4111,Ps 936 270 59th Street Brooklyn,0.85465974
A4858,SUCCESS ACADEMY CHARTER SCHOOL-NYC 12 2169 BLACKROCK AVE BRONX,B4765,Strive Charter School 604 E 139th St Bronx,0.85461974
A302,PS 146 ANN M SHORT 421 E 106TH ST NEW YORK,B3538,P.S. 146 Ann M. Short 421 E 106th St Manhattan,0.8544829
A3995,RED JACKET ELEMENTARY SCHOOL 1506 RT 21 SHORTSVILLE,B4185,Red Jacket Elementary School 1506 Route 21 Manchester,0.85447466
A1480,PS 64 JOSEPH P ADDABBO 82-01 101ST AVE OZONE PARK,B3371,P.S. 064 Joseph P. Addabbo 8201 101st Ave Ozone Park,0.8544383
A2344,RIVERSIDE ACADEMY HIGH SCHOOL 51 ONTARIO ST BUFFALO,B1206,East Middle School 1445 Center Rd Buffalo,0.8543868
A1650,PS 163 BATH BEACH 109 BAY 14TH ST BROOKLYN,B3583,P.S. 163 Bath Beach 109 Bay 14th Street Brooklyn,0.8543728
A2406,BLACK RIVER SCHOOL PO BOX 218 BLACK RIVER,B402,Black River Elementary School 160 Leray St Black River,0.85419357
A1038,PS 26 RUFUS KING 195-02 69TH AVE FLUSHING,B3272,P.S. 026 Rufus King 195-02 69th Ave Queens,0.8541918
A4327,SILAS WOOD 6TH GRADE CENTER 23 HARDING PL HUNTINGTON STATION,B4504,Silas Wood Education Center 23 Harding Pl Huntington Sta,0.8541448
A1350,PS 159 ISAAC PITKIN 2781 PITKIN AVE BROOKLYN,B3571,P.S. 159 Isaac Pitkin 2781 Pitkin Avenue Brooklyn,0.85409313
A801,PS 58 CARROLL (THE) 330 SMITH ST BROOKLYN,B4111,Ps 936 270 59th Street Brooklyn,0.8540465
A1614,PS 79 HORAN SCHOOL 55 E 120TH ST NEW YORK,B3852,P.S. M079 - Horan School 55 East 120 Street Manhattan,0.85401464
A3728,NORTHEASTERN CLINTON MIDDLE SCHOOL 103 RT 276 CHAMPLAIN,B902,Clinton Middle School 75 Chenango Ave Clinton,0.8540086
A245,MS 297 75 MORTON ST NEW YORK,B4119,Ps/Ms 194 2365 Waterbury Ave Bronx,0.8539395
A3268,RAYMOND C BUCKLEY ELEMENTARY SCHOOL 284 RIDGE RD LANSING,B2418,Lansing High School 300 Ridge Rd Lansing,0.8538066
A4066,ANDREW A LANGSTON MIDDLE SCHOOL 1 EDGERTON PARK ROCHESTER,B1291,Elementary School 17 156 Orchard St Rochester,0.8536673
A3885,PERU HIGH SCHOOL PO BOX 68 PERU,B4005,Peru Elementary School 116 Pleasant Avenue Peru,0.8535711
A2026,WILDFLOWER NEW YORK CHARTER SCHOOL 1332 FULTON AVE BRONX,B4543,South Bronx Classical Charter School Ii 333 East 135th Street Bronx,0.85351455
A440,PS 62 INOCENSIO CASANOVA 660 FOX ST BRONX,B4109,Ps 536 1827 Archer Street Bronx,0.85337865
A449,JHS 123 JAMES M KIERNAN 1025 MORRISON AVE BRONX,B2185,J.H.S. 123 James M. Kieran 1025 Morrison Ave Bronx,0.8533496
A2294,BURGARD HIGH SCHOOL 400 KENSINGTON AVE BUFFALO,B258,Baker Hall School 777 Ridge Rd Buffalo,0.85325235
A2654,CLARKE MIDDLE SCHOOL 740 EDGEWOOD DR WESTBURY,B5260,West End Elementary School 30 Clark Ave Lynbrook,0.853158
A1367,PS 7 ABRAHAM LINCOLN 858 JAMAICA AVE BROOKLYN,B3220,P.S. 007 Abraham Lincoln 858 Jamaca Avenue Brooklyn,0.8531102
A2292,BUFFALO ELEMENTARY SCHOOL OF TECHNOLOGY 414 S DIVISION ST BUFFALO,B624,Buffalo Academy Of Science Charter School 2 335 Doat St Buffalo,0.853073
A4034,SCHOOL 19-DR CHARLES T LUNSFORD 465 SEWARD ST ROCHESTER,B4407,School #20- Henry Lomb School 54 Oakman St Rochester,0.85304123
A762,PS 56 LEWIS H LATIMER 170 GATES AVE BROOKLYN,B3356,P.S. 056 Lewis H. Latimer 170 Gates Avene Brooklyn,0.8530313
A2336,MATH SCIENCE TECHNOLOGY PREPARATORY SCHOOL AT 197 646 E DELEVAN AVE BUFFALO,B624,Buffalo Academy Of Science Charter School 2 335 Doat St Buffalo,0.8528676
A3611,MANOR OAKS WILLIAM BOWIE SCHOOL 1950 HILLSIDE AVE NEW HYDE PARK,B2658,Manor Oaks-William Bowie Sch 1950 Hillside Ave New Hyde Park,0.852572
A1501,JHS 210 ELIZABETH BLACKWELL 93-11 101ST AVE OZONE PARK,B2199,J.H.S. 210 Elizabeth Blackwell 93-11 101 Avenue Queens,0.8525467
A619,MARIE CURIE HIGH SCHOOL-NURSING 120 W 231ST ST BRONX,B4882,"The Marie Curie School For Medicine, Nursing, And Health Professions 120 West 231 Street Bronx",0.8524579
A666,PS 175 CITY ISLAND 200 CITY ISLAND AVE BRONX,B4106,Ps 5 Port Morris 564 Jackson Avenue Bronx,0.8524512
A113,PS 184 SHUANG WEN 327 CHERRY ST-2ND FL NEW YORK,B3621,P.S. 184m Shuang Wen 327 Cherry St Manhattan,0.85236955
A602,PS 59 COMMUNITY SCHOOL OF TECHNOLOGY (THE) 2185 BATHGATE AVE BRONX,B2106,In-Tech Academy (M.S. / High School 368) 2975 Tibbett Avenue Bronx,0.8523083
A1729,JHS 14 SHELL BANK 2424 BATCHELDER ST BROOKLYN,B2170,J.H.S. 014 Shell Bank 2424 Batchelder St Brooklyn,0.85227776
A1353,PS 202 ERNEST S JENKYNS 982 HEGEMAN AVE BROOKLYN,B4111,Ps 936 270 59th Street Brooklyn,0.85220563
A1874,SUCCESS ACADEMY CHARTER SCHOOL-WILLIAMSBURG 183 S 3RD ST-4TH FL BROOKLYN,B595,"Brooklyn Rise Charter School 9 Hanover Place, 2nd Fl Brooklyn",0.8521478
A3658,NEWFIELD SENIOR HIGH SCHOOL 247 MAIN ST NEWFIELD,B2994,Newfield High School 145 Marshall Dr Selden,0.8520947
A2866,SCOTCHTOWN AVENUE SCHOOL 120 SCOTCHTOWN AVE GOSHEN,B4441,Scotchtown 120 Scotchtown Ave Goshen,0.85209364
A4068,LORETTA JOHNSON MIDDLE SCHOOL 200 GENESEE ST ROCHESTER,B1289,Elementary School 16 321 Post Ave Rochester,0.85193676
A1049,PS 159 205-01 33RD AVE BAYSIDE,B4105,Ps 390 56-10 214 Street Queens,0.85177904
A796,PS 29 JOHN M HARRIGAN 425 HENRY ST BROOKLYN,B3278,P.S. 029 John M. Harrigan 425 Henry St Brooklyn,0.8517289
A3027,HEUVELTON CENTRAL SCHOOL PO BOX 375 HEUVELTON,B1881,Heuvelton Central School Washington Street Heuvelton,0.8516679
A1262,PS 55 HENRY M BOEHM 54 OSBORNE ST STATEN ISLAND,B3353,P.S. 055 Henry M. Boehm 54 Osborne St Staten Island,0.85161823
A1849,UNCOMMON CROWN HEIGHTS CHARTER SCHOOL NYC 1137 HERKIMER ST-2ND FL BROOKLYN,B1188,East Flatbush Ascend Charter School 870 Albany Avenue Brooklyn,0.8515252
A1060,JHS 216 GEORGE J RYAN 64-20 175TH ST FLUSHING,B2200,J.H.S. 216 George J. Ryan 64-20 175 Street Queens,0.8514776
A1245,PS 31 WILLIAM T DAVIS 55 LAYTON AVE STATEN ISLAND,B3285,P.S. 031 William T. Davis 55 Layton Ave Staten Island,0.8514114
A591,MS 390 1930 ANDREWS AVE BRONX,B4119,Ps/Ms 194 2365 Waterbury Ave Bronx,0.8513099
A1320,PS 147 ISSAC REMSEN 325 BUSHWICK AVE BROOKLYN,B3541,P.S. 147 Isaac Remsen 325 Bushwick Ave Brooklyn,0.85123193
A1423,IS 250 ROBERT F KENNEDY COMMUNITY MIDDLE SCHOOL (THE) 158-40 76TH RD FLUSHING,B4250,Robert F. Kennedy Community High School 75-40  Parsons Blvd Flushing,0.85120857
A1620,PS 469-BRONX SCHOOL FOR CONTINUOUS LEARNING (THE) 240 E 172ND ST BRONX,B550,Bronx-Manhattan Sda School 1440 Plimpton Ave Bronx,0.85120225
A1681,SUNSET SCHOOL OF CULTURAL LEARNING 270 59TH ST BROOKLYN,B601,Brooklyn Secondary School For Collaborative Studies 610 Henry Street Brooklyn,0.85119075
A155,PS 33 CHELSEA PREP 281 9TH AVE NEW YORK,B3290,P.S. 033 Chelsea Prep 281 9th Avenue Manhattan,0.8511492
A4588,SANFORDVILLE ELEMENTARY SCHOOL PO BOX 595 WARWICK,B5190,Warwick Valley Sr High School 89 Sanfordville Rd Warwick,0.8511054
A3407,ENDERS ROAD ELEMENTARY SCHOOL 4725 ENDERS RD MANLIUS,B1166,Eagle Hill Middle School 4645 Enders Rd Manlius,0.8510606
A1030,CHILDREN'S LAB SCHOOL (THE) 45-46 42ND ST LONG ISLAND CITY,B4848,The Childrens Lab School 45-45 42nd Street Queens,0.8510429
A1133,PS 131 ABIGAIL ADAMS 170-45 84TH AVE JAMAICA,B3511,P.S. 131 Abigail Adams 170-45 84 Avenue Queens,0.8510021
A3656,NEWFIELD MIDDLE SCHOOL 247 MAIN ST NEWFIELD,B3113,Oldfield Middle School 2 Oldfield Rd Greenlawn,0.85095423
A1698,PS 188 MICHAEL E BERDY 3314 NEPTUNE AVE BROOKLYN,B4111,Ps 936 270 59th Street Brooklyn,0.8509203
A2686,WAVERLY EARLY CHILDHOOD CENTER 45 HALL AVE EASTCHESTER,B1170,Early Childhood Center 10 Campbell St New Hyde Park,0.8504064
A1634,ACHIEVEMENT FIRST CROWN HEIGHTS CHARTER SCHOOL 790 E NEW YORK AVE BROOKLYN,B1188,East Flatbush Ascend Charter School 870 Albany Avenue Brooklyn,0.85039556
A3996,RED JACKET HIGH SCHOOL 1506 RT 21 SHORTSVILLE,B4186,Red Jacket Jr Sr High School 1506 Route 21 Manchester,0.85025346
A159,PS 51 ELIAS HOWE 525 W 44TH ST NEW YORK,B3343,P.S. 051 Elias Howe 525 West 44th Street Manhattan,0.85021055
A3321,CHESTNUT HILL MIDDLE SCHOOL 204 SASLON PARK DR LIVERPOOL,B2522,Liverpool High School 4338 Wetzel Rd Liverpool,0.85009605
A2085,ALTMAR-PARISH-WILLIAMSTOWN JR/SR HIGH SCHOOL PO BOX 970 PARISH,B138,Altmar-Parish-Williamstown Jr/Sr Hs 639 County Route 22 Parish,0.8499701
A1642,PS 48 MAPLETON 6015 18TH AVE BROOKLYN,B4111,Ps 936 270 59th Street Brooklyn,0.84994096
A1008,PS 12 JAMES B COLGATE 42-00 72ND ST WOODSIDE,B3233,P.S. 012 James B. Colgate 42-00 72nd St Woodside,0.84991306
A2321,LORRAINE ELEMENTARY SCHOOL 71 LORRAINE AVE BUFFALO,B1206,East Middle School 1445 Center Rd Buffalo,0.8498907
A1390,LEGACY SCHOOL OF THE ARTS 590 SHEFFIELD AVE BROOKLYN,B1032,Cultural Academy For The Arts And Sciences 5800 Tilden Avenue Brooklyn,0.8498684
A4850,STATEN ISLAND HEBREW PUBLIC CHARTER SCHOOL 829 FATHER CAPODANNO BLVD STATEN ISLAND,B4887,The Michael J. Petrides School 715 Ocean Ter Staten Island,0.8497533
A4818,MONROE 1 BOCES 41 O'CONNOR RD FAIRPORT,B2825,Monroe 1 Boces Alternative High School 41 O'Connor Road Fairport,0.8496299
A4737,WINDHAM ASHLAND CENTRAL SCHOOL PO BOX 429 WINDHAM,B5387,Windham-Ashland Jewett Central School 5411 State Route 23 Windham,0.8495585
A4717,NORTH GREENBUSH SCHOOL 49 GREENBUSH RD TROY,B1286,Elementary School 14 1700 Tibbits Ave Troy,0.84951204
A4056,JOSEPH C WILSON FOUNDATION ACADEMY 200 GENESEE ST ROCHESTER,B5381,Wilson Magnet School 501 Genesee St Rochester,0.8494752
A1257,IS 49 BERTA A DREYFUS 101 WARREN ST STATEN ISLAND,B2081,I.S. 49 Berta A. Dreyfus 101 Warren St Staten Island,0.8492526
A1355,PS 214 MICHAEL FRIEDSAM 2944 PITKIN AVE BROOKLYN,B4111,Ps 936 270 59th Street Brooklyn,0.8492515
A4757,ENRICO FERMI SCHOOL FOR THE PERFORMING ARTS 27 POPLAR ST YONKERS,B1353,Enrico Fermi Perf Arts Sch 27 Poplar St Yonkers,0.84924495
A3936,A A GATES ELEMENTARY SCHOOL 30 MAPLE AVE PORT BYRON,B4056,Port Byron High School 30 Maple Ave Port Byron,0.84919983
A2376,CANAJOHARIE MIDDLE SCHOOL 25 SCHOOL DISTRICT RD CANAJOHARIE,B680,Canandaigua Middle School 215 Granger St Canandaigua,0.8491777
A798,PS 38 PACIFIC (THE) 450 PACIFIC ST BROOKLYN,B4111,Ps 936 270 59th Street Brooklyn,0.8491224
A4688,WESTHAMPTON BEACH ELEMENTARY SCHOOL 379 MILL RD WESTHAMPTON BEACH,B5266,West Hampton Beach Middle Sch 340 Mill Rd Westhampton,0.84909344
A1153,PREPARATORY ACADEMY FOR WRITERS:  A COLLEGE BOARD SCHOOL 143-10 SPRINGFIELD BLVD SPRINGFIELD GARDENS,B4082,Preparatory Academy For Writers: A College Board School 143-10 Springfield Boulevard Queens,0.8490734
A3191,JOHNSTOWN HIGH SCHOOL 1 SIR BILLS CIRCLE JOHNSTOWN,B5183,Warren Street Elementary Sch 110 Warren St Johnstown,0.8490379
A850,PS 81 THADDEUS STEVENS 990 DEKALB AVE BROOKLYN,B3399,P.S. 081 Thaddeus Stevens 990 Dekalb Ave Brooklyn,0.84900904
A1594,PS 177 56-37 188TH ST FLUSHING,B4102,Ps 110 48-29 37th Street Queens,0.84898746
A757,PS 11 PURVIS J BEHAN 419 WAVERLY AVE BROOKLYN,B3231,P.S. 011 Purvis J. Behan 419 Waverly Avenue Brooklyn,0.848984
A323,PS 154 HARRIET TUBMAN 250 W 127TH ST NEW YORK,B3559,P.S. 154 Harriet Tubman 250 West 127 Street Manhatta,0.8488963
A359,PS 128 AUDUBON 560 W 169TH ST NEW YORK,B3502,P.S. 128 Audubon 560 West 169 Street Manhattan,0.8488847
A663,JHS 144 MICHELANGELO 2545 GUNTHER AVE BRONX,B2188,J.H.S. 144 Michelangelo 2545 Gunther Avenue Bronx,0.84864926
A272,FIORELLO H LAGUARDIA HIGH SCHOOL 100 AMSTERDAM AVE NEW YORK,B4653,St Jean Baptiste High School 173 E 75th St New York,0.8482406
A3003,GERALD F NEARY ELEMENTARY SCHOOL 20 GEORGE ST HAVERSTRAW,B5268,West Haverstraw Elementary School 71 Blauvelt Ave W Haverstraw,0.84823215
A1708,MARK TWAIN IS 239 FOR THE GIFTED AND TALENTED 2401 NEPTUNE AVE BROOKLYN,B2690,Mark Twain I.S. 239 For The Gifted & Talented 2401 Neptune Avenue Brooklyn,0.8481977
A400,PS 18 JOHN PETER ZENGER 502 MORRIS AVE BRONX,B4113,Ps X469 3177 Webster Ave Bronx,0.84806806
A4644,WEST CANADA VALLEY ELEMENTARY SCHOOL PO BOX 360 NEWPORT,B5258,West Canada Valley School 5447 Ny-28 Newport,0.8479188
A94,SISULU-WALKER CHARTER SCHOOL OF HARLEM 71-111 CONVENT AVE NEW YORK,B2932,Neighborhood Charter School - Harlem 691 St. Nicholas Ave. New York,0.8479048
A4839,WESTCHESTER BOCES 17 BERKLEY DR RYE BROOK,B4131,Putnam Westchester Boces 200 Boces Drive Yorktown Heights,0.8477114
A1366,PS 290 JUAN MOREL CAMPOS 135 SCHENCK AVE BROOKLYN,B3753,P.S. 290 Juan Morel Campos 135 Schenck Avenue Brooklyn,0.8476113
A4446,PUBLIC SERVICE LEADERSHIP ACADEMY AT FOWLER 227 MAGNOLIA ST SYRACUSE,B4096,Promising Futures Leadership Academy (Pfla) 573 E. Genesee Street Syracuse,0.84758747
A4490,UNADILLA ELEMENTARY SCHOOL PO BOX L UNADILLA,B5013,Unadilla Elementary School Main Street Unadilla,0.8474692
A1365,PS 89 CYPRESS HILLS 265 WARWICK ST BROOKLYN,B4111,Ps 936 270 59th Street Brooklyn,0.84731185
A2411,CASSADAGA VALLEY MIDDLE/HIGH SCHOOL PO BOX 540 SINCLAIRVILLE,B739,Cassadaga Valley Mid-High Sch 5935 Route 60 Sinclairville,0.84725124
A445,PS 93 ALBERT G OLIVER 1535 STORY AVE BRONX,B3422,P.S. 093 Albert G. Oliver 1535 Story Ave Bronx,0.84722924
A793,PS 1 BERGEN (THE) 309 47TH ST BROOKLYN,B3205,P.S. 001 The Bergen 309 47th St Brooklyn,0.84709287
A1920,ACHIEVEMENT FIRST LINDEN CHARTER SCHOOL 800 VAN SICLEN AVE BROOKLYN,B1182,East Brooklyn Ascend Charter School 260 Shepherd Avenue Brooklyn,0.84702677
A1621,MS 596 850 BAYCHESTER AVE BRONX,B4119,Ps/Ms 194 2365 Waterbury Ave Bronx,0.84702337
A2618,CASSAVANT ELEMENTARY SCHOOL PO BOX 88 DRYDEN,B1138,Dryden Elementary School 36 Union Street Dryden,0.84697914
A919,PS 208 ELSA EBELING 4801 AVE D BROOKLYN,B3674,P.S. 208 Elsa Ebeling 4801 Avenue D Brooklyn,0.8468897
A156,PS 40 AUGUSTUS SAINT-GAUDENS 320 E 20TH ST NEW YORK,B3307,P.S. 040 Augustus Saint-Gaudens 319 E 19th Street Manhattan,0.8468547
A509,IS 219 NEW VENTURE SCHOOL 3630 3RD AVE BRONX,B2059,I.S. 219  New Venture School 3630 Thrid Ave Bronx,0.84664667
A763,PS 67 CHARLES A DORSEY 51 ST EDWARDS ST BROOKLYN,B3377,P.S. 067 Charles A. Dorsey 51 Saint Edwards Street Brooklyn,0.8463418
A1248,PS 36 J C DRUMGOOLE 255 IONIA AVE STATEN ISLAND,B4110,Ps 78 100 Tompkins Ave Staten Island,0.8462584
A1974,SUCCESS ACADEMY CHARTER SCHOOL-HUDSON YARDS 500 W 41ST ST NEW YORK,B4765,Strive Charter School 604 E 139th St Bronx,0.84625727
A1003,PS 229 EMANUEL KAPLAN 67-25 51ST RD WOODSIDE,B3703,P.S. 229 Emanuel Kaplan 67-25 51 Road Woodside,0.84617925
A4051,SCHOOL 28-HENRY HUDSON 450 HUMBOLDT ST ROCHESTER,B1300,Elementary School 28 450 Humboldt St Rochester,0.846154
A568,PS 8 ISAAC VARIAN 3010 BRIGGS AVE BRONX,B4109,Ps 536 1827 Archer Street Bronx,0.84609216
A4761,MLK JR HIGH TECH & COMPUTER MAGNET SCHOOL 135 LOCUST HILL AVE YONKERS,B2702,Martin Luther King Elem School 135 Locust Hill Ave Yonkers,0.8459934
A852,PS 243 WEEKSVILLE SCHOOL (THE) 1580 DEAN ST BROOKLYN,B3851,P.S. K811 Connie Lekas School 2525 Haring Street Brooklyn,0.8459602
A799,PS 39 HENRY BRISTOW 417 6TH AVE BROOKLYN,B3306,P.S. 039 Henry Bristow 417 6th Ave Brooklyn,0.8458774
A1901,SUCCESS ACADEMY CHARTER SCHOOL-PROSPECT HEIGHTS 801 PARK PL-4TH FL BROOKLYN,B1380,"Excellence Girls Charter School 794 Monroe Street, 3rd Floor Brooklyn",0.8458742
A1055,PS 188 KINGSBURY 218-12 HARTLAND AVE FLUSHING,B4102,Ps 110 48-29 37th Street Queens,0.8455552
A1617,PS 993 85-15 258TH ST FLORAL PARK,B4105,Ps 390 56-10 214 Street Queens,0.84526205
A1080,PS 101 SCHOOL IN THE GARDENS 2 RUSSELL PL FOREST HILLS,B3442,P.S. 101 School In The Gardens 2 Russell Place Queens,0.84520787
A1015,ACADEMY OF FINANCE AND ENTERPRISE 30-20 THOMSON AVE LONG ISLAND CITY,B4839,The Brooklyn Academy Of Global Finance 125 Stuyvesant Avenue Brooklyn,0.84514904
A1326,IS 318 EUGENIO MARIA DE HOSTOS 101 WALTON ST BROOKLYN,B2074,I.S. 318 Eugenio Maria De Hostos 101 Walton St Brooklyn,0.8449922
A4268,SHOREHAM-WADING RIVER HIGH SCHOOL 250A RT 25A SHOREHAM,B4499,Shoreham-Wading River High Sch 250a Route 25a Shoreham,0.8448373
A2593,ARCADE ELEMENTARY SCHOOL PO BOX 9 ARCADE,B167,Arcade Elementary School Main & Church St Arcade,0.84482956
A1489,PS 108 CAPTAIN VINCENT G FOWLER 108-10 109TH AVE SOUTH OZONE PARK,B3459,P.S. 108 Captain Vincent G. Fowler 108-10 109 Avenue Queens,0.84472746
A771,PS 287 BAILEY K ASHFORD 50 NAVY ST BROOKLYN,B4111,Ps 936 270 59th Street Brooklyn,0.8447227
A3789,ONTEORA HIGH SCHOOL PO BOX 300 BOICEVILLE,B3129,Onteora Jr/Sr High School Rr 28 Boiceville,0.8446862
A851,WHITELAW REID ACADEMY OF ARTS AND BUSINESS 125 STUYVESANT AVE BROOKLYN,B1032,Cultural Academy For The Arts And Sciences 5800 Tilden Avenue Brooklyn,0.8446814
A881,PS 249 CATON (THE) 18 MARLBOROUGH RD BROOKLYN,B4111,Ps 936 270 59th Street Brooklyn,0.84451145
A2500,CLIFTON-FINE ELEMENTARY SCHOOL 11 HALL AVE STAR LAKE,B2777,Midlakes Elementary  School 1510 Rt. 488 Clifton Spgs,0.8442898
A1324,PS 257 JOHN F HYLAN 60 COOK ST BROOKLYN,B3719,P.S. 245 249 E 17th St Brooklyn,0.8442505
A157,PS 41 GREENWICH VILLAGE 116 W 11TH ST NEW YORK,B3312,P.S. 041 Greenwich Village 116 W 11th Street Manhattan,0.8441564
A3925,THOMAS E GLASGOW ELEMENTARY SCHOOL 50 BAILEY AVE PLATTSBURGH,B3088,Oak Street Elementary School 108 Oak St Plattsburgh,0.84413064
A984,PS 49 DOROTHY BONAWIT KOLE 63-60 80TH ST MIDDLE VILLAGE,B3337,P.S. 049 Dorothy Bonawit Kole 6360 80th St Middle Village,0.8439306
A848,MS 35 STEPHEN DECATUR 272 MACDONOUGH ST BROOKLYN,B2569,M.S. 035 Stephen Decatur 272 Macdonough St Brooklyn,0.8438851
A4249,KARIGON ELEMENTARY SCHOOL 970 RT 146 CLIFTON PARK,B3109,Okte Elementary School 1581 Crescent Rd Clifton Park,0.8438369
A166,PS 150 28-42 TRINITY PL NEW YORK,B4102,Ps 110 48-29 37th Street Queens,0.84379876
A1488,LIGHTHOUSE ELEMENTARY SCHOOL 180 BEACH 35TH ST FAR ROCKAWAY,B4640,St Francis De Sales School 219 Beach 129th St Rockaway Park,0.8437141
A1704,PS 225 EILEEN E ZAGLIN (THE) 1075 OCEANVIEW AVE BROOKLYN,B3843,P.S. K225 - The Eileen E. Zaglin 1075 Ocean View Brooklyn,0.8434782
A934,MIDDLE SCHOOL OF MEDIA LAW AND FINE ARTS (THE) 905 WINTHROP ST BROOKLYN,B2770,Middle School For Art And Philosophy 1084 Lenox Road Brooklyn,0.8432856
A110,PS 140 NATHAN STRAUS 123 RIDGE ST NEW YORK,B3531,P.S. 140 Nathan Straus 123 Ridge St Manhattan,0.84323204
A1308,PS 18 EDWARD BUSH 101 MAUJER ST BROOKLYN,B3245,P.S. 018 Edward Bush 101 Maujer Street Brooklyn,0.843225
A1764,MS 890 21 HINCKLEY PL BROOKLYN,B2600,M.S. 890 21 Hinckley Pl Brooklyn,0.8430643
A1155,EAGLE ACADEMY FOR YOUNG MEN III 171-10 LINDEN BLVD JAMAICA,B1161,Eagle Academy For Young Men Iii 171-10 Linden Boulevard Queens,0.84296393
A1662,PS 205 CLARION 6701 20TH AVE BROOKLYN,B3666,P.S. 205 Clarion 6701 20 Avenue Brooklyn,0.84291553
A331,PS 197 JOHN B RUSSWURM 2230 5TH AVE NEW YORK,B3648,P.S. 197 John B. Russwurm 2230 5 Avenue Manhattan,0.8427984
A1027,ELM TREE ELEMENTARY SCHOOL 50-51 98TH ST CORONA,B3166,Our Lady Of Sorrows School 35-34 105th Street Corona,0.8426957
A448,DR EMMETT W BASSETT SCHOOL (THE) 1075 PUGSLEY AVE BRONX,B550,Bronx-Manhattan Sda School 1440 Plimpton Ave Bronx,0.8426099
A2994,PINES ELEMENTARY SCHOOL PO BOX 6006 HAUPPAUGE,B4030,Pines Elementary School 22 Holly Dr Smithtown,0.84260166
A1209,30TH AVENUE SCHOOL (THE) (G & T CITYWIDE) 28-37 29TH ST ASTORIA,B4658,St Johns Preparatory School 2121 Crescent St Astoria,0.84250146
A160,PS 59 BEEKMAN HILL INTERNATIONAL 231-249 E 56TH ST NEW YORK,B3362,P.S. 059 Beekman Hill International 231 E 56th St # 249 New York,0.8423871
A4001,RENSSELAER JUNIOR/SENIOR HIGH SCHOOL 25 VAN RENSSELAER DR RENSSELAER,B4200,Rensselaer City Schools 25 Van Rensselaer Dr Rensselaer,0.8419928
A960,JHS 162 WILLOUGHBY (THE) 1390 WILLOUGHBY AVE BROOKLYN,B2191,J.H.S. 162 The Willoughby 1390 Willoughby Ave Brooklyn,0.8419652
A1907,SUCCESS ACADEMY CHARTER SCHOOL-CROWN HEIGHTS 330 CROWN ST-5TH FL BROOKLYN,B595,"Brooklyn Rise Charter School 9 Hanover Place, 2nd Fl Brooklyn",0.8419174
A2342,LAFAYETTE INTERNATIONAL SCHOOL 370 LAFAYETTE AVE BUFFALO,B5257,West Buffalo Charter School 113 Lafayette Ave Buffalo,0.8419
A1857,BROOME STREET ACADEMY CHARTER HIGH SCHOOL 121 AVE OF THE AMERICAS NEW YORK,B1077,Democracy Preparatory Charter High School 222 W 134th St New York,0.84183675
A2688,GREENBURGH ELEVEN HIGH SCHOOL 1 ECHO HILLS-BETHUNE BLDG #36 DOBBS FERRY,B1705,Greenburgh Eleven High School P.O. Box 501 Dobbs Ferry,0.84181535
A1214,MS 429 47-10 BARNETT AVE LONG ISLAND CITY,B2886,Ms 429 4710 Barnett Ave Sunnyside,0.8417917
A163,PS 124 YUNG WING 40 DIVISION ST NEW YORK,B3496,P.S. 124 Yung Wing 40 Division Street Manhattan,0.8417201
A4252,ORENDA ELEMENTARY SCHOOL 970 RT 146 CLIFTON PARK,B3109,Okte Elementary School 1581 Crescent Rd Clifton Park,0.84171575
A1021,VOYAGES PREPARATORY 45-10 94TH ST ELMHURST,B5149,Voyages Preparatory 45-10 94th Street Queens,0.8416542
A1486,PS 104 BAYS WATER (THE) 26-01 MOTT AVE FAR ROCKAWAY,B3201,P.S. / M.S. 114 Belle Harbor 134-01 Cronston Avenue Rockaway Park,0.8416184
A2155,HARRY E ELDEN ELEMENTARY SCHOOL 29 E ONEIDA ST BALDWINSVILLE,B2741,Meadow Elementary School 880 Jackson St Baldwin,0.84161365
A963,PS 299 THOMAS WARREN FIELD SCHOOL 88 WOODBINE ST BROOKLYN,B3475,P.S. 114 Ryder Elementary 1077 Remsen Avenue Brooklyn,0.841594
A1478,PS 62 CHESTER PARK SCHOOL 97-25 108TH ST SOUTH RICHMOND HILL,B3193,P. S. 62 - Chester Park School 97-25 108 Street Queens,0.841517
A1009,JOSEPH F QUINN INTERMEDIATE SCHOOL 77 976 SENECA AVE RIDGEWOOD,B2308,Joseph A Edgar Intermediate School 525 Route 25a Rocky Point,0.8414997
A1429,PS 20 JOHN BOWNE 142-30 BARCLAY AVE FLUSHING,B3256,P.S. 020 John Bowne 142-30 Barclay Ave Queens,0.8409889
A1293,WESTMINSTER COMMUNITY CHARTER SCHOOL PO BOX 3352 BUFFALO,B4086,Primary Hall Preparatory Charter School 2408 Main Street Buffalo,0.84094423
A2985,HARTFORD MIDDLE/HIGH SCHOOL PO BOX 79 HARTFORD,B2953,New Hartford Sr High School 33 Oxford Rd New Hartford,0.84089714
A4400,VIOLA ELEMENTARY SCHOOL 557 RT 202 SUFFERN,B4769,Suffern Senior High School 49 Viola Road Suffern,0.8408241
A2859,GORHAM ELEMENTARY SCHOOL 2705 ROUTE 245 STANLEY,B4317,Royal-Hartland Elementary School 4500 Orchard Pl Gasport,0.84080344
A1487,PS 105 BAY SCHOOL (THE) 420 BEACH 51ST ST FAR ROCKAWAY,B3450,P.S. 105 The  Bay School 420 Beach 51 Street Queens,0.84075105
A1043,JHS 74 NATHANIEL HAWTHORNE 61-15 OCEANIA ST BAYSIDE,B2178,J.H.S. 074 Nathaniel Hawthorne 61-15 Oceania St Queens,0.84069496
A4780,KAHLIL GIBRAN SCHOOL 18 ROSEDALE RD YONKERS,B5452,Yonkers High School 150 Rockland Ave Yonkers,0.84069294
A3506,MILLBROOK HIGH SCHOOL PO BOX AA MILLBROOK,B2795,Millbrook Middle School Alden Place Millbrook,0.840623
A365,PS/IS 187 HUDSON CLIFFS 349 CABRINI BLVD NEW YORK,B3892,P.S./I.S. 187 Hudson Cliffs 349 Cabrini Boulevard Manhattan,0.8405941
A1006,HIGH SCHOOL FOR ARTS AND BUSINESS 105-25 HORACE HARDING EXPW CORONA,B1890,High School For Arts And Business 105-25 Horace Harding Expy N Queens,0.84057593
A3560,ROBERT M GRABLE JR MOUNT SINAI HIGH SCHOOL 110 N COUNTRY RD MOUNT SINAI,B2882,Mount Sinai High School 110 N Country Rd Mount Sinai,0.840554
A249,PS 9 SARAH ANDERSON 100 W 84TH ST NEW YORK,B4110,Ps 78 100 Tompkins Ave Staten Island,0.8404813
A2707,BROADWAY ACADEMY 1000 BROADWAY ELMIRA,B482,Broadway Elementary And Middle School 1000 Broadway St Elmira,0.84032565
A2301,BENNETT PARK MONTESSORI SCHOOL 342 CLINTON ST BUFFALO,B626,Buffalo Commons Charter School 833 Michigan Ave Ste 3 Buffalo,0.8402807
A1145,PS 251 144-51 ARTHUR ST SPRINGFIELD GARDENS,B3725,P.S. 251 Queens 14451 Arthur St Springfield Gardens,0.84011066
A2939,STUART M TOWNSEND ELEMENTARY SCHOOL PO BOX 200 LAKE LUZERNE,B4766,Stuart M Townsend Middle Sch 27 Hyland Dr Lake Luzerne,0.84006214
A465,LONGWOOD ACADEMY OF DISCOVERY (THE) 888 REV J A POLITE AVE BRONX,B1385,Explorations Academy 1619 Boston Road Bronx,0.83995014
A3814,OSWEGO MIDDLE SCHOOL MARK FITZGIBBONS DR OSWEGO,B3148,Oswego Middle School 100 Mark Fitzgibbons Dr Oswego,0.83978295
A1175,PS 111 JACOB BLACKWELL 37-15 13TH ST LONG ISLAND CITY,B3469,P.S. 111 Jacob Blackwell 37-15 13 Street Queens,0.83945763
A748,COLIBRI COMMUNITY SCHOOL (THE) 700 E 179TH ST BRONX,B514,Bronx Community School 1232 Southern Blvd Bronx,0.8394005
A1750,PS 254 DAG HAMMARSKJOLD 2469 E 18TH ST BROOKLYN,B4111,Ps 936 270 59th Street Brooklyn,0.839381
A337,PS 92 MARY MCLEOD BETHUNE 222 W 134TH ST NEW YORK,B3421,P.S. 092 Mary Mcleod Bethune 222 West 134 Street Manhattan,0.8392573
A3327,LONG BRANCH ELEMENTARY SCHOOL 4035 LONG BRANCH RD LIVERPOOL,B2522,Liverpool High School 4338 Wetzel Rd Liverpool,0.8392428
A3657,NEWFIELD ELEMENTARY SCHOOL 247 MAIN ST NEWFIELD,B2942,New City Elementary School 60 Crestwood Dr New City,0.83921576
A1834,CULTURAL ARTS ACADEMY CHARTER SCHOOL AT SPRING CREEK 1400 LINDEN BLVD BROOKLYN,B4603,Spring Creek Community School 1065 Elton St Brooklyn,0.8391412
A1078,PS 86 87-41 PARSONS BLVD JAMAICA,B3400,P.S. 082 Hammond 8802 144th St Jamaica,0.8390738
A374,HAROLD O LEVY SCHOOL 650 ACADEMY ST NEW YORK,B4980,Town School 540 E 76th St New York,0.8388618
A965,PS/IS 384 FRANCES E CARTER 242 COOPER ST BROOKLYN,B3202,P.S. /I.S. 384 Frances E. Carter 242 Cooper Street Brooklyn,0.8387858
A1481,PS 66 JACQUELINE KENNEDY-ONASSIS 85-11 102ND ST RICHMOND HILL,B3375,P.S. 066 Jacqueline Kennedy Onassis 85-11 102 Street Queens,0.83840054
A2806,FULTON JUNIOR HIGH SCHOOL 129 CURTIS ST FULTON,B1396,Fairgrieve Elementary School 716 Academy St Fulton,0.83828235
A1091,PS 196 GRAND CENTRAL PARKWAY 71-25 113TH ST FOREST HILLS,B4105,Ps 390 56-10 214 Street Queens,0.8382171
A1748,PS 236 MILL BASIN 6302 AVE U BROOKLYN,B4111,Ps 936 270 59th Street Brooklyn,0.83814484
A1577,ROBERT E PEARY SCHOOL 16-66 HANCOCK ST RIDGEWOOD,B4249,Robert E. Peary School 16-66 Hancock Street Queens,0.83809936
A1460,QUEENS SCHOOL OF INQUIRY (THE) 158-40 76TH RD FLUSHING,B5444,Yeshiva Of Central Queens 147-37 70th Road Flushing,0.83783394
A1948,SUCCESS ACADEMY CHARTER SCHOOL-SOUTH JAMAICA 120-27 141ST ST JAMAICA,B1735,Growing Up Green Charter School Ii 84-35 152nd Street Jamaica,0.8377025
A951,JHS 383 PHILIPPA SCHUYLER 1300 GREENE AVE BROOKLYN,B2212,J.H.S. 383 Philippa Schuyler 1300 Greene Avenue Brooklyn,0.8376755
A3155,BOYNTON MIDDLE SCHOOL 1601 N CAYUGA ST ITHACA,B1400,Fall Creek Elementary School 202 King St Ithaca,0.8374766
A1334,MS 582 207 BUSHWICK AVE BROOKLYN,B2598,M.S. 582 207 Bushwick Avenue Brooklyn,0.83736897
A976,PS 7 LOUIS F SIMEONE 80-55 CORNISH AVE ELMHURST,B3221,P.S. 007 Louis F. Simeone 80-55 Cornish Ave Queens,0.8373531
A4460,TICONDEROGA JUNIOR-SENIOR HIGH SCHOOL 5 CALKINS PL TICONDEROGA,B4958,Ticonderoga High School 5 Calkins Place Ticonderoga,0.8371649
A1014,PS 239 17-15 WEIRFIELD ST RIDGEWOOD,B3386,P.S. 071 Forest 62-85 Forest Ave Ridgewood,0.8370831
A309,PS 83 LUIS MUNOZ RIVERA 219 E 109TH ST NEW YORK,B3402,P.S. 083 Luis Munoz Rivera 219 E 109th St Manhattan,0.836981
A1406,PS/IS 323 210 CHESTER ST BROOKLYN,B3897,P.S./I.S. 323 210 Chester Street Brooklyn,0.8369791
A722,IS 318 MATH SCIENCE & TECHNOLOGY THROUGH ARTS 1919 PROSPECT AVE BRONX,B2090,"I.S. X318 Math, Science & Technology Through Arts 1919 Prospect Avenue Bronx",0.836954
A3202,MEADOW POND ELEMENTARY SCHOOL PO BOX 387 KATONAH,B2318,Katonah Elementary School 106 Huntville Road Katonah,0.8368919
A3894,CRISPELL MIDDLE SCHOOL PO BOX 780 PINE BUSH,B4020,Pine Bush High School Po Box 670 Pine Bush,0.8368773
A1224,PS 1 TOTTENVILLE 58 SUMMIT ST STATEN ISLAND,B4106,Ps 5 Port Morris 564 Jackson Avenue Bronx,0.83683455
A4393,WILLIAM SIDNEY MOUNT ELEMENTARY SCHOOL PO BOX 9050 EAST SETAUKET,B4465,Setauket Elementary School 134 Main St East Setauket,0.8366188
A3997,RED JACKET MIDDLE SCHOOL 1506 RT 21 SHORTSVILLE,B4186,Red Jacket Jr Sr High School 1506 Route 21 Manchester,0.8364831
A962,JHS 291 ROLAND HAYES 231 PALMETTO ST BROOKLYN,B2210,J.H.S. 291 Roland Hayes 231 Palmetto Street Brooklyn,0.8364535
A1309,PS 23 CARTER G WOODSON 545 WILLOUGHBY AVE BROOKLYN,B3263,P.S. 023 Carter G.  Woodson 545 Willoughby Avenue Brooklyn,0.8362838
A1135,PS 134 HOLLIS 203-02 109TH AVE HOLLIS,B4102,Ps 110 48-29 37th Street Queens,0.8361997
A4456,W L MORSE SCHOOL 30 POCANTICO ST SLEEPY HOLLOW,B5155,W. L. Morse School 30 Pocantico Street Tarrytown,0.83617574
A4381,FRICANO PRIMARY SCHOOL 4363 MAPLETON RD LOCKPORT,B4736,Starpoint Primary School 4363 Mapleton Rd Lockport,0.83616674
A3952,GUGGENHEIM ELEMENTARY SCHOOL POPLAR PL PORT WASHINGTON,B1741,Guggenheim Elementary School 38 Poplar Pl Port Washingtn,0.8358109
A3564,MOUNT VERNON HONOR ACADEMY 195 N COLUMBUS AVE MOUNT VERNON,B2884,Mount Vernon High School 100 California Road Mount Vernon,0.8357555
A3084,MONTGOMERY C SMITH ELEMENTARY SCHOOL 102 HARRY HOWARD AVE HUDSON,B2836,Montgomery Elementary School 141 Union St Montgomery,0.8356485
A1931,SUCCESS ACADEMY CHARTER SCHOOL - BERGEN BEACH 1420 E 68TH ST-3RD FL BROOKLYN,B4765,Strive Charter School 604 E 139th St Bronx,0.8354995
A4070,PADILLA HIGH SCHOOL 950 NORTON ST ROCHESTER,B1300,Elementary School 28 450 Humboldt St Rochester,0.8354933
A1452,PS 214 CADWALLADER COLDEN 31-15 140TH ST FLUSHING,B3687,P.S. 214 Cadwallader Colden 31-15 140th St Queens,0.83544236
A4596,CASE MIDDLE SCHOOL 1237 WASHINGTON ST WATERTOWN,B5211,Watertown Sr High School 1335 Washington St Watertown,0.8354043
A1019,LEARNERS AND LEADERS 378 SENECA AVE GLENDALE,B2439,Learners And Leaders 360 Seneca Avenue Queens,0.83536416
A3234,ROBERT R GRAVES SCHOOL PO BOX 549 PORT EWEN,B4258,Robert R. Graves Elementary School 345 Mountain View Ave Port Ewen,0.8352094
A4645,WEST CANADA VALLEY JUNIOR-SENIOR HIGH SCHOOL PO BOX 360 NEWPORT,B5258,West Canada Valley School 5447 Ny-28 Newport,0.83511245
A1221,IS 61 WILLIAM A MORRIS 445 CASTLETON AVE STATEN ISLAND,B2040,I.S. 061 William A Morris 445 Castleton Ave Staten Island,0.8350999
A2327,SOUTH PARK HIGH SCHOOL 150 SOUTHSIDE PKWY BUFFALO,B4551,South Buffalo Charter School 154 South Ogden Street Buffalo,0.83506584
A257,PS 163 ALFRED E SMITH 163 W 97TH ST NEW YORK,B4110,Ps 78 100 Tompkins Ave Staten Island,0.83504945
A3331,WILLOW FIELD ELEMENTARY SCHOOL 3900 RT 31 LIVERPOOL,B5376,Willow Road Elementary School 880 Catalpa Dr Franklin Square,0.8350065
A2205,WINTHROP AVENUE SCHOOL 580 WINTHROP AVE BELLMORE,B2698,Martin Avenue School 2616 Martin Avenue Bellmore,0.834927
A1518,ACADEMY OF MEDICAL TECHNOLOGY - A COLLEGE BOARD SCHOOL 8-21 BAY 25TH ST FAR ROCKAWAY,B57,Academy Of Medical Technology:  A College Board School 8-21 Bay 25 Street Queens,0.834924
A1619,RIVERVIEW SCHOOL (THE) 50-15 44TH ST WOODSIDE,B4903,The Riverview School 1-50 51st Ave Queens,0.8348025
A2101,WILLIAM B TECLER ARTS IN EDUCATION 210 NORTHERN BLVD AMSTERDAM,B5338,William B Tecler Elem School 210 Northern Blvd Amsterdam,0.8347626
A1169,PS 69 JACKSON HEIGHTS 77-02 37TH AVE JACKSON HEIGHTS,B1558,Garden Prek 33-16 79th Street Jackson Heights,0.8347545
A322,PS 36 MARGARET DOUGLAS 123 MORNINGSIDE DR NEW YORK,B3300,P.S. 036 Margaret Douglas 123 Morningside Dr Manhattan,0.83466643
A1890,YOUNG WOMEN'S COLLEGE PREP CS 133 HOOVER DR ROCHESTER,B5463,Young Women'S College Prep Charter Sch Of Rochester 133 Hoover Drive Rochester,0.8345324
A1066,CIVIC SCHOOL OF BAYSIDE HILLS (THE) 56-10 214TH ST BAYSIDE,B4339,Sacred Heart School 21601 38th Ave Bayside,0.8343039
A1607,PS 94 55 BATTERY PL NEW YORK,B4110,Ps 78 100 Tompkins Ave Staten Island,0.83415604
A2070,RONALD L SODOMA ELEMENTARY SCHOOL 324 EAST AVE ALBION,B4317,Royal-Hartland Elementary School 4500 Orchard Pl Gasport,0.8340768
A1393,MS 935 76 DINSMORE PL BROOKLYN,B4111,Ps 936 270 59th Street Brooklyn,0.8336687
A1853,SUCCESS ACADEMY CHARTER SCHOOL-UPPER WEST 145 W 84TH ST-2ND FL NEW YORK,B4765,Strive Charter School 604 E 139th St Bronx,0.83333224
A4555,WALLKILL SENIOR HIGH SCHOOL PO BOX 310 WALLKILL,B5165,Wallkill Middle School Rr 208 Wallkill,0.8333266
A326,PS 125 RALPH BUNCHE 425 W 123RD ST NEW YORK,B4110,Ps 78 100 Tompkins Ave Staten Island,0.83330035
A2290,BRUSHTON GRADE SCHOOL 758 COUNTY RT 7 BRUSHTON,B620,Brushton Moira Central Dist 758 County Route 7 Brushton,0.8331796
A1173,PS 85 JUDGE CHARLES VALLONE 23-70 31ST ST LONG ISLAND CITY,B3407,P.S. 085 Judge Charles Vallone 23-70 31 Street Queens,0.83315724
A823,EXPLORATORY SCHOOL (THE) 345 DEAN ST BROOKLYN,B1189,East Flatbush Community Research School 905 Winthrop Street Brooklyn,0.8331498
A3238,ONONDAGA NATION SCHOOL BOX 270 NEDROW,B3126,"Onondaga Nation Elementary School Rt 11a, Rr #51 Nedrow",0.83313614
A4369,SPRINGS SCHOOL 48 SCHOOL ST EAST HAMPTON,B1192,East Hampton Middle School 76 Newtown Ln East Hampton,0.8330189
A1228,PS 5 HUGUENOT 348 DEISIUS ST STATEN ISLAND,B4106,Ps 5 Port Morris 564 Jackson Avenue Bronx,0.83296317
A1344,IS 364 GATEWAY 1426 FREEPORT LOOP BROOKLYN,B2079,I.S. 364 Gateway 1426 Freeport Loop Brooklyn,0.832931
A583,JHS 118 WILLIAM W NILES 577 E 179TH ST BRONX,B2184,J.H.S. 118 William W. Niles 577 East 179 Street Bronx,0.8328633
A1226,PS 3 MARGARET GIOIOSA SCHOOL (THE) 80 S GOFF AVE STATEN ISLAND,B3211,P.S. 003 The Margaret Gioiosa School 80 S Goff Ave Staten Island,0.83283496
A351,PS 48 PO MICHAEL J BUCZEK 4360-78 BROADWAY NEW YORK,B3334,P.S. 048 P.O. Michael J. Buczek 4360 Broadway # 78 New York,0.83281296
A4865,SUCCESS ACADEMY CHARTER SCHOOL-NYC 14 109-55 128TH ST SOUTH OZONE PARK,B1380,"Excellence Girls Charter School 794 Monroe Street, 3rd Floor Brooklyn",0.8327963
A683,ACAD-SCHOLARSHIP & ENTREPRENEURSHIP 921 E 228TH ST BRONX,B47,Academy For Scholarship And Entrepreneurship: A College Board School 921 East 228th Street Bronx,0.83278394
A1658,PS 192 MAGNET SCHOOL FOR MATH AND SCIENCE INQUIRY (THE) 4715 18TH AVE BROOKLYN,B2622,"Magnet School Of Math, Science And Design Technology 511 7th Ave Brooklyn",0.83262765
A4284,WOODROW WILSON ELEMENTARY SCHOOL 166 HALSTEAD AVE SLOAN,B5410,Woodrow Wilson Elem School 166 Halstead Ave Buffalo,0.8326087
A1610,PS Q4 196-25 PECK AVE FLUSHING,B4105,Ps 390 56-10 214 Street Queens,0.83259094
A1260,BARBARA ESSELBORN SCHOOL (THE) 330 DURANT AVE STATEN ISLAND,B4916,The Stephanie A. Vierno School 216 Clawson St Staten Island,0.83255786
A1315,PS 84 JOSE DE DIEGO 250 BERRY ST BROOKLYN,B4109,Ps 536 1827 Archer Street Bronx,0.8323319
A352,IS 528 BEA FULLER RODGERS SCHOOL 180 WADSWORTH AVE NEW YORK,B2083,I.S. 528 Bea Fuller Rodgers School 180 Wadsworth Avenue Manhattan,0.83215237
A4479,RUSSELL I DOIG MIDDLE SCHOOL 100 WHIG ST TRUMANSBURG,B816,Charles O Dickerson High Sch 100 Whig St Trumansburg,0.83197695
A1892,SUCCESS ACADEMY CHARTER SCHOOL-UNION SQUARE 40 IRVING PL-2ND FL NEW YORK,B4892,"The Opportunity Charter School 240 West 113th Street, Room 406 New York",0.8318095
A3345,BAYVILLE PRIMARY 50 GODFREY BAYVILLE,B302,Bayville Primary School 50 Godfrey Avenue Bayville,0.8315695
A952,PS/IS 45 HORACE E GREENE 84 SCHAEFER ST BROOKLYN,B3323,P.S. 045 Horace E. Greene 84 Schaeffer St Brooklyn,0.8313029
A1493,PS 43 160 BEACH 29TH ST FAR ROCKAWAY,B4105,Ps 390 56-10 214 Street Queens,0.8312974
A1053,PS/IS 178 HOLLISWOOD 189-10 RADNOR RD JAMAICA,B3887,P.S./ Is 178 Holliswood 189-10 Radnor Rd Queens,0.83098495
A4689,WESTHAMPTON BEACH SENIOR HIGH SCHOOL 49 LILAC RD WESTHAMPTON BEACH,B5266,West Hampton Beach Middle Sch 340 Mill Rd Westhampton,0.830969
A4248,GOWANA MIDDLE SCHOOL 970 RT 146 CLIFTON PARK,B4487,Shenendehowa High School 970 Route 146 Clifton Park,0.83096385
A1227,PS 4 MAURICE WOLLIN 200 NEDRA LANE STATEN ISLAND,B4106,Ps 5 Port Morris 564 Jackson Avenue Bronx,0.83070886
A1028,CORONA ARTS AND SCIENCES ACADEMY 98-11 44TH AVE CORONA,B997,Corona Arts And Sciences Academy 45-10 94th St Queens,0.83066106
A967,IS 349 MATH SCIENCE AND TECHNOLOGY 35 STARR ST BROOKLYN,B2078,"I.S. 349 Math, Science & Tech. 35 Starr Street Brooklyn",0.83064747
A3729,NORTHEASTERN CLINTON SENIOR HIGH SCHOOL 103 RT 276 CHAMPLAIN,B903,Clinton Sr High School 75 Chenango Ave Clinton,0.8306223
A1188,PS 166 HENRY GRADSTEIN 33-09 35TH AVE LONG ISLAND CITY,B3590,P.S. 166 Henry Gradstein 33-09 35 Avenue Queens,0.83047265
A1182,PS 148 89-02 32ND AVE EAST ELMHURST,B4102,Ps 110 48-29 37th Street Queens,0.83036
A3842,CANAAN ELEMENTARY SCHOOL 59 FRY BLVD PATCHOGUE,B677,Canaan Elementary School Traction Blvd Patchogue,0.83030856
A4049,SCHOOL 53 MONTESSORI ACADEMY 353 CONGRESS AVE ROCHESTER,B1304,Elementary School 34 530 Lexington Ave Rochester,0.8301528
A295,JAMES WELDON JOHNSON SCHOOL 176 E 115TH ST NEW YORK,B1812,Harry L Johnson Elem School 601 Columbia Drive Johnson City,0.82977843
A1161,BENJAMIN FRANKLIN HS-FIN INFO TECH 207-01 116TH AVE CAMBRIA HEIGHTS,B352,Benjamin Franklin High School For Finance & Inform 207-01 116th Avenue Queens,0.8297758
A3865,WOODSIDE SCHOOL DEPEW ST PEEKSKILL,B5412,Woodside Elementary School Franklin And Depew Sts Peekskill,0.8295341
A105,PS 20 ANNA SILVER 166 ESSEX ST NEW YORK,B3254,P.S. 020 Anna Silver 166 Essex St Manhattan,0.82944286
A1177,PS 122 MAMIE FAY 21-21 DITMARS BLVD ASTORIA,B4102,Ps 110 48-29 37th Street Queens,0.8294161
A1097,PS 182 SAMANTHA SMITH 153-27 88TH AVE JAMAICA,B3616,P.S. 182 Samantha Smith 153-27 88th Avenue Queens,0.82938576
A1643,JHS 62 DITMAS 700 CORTELYOU RD BROOKLYN,B2176,J.H.S. 062 Ditmas 700 Cortelyou Road Brooklyn,0.8293803
A184,MS 131 100 HESTER ST NEW YORK,B2574,M.S. 131 100 Hester St Manhattan,0.82936835
A1058,PS 205 ALEXANDER GRAHAM BELL 75-25 BELL BLVD BAYSIDE,B3665,P.S. 205 Alexander Graham Bell 75-25 Bell Boulevard Queens,0.82921624
A39,NORTH BROAD STREET SCHOOL 230 N BROAD ST ONEIDA,B5151,W F Prior Elementary School 205 East Ave Oneida,0.82919514
A4004,CHANCELLOR LIVINGSTON ELEMENTARY SCHOOL 48 KNOLLWOOD RD RHINEBECK,B804,Chancellor Livingston Elem Sch 48 Knollwood Road Rhinebeck,0.8291733
A3118,THERESA PRIMARY SCHOOL PO BOX 620 THERESA,B4939,Theresa Elementary School 125 Bridge St Theresa,0.82915735
A1272,IS 75 FRANK D PAULO 455 HUGUENOT AVE STATEN ISLAND,B2043,I.S. 075 Frank D. Paulo 455 Huguenot Ave Staten Island,0.8291306
A767,PS 256 BENJAMIN BANNEKER 114 KOSCIUSKO ST BROOKLYN,B4111,Ps 936 270 59th Street Brooklyn,0.82901514
A598,PS 207 3030 GODWIN TER BRONX,B3671,P.S. 207 3030 Godwin Ter Bronx,0.8289055
A1665,JHS 227 EDWARD B SHALLOW 6500 16TH AVE BROOKLYN,B2191,J.H.S. 162 The Willoughby 1390 Willoughby Ave Brooklyn,0.82885563
A246,SCHOOL WITHOUT WALLS 90 TRINITY PL-RM 611 NEW YORK,B17,A School Without Walls 90 Trinity Pl New York,0.82856536
A1070,PS 40 SAMUEL HUNTINGTON 109-20 UNION HALL ST JAMAICA,B3400,P.S. 082 Hammond 8802 144th St Jamaica,0.8284282
A3316,LISBON CENTRAL SCHOOL PO BOX 39 LISBON,B2514,Lisbon Central School 6866 County Rt. 10 Lisbon,0.8283898
A1976,ACADEMY CHARTER SCHOOL-UNIONDALE 100 CHARLES LINDBERGH BLVD UNIONDALE,B663,"California Avenue Elem School 236 California Ave, P. O. Box 644 Uniondale",0.82838905
A212,FACING HISTORY SCHOOL (THE) 525 W 50TH ST NEW YORK,B1393,"Facing History School, The 525 West 50th Street Manhattan",0.8282585
A3206,KEESEVILLE PRIMARY SCHOOL 1825 RT 22 KEESEVILLE,B2320,Keeseville Elementary School 1825 Main St Keeseville,0.8281418
A3999,REMSEN JUNIOR-SENIOR HIGH SCHOOL PO BOX 406 REMSEN,B4195,Remsen Jr-Sr High School Main St Remsen,0.82805675
A349,PS 5 ELLEN LURIE 3703 10TH AVE NEW YORK,B3215,P.S. 005 Ellen Lurie 3703 Tenth Avenue Manhattan,0.82793224
A4250,KODA MIDDLE SCHOOL 970 RT 146 CLIFTON PARK,B4559,South Kortright Central School 58200 State Hwy 10 South Kortrigh,0.8279061
A1712,IS 303 HERBERT S EISENBERG 501 WEST AVE BROOKLYN,B2072,I.S. 303 Herbert S. Eisenberg 501 West Ave Brooklyn,0.827725
A1037,PS 18 WINCHESTER 86-35 235TH COURT QUEENS VILLAGE,B4105,Ps 390 56-10 214 Street Queens,0.8274309
A1442,PS 165 EDITH K BERGTRAUM 70-35 150TH ST FLUSHING,B3586,P.S. 164 Queens Valley 13801 77th Ave Flushing,0.82741165
A3963,CHARLES B WARRING ELEMENTARY SCHOOL 283 MANSION ST POUGHKEEPSIE,B5113,Vassar Road Elementary School 174 Vassar Rd Poughkeepsie,0.82738847
A1395,PS 41 FRANCIS WHITE 411 THATFORD AVE BROOKLYN,B3311,P.S. 041 Francis White 411 Thatford Ave Brooklyn,0.82726675
A60,UNADILLA VALLEY SECONDARY SCHOOL PO BOX F NEW BERLIN,B5014,Unadilla Valley Central School 4238 State Highway 8 New Berlin,0.8271797
A1312,JHS 50 JOHN D WELLS 183 S 3RD ST BROOKLYN,B2172,J.H.S. 050 John D. Wells 183 South 3 Street Brooklyn,0.8270967
A158,PS 42 BENJAMIN ALTMAN 71 HESTER ST NEW YORK,B3314,P.S. 042 Benjamin Altman 71 Hester Street Manhattan,0.82698905
A1608,HOSPITAL SCHOOLS 3450 E TREMONT AVE BRONX,B533,Bronx High School Of Medical Sciences 240 East 172  Street Bronx,0.82683647
A644,PS 19 JUDITH K WEISS 311 E 237TH ST BRONX,B4109,Ps 536 1827 Archer Street Bronx,0.8268194
A4255,TESAGO ELEMENTARY SCHOOL 970 RT 146 CLIFTON PARK,B2777,Midlakes Elementary  School 1510 Rt. 488 Clifton Spgs,0.82668304
A1469,PS 51 87-45 117TH ST RICHMOND HILL,B4105,Ps 390 56-10 214 Street Queens,0.82653177
A4826,OSWEGO BOCES 179 COUNTY RTE 64 MEXICO,B3146,Oswego Boces School 179 County Route 64 Mexico,0.82651025
A1132,PS 118 LORRAINE HANSBERRY 190-20 109TH RD SAINT ALBANS,B3482,P.S. 118 Lorraine Hansberry 69-10 65th Dr Middle Village,0.8263123
A3750,DALTON-NUNDA ELEMENTARY SCHOOL 13 MILL ST NUNDA,B2341,Keshequa Middle School 13 Mill St Nunda,0.82629204
A3716,LAKESHORE ROAD ELEMENTARY SCHOOL 201 ROXBORO RD MATTYDALE,B2408,Lakeshore Elementary School 7180 Lakeshore Rd Clay,0.82621753
A3788,WHEELER ELEMENTARY SCHOOL 4543 S ONONDAGA RD NEDROW,B3126,"Onondaga Nation Elementary School Rt 11a, Rr #51 Nedrow",0.8261949
A3568,CECIL H PARKER SCHOOL 461 S 6TH AVE MOUNT VERNON,B1667,Graham School 421 East 5th Street Mount Vernon,0.8260335
A409,PS 161 JUAN PONCE DE LEON SCHOOL 628 TINTON AVE BRONX,B550,Bronx-Manhattan Sda School 1440 Plimpton Ave Bronx,0.8257843
A336,HIGH SCHOOL MATHEMATICS SCIENCE AND ENGINEERING AT CCNY 240 CONVENT AVE NEW YORK,B1907,"High School For Mathematics, Science And Engineering At City College 240 Convent Ave Manhattan",0.8256718
A989,PS 81 JEAN PAUL RICHTER 559 CYPRESS AVE GLENDALE,B3829,P.S. 81q Jean Paul Richter 559 Cypress Ave Queens,0.8256462
A1850,ROCHDALE EARLY ADVANTAGE CHARTER SCHOOL 122-05 SMITH ST JAMAICA,B2221,Jamaica Children'S School 109-20 Union Hall Street Queens,0.8253862
A795,PS 15 PATRICK F DALY 71 SULLIVAN ST BROOKLYN,B3239,P.S. 015 Patrick F. Daly 71 Sullivan St Brooklyn,0.82520324
A1084,PS 140 EDWARD K ELLINGTON 116-01 166TH ST JAMAICA,B3400,P.S. 082 Hammond 8802 144th St Jamaica,0.8250742
A1305,A-TECH HIGH SCHOOL 50 BEDFORD AVE BROOKLYN,B603,Brooklyn Technical High School 29 Ft Greene Place Brooklyn,0.8250476
A1746,PS 222 KATHERINE R SNYDER 3301 QUENTIN RD BROOKLYN,B3697,P.S. 222 Katherine R. Snyder 3301 Quentin Rd Brooklyn,0.8249043
A3115,EVANS MILLS PRIMARY SCHOOL PO BOX 190 EVANS MILLS,B1374,Evans Mills Branch Elem School 8442 S Main St Evans Mills,0.82477057
A3323,ELMCREST ELEMENTARY SCHOOL 350 WOODSPATH RD LIVERPOOL,B2522,Liverpool High School 4338 Wetzel Rd Liverpool,0.82474893
A1447,PS 193 ALFRED J KENNEDY 152-20 11TH AVE WHITESTONE,B3637,P.S. 193 Alfred J. Kennedy 152-20 11th Ave Queens,0.8247103
A4037,SCHOOL 29-ADLAI E STEVENSON 88 KIRKLAND RD ROCHESTER,B76,Adlai Stevenson Elem Sch 29 88 Kirkland Rd Rochester,0.8246431
A812,PS 261 ZIPPORIAH MILLS 314 PACIFIC ST BROOKLYN,B4111,Ps 936 270 59th Street Brooklyn,0.82463706
A2424,ANDREW T MORROW SCHOOL 299 SYCAMORE AVE ISLANDIA,B152,Andrew J Smith Elem School 26 Homer St Union Springs,0.8246016
A1073,PS 54 HILLSIDE 86-02 127TH ST RICHMOND HILL,B4102,Ps 110 48-29 37th Street Queens,0.8245348
A929,IS 285 MEYER LEVIN 5909 BEVERLY RD BROOKLYN,B2070,I.S. 285 Meyer Levin 5909 Beverley Road Brooklyn,0.8245147
A786,CITY POLYTECHNIC HIGH SCHOOL 105 TECH PL BROOKLYN,B3080,"Nyc Charter High School For Computer Engineering, And Innovation 116 E 169th St Bronx",0.8242576
A1112,EMERSON SCHOOL (THE) 108-35 167TH ST JAMAICA,B4695,St Nicholas Of Tolentine Catholic Academy 80-22 Parsons Blvd Jamaica,0.82408184
A708,PS 6 WEST FARMS 1000 E TREMONT AVE BRONX,B3219,P.S. 006 West Farms 1000 East Tremont Bronx,0.82396793
A2320,PS 69 HOUGHTON ACADEMY 1725 CLINTON ST BUFFALO,B258,Baker Hall School 777 Ridge Rd Buffalo,0.8236077
A1523,PS 273 88-07 102ND ST RICHMOND HILL,B3738,P.S. 273 8807 102nd St Richmond Hill,0.82344794
A1074,PS 55 MAURE 131-10 97TH AVE RICHMOND HILL,B4105,Ps 390 56-10 214 Street Queens,0.82309335
A2390,H C WILLIAMS SENIOR HIGH SCHOOL 99 STATE ST CANTON,B5371,Williamsville South High Sch 5950 Main St Williamsville,0.8229807
A2377,CANAJOHARIE SENIOR HIGH SCHOOL 136 SCHOLASTIC WAY CANAJOHARIE,B680,Canandaigua Middle School 215 Granger St Canandaigua,0.8229084
A4245,ACADIA MIDDLE SCHOOL 970 RT 146 CLIFTON PARK,B2778,Midlakes Middle School 1550 Rt 488 Clifton Springs,0.8228911
A1688,PS 95 GRAVESEND (THE) 345 VAN SICKLEN ST BROOKLYN,B3429,P.S. 095 The Gravesend 345 Van Sicklen Street Brooklyn,0.8227639
A1123,PS 35 NATHANIEL WOODHULL 191-02 90TH AVE HOLLIS,B3298,P.S. 035 Nathaniel Woodhull 191-02 90 Avenue Queens,0.822708
A2324,PS 81 140 TACOMA AVE BUFFALO,B4113,Ps X469 3177 Webster Ave Bronx,0.82248247
A1050,PS 162 JOHN GOLDEN 201-02 53RD AVE BAYSIDE,B4102,Ps 110 48-29 37th Street Queens,0.82246137
A1819,JOHN W LAVELLE PREPARATORY CHARTER SCHOOL 1 CORPORATE COMMONS-1 TELEPORT DR STATEN ISLAND,B2940,New  World Preparatory Charter School 26 Sharpe Ave Staten Island,0.822149
A2309,MARVA J DANIEL FUTURES PREPARATORY SCHOOL 295 CARLTON ST BUFFALO,B4551,South Buffalo Charter School 154 South Ogden Street Buffalo,0.8219588
A1131,PS/IS 116 WILLIAM C HUGHLEY 107-25 WREN PL JAMAICA,B4114,Ps/Is 116 William C. Hughley 107-25 Wren Place Queens,0.82186294
A2069,CARL I BERGERSON MIDDLE SCHOOL 254 EAST AVE ALBION,B1274,Elementary School 04 198 Bronson Ave Rochester,0.821754
A3899,SEYMOUR SMITH INTERMEDIATE LEARNING CENTER 41 ACADEMY ST PINE PLAINS,B2228,James E Allen Learning Center 762 Deer Park Rd Dix Hills,0.82158947
A4778,CASIMIR PULASKI SCHOOL 150 KINGS CROSS SCARSDALE,B4123,Pulaski Early Childhood School 150 Kings Cross Scarsdale,0.8215626
A2330,STANLEY MAKOWSKI EARLY CHILDHOOD CENTER 1095 JEFFERSON AVE BUFFALO,B2650,Manhattan Early Childhood Center 554 Fort Washington Avenue New York,0.82149714
A4280,WATERMAN ELEMENTARY SCHOOL 55 EAST ST SKANEATELES,B4512,Skaneateles High School 49 E Elizabeth St Skaneateles,0.82131875
A2346,PATHWAYS ACADEMY 820 NORTHAMPTON ST BUFFALO,B4179,Reach Academy Charter School 115 Ash St Buffalo,0.8212657
A4246,ARONGEN ELEMENTARY SCHOOL 489 CLIFTON PK CTR RD CLIFTON PARK,B3109,Okte Elementary School 1581 Crescent Rd Clifton Park,0.82113206
A1127,PS 52 178-37 146TH TERRACE JAMAICA,B3400,P.S. 082 Hammond 8802 144th St Jamaica,0.8209557
A3058,HOMER ELEMENTARY SCHOOL PO BOX 500 HOMER,B1977,Homer Elementary School 9 Central Park Pl Homer,0.8209101
A889,MS 394 188 ROCHESTER AVE BROOKLYN,B4119,Ps/Ms 194 2365 Waterbury Ave Bronx,0.82088214
A828,CYBERARTS STUDIO ACADEMY 237 7TH AVE BROOKLYN,B565,Brooklyn Bridge Academy 6565 Flatlands Avenue Brooklyn,0.82082045
A15,JASPER-TROUPSBURG JUNIOR-SENIOR HIGH SCHOOL 2661 ST RTE 248 GREENWOOD,B2240,Jasper-Troupsburg Jr-Sr H S 2661 State Route 248 Greenwood,0.82077676
A2875,ZICCOLELLA MIDDLE SCHOOL 1 S BROADWAY HASTINGS ON HUDSON,B1219,East Side Middle School 331 East 91st Street Manhattan,0.82076174
A1087,PS 160 WALTER FRANCIS BISHOP 109-59 INWOOD ST JAMAICA,B3400,P.S. 082 Hammond 8802 144th St Jamaica,0.8204687
A754,PS 3 BEDFORD VILLAGE (THE) 50 JEFFERSON AVE BROOKLYN,B3210,P.S. 003 The Bedford Village 50 Jefferson Avenue Brooklyn,0.82045484
A333,URBAN ASSEMBLY ACADEMY FOR FUTURE LEADERS 509 W 129TH ST NEW YORK,B4648,"St Hope Leadership Academy 222 West 134th Street, Room 311 New York",0.8204277
A3546,MORRISTOWN CENTRAL SCHOOL PO BOX 217 MORRISTOWN,B2847,Morristown Central School Gouverneur St Morristown,0.8203069
A573,PS/MS 20 PO GEORGE J WERDAN III 3050 WEBSTER AVE BRONX,B3595,P.S. 170 1598 Townsend Ave Bronx,0.8202357
A1172,PS 84 STEINWAY 22-45 41ST ST ASTORIA,B4102,Ps 110 48-29 37th Street Queens,0.82021576
A4451,SYRACUSE STEM AT BLODGETT 312 OSWEGO ST SYRACUSE,B4792,Syracuse Stem @ Blodgett Middle School 312 Oswego St Syracuse,0.820207
A2158,THEODORE R DURGEE JUNIOR HIGH SCHOOL 29 E ONEIDA ST BALDWINSVILLE,B261,Baldwin Senior High School 841 E T Kloberg Dr Baldwin,0.82019687
A152,PS 3 CHARRETTE SCHOOL 490 HUDSON ST NEW YORK,B3209,P.S. 003 Charrette School 490 Hudson Street Manhattan,0.81989205
A2525,WOOD PARK SCHOOL PO BOX 150 COMMACK,B5399,Wood Park Elementary School 15 New Hwy Commack,0.8193064
A3770,CASTLETON ACADEMY HIGH SCHOOL OF OCEANSIDE 25 CASTLETON CT OCEANSIDE,B742,Castleton Elementary School Campbell & Scott Avenues Castleton,0.8190979
A1499,JHS 202 ROBERT H GODDARD 138-30 LAFAYETTE ST OZONE PARK,B2198,J.H.S. 202 Robert H. Goddard 138-30 Lafayette Street Queens,0.8187973
A790,DESIGN WORKS 29 6 AVE BROOKLYN,B1086,Design Works High School 424 Albee Sq Brooklyn,0.818746
A4130,S S SEWARD INSTITUTE PO DRAWER 757 FLORIDA,B4331,S. S. Seward Institute High School Po Box 757 Florida,0.8186891
A2192,SARGENT SCHOOL 29 EDUCATION DR BEACON,B4375,Sargent Elementary School 29 Education Drive Beacon,0.81864536
A1497,PS 183 DR RICHARD R GREEN 2-45 BEACH 79TH ST ROCKAWAY BEACH,B3617,P.S. 183 Dr. Richard R. Green 2-45 Beach 79 Street Queens,0.8185743
A505,IS 229 ROLAND PATTERSON 275 HARLEM RIVER PARK BRIDGE BRONX,B2062,I.S. 229 Roland Patterson 275 Harlem River Park Brg Bronx,0.81855166
A2552,CALVIN U SMITH ELEMENTARY SCHOOL 3414 STANTON ST PAINTED POST,B1389,F E Smith Elementary School 33 Wheeler Ave Cortland,0.81823504
A4825,ORLEANS-NIAGARA BOCES 4232 SHELBY BASIN RD MEDINA,B3140,Orleans / Niagara Orleans Educational Center 4232 Shelby Basin Rd Medina,0.8182019
A601,PS 3 RAUL JULIA MICRO SOCIETY 2100 LAFONTAINE AVE BRONX,B3760,P.S. 3 Raul Julia Micro Society 2100 Lafontaine Ave Bronx,0.8177512
A3762,SCHOOL 9E-BOARDMAN ELEMENTARY SCHOOL 170 BEATRICE AVE OCEANSIDE,B3098,Oceanside Middle School 186 Alice Ave Oceanside,0.81767386
A1094,PS 220 EDWARD MANDEL 62-10 108TH ST FOREST HILLS,B4105,Ps 390 56-10 214 Street Queens,0.81753063
A1104,ACADEMY FOR EXCELLENCE THROUGH THE ARTS (THE) 68-60 110TH ST FOREST HILLS,B4824,The Academy For Excellence Through The Arts 108-55 69 Avenue Queens,0.8174932
A1140,PS 156 LAURELTON 229-02 137TH AVE SPRINGFIELD GARDENS,B2038,I.S. 059 Springfield Gardens 132-55 Ridgedale Street Springfield Gardens,0.8171106
A3538,KENNETH L RUTHERFORD SCHOOL 26 PATRICIA PL MONTICELLO,B2374,Klr Elementary School 237 Forestburgh Road Monticello,0.81703043
A1192,PS/IS 78 48-09 CENTER BLVD LONG ISLAND CITY,B4110,Ps 78 100 Tompkins Ave Staten Island,0.8164453
A1776,ACHIEVEMENT FIRST-BUSHWICK CHARTER SCHOOL 1300 GREENE AVE BROOKLYN,B636,Bushwick Ascend Charter School 751 Knickerbocker Ave Brooklyn,0.8161623
A2433,AURA A COLE ELEMENTARY SCHOOL 44 SCHOOL DR CENTRAL SQUARE,B206,Aura A Cole Elementary School 1683 State Route 49 Constantia,0.81591666
A324,PS 46 ARTHUR TAPPAN 2987 FREDERICK DOUGLAS BLVD NEW YORK,B3327,P.S. 046 Arthur Tappan 2987 Frederick Douglass Blvd New York,0.815789
A3986,RAVENA-COEYMANS-SELKIRK MIDDLE SCHOOL 2025 RT 9W RAVENA,B4174,Ravena Middle School 2025 Rt 9w Ravena,0.8157132
A1056,PS 191 MAYFLOWER 85-15 258TH ST FLORAL PARK,B3633,P.S. 191 Mayflower 85-15 258th St Queens,0.815603
A2307,HARRIET ROSS TUBMAN ACADEMY 212 STANTON ST BUFFALO,B1802,Harriet Tubman Charter School 3565 3rd Ave Bronx,0.8155834
A1100,HS FOR LAW ENFORCEMENT AND PUBLIC SAFETY 116-25 GUY R BREWER BLVD JAMAICA,B1905,High School For Law Enforcement And Public Safety 116-25 Guy R Brewer Boulevard Queens,0.8154179
A1059,PS 213 CARL ULLMAN SCHOOL (THE) 231-02 67TH AVE BAYSIDE,B3685,P.S. 213 The Carl Ullman School 231-02 67 Avenue Queens,0.81541204
A4254,SKANO ELEMENTARY SCHOOL 970 RT 146 CLIFTON PARK,B3109,Okte Elementary School 1581 Crescent Rd Clifton Park,0.81526864
A1020,PIONEER ACADEMY 40-20 100TH ST CORONA,B3166,Our Lady Of Sorrows School 35-34 105th Street Corona,0.81524783
A1000,PS 143 LOUIS ARMSTRONG 34-55 112TH ST CORONA,B3533,P.S. 143 Louis Armstrong 34-74 113 Street Queens,0.81512225
A1482,PS 90 HORACE MANN 86-50 109TH ST RICHMOND HILL,B3415,P.S. 090 Horace Mann 86-50 109 Street Queens,0.815109
A2873,ZICCOLELLA ELEMENTARY SCHOOL 1 S BROADWAY HASTINGS ON HUDSON,B4229,River East Elementary 508 East 120 St Manhattan,0.8150843
A1613,SID MILLER ACADEMY 110 CHESTER ST BROOKLYN,B2859,Mott Hall Bridges Academy 210 Chester Street Brooklyn,0.81502694
A4030,SCHOOL 9-DR MARTIN LUTHER KING JR 485 CLINTON AVE N ROCHESTER,B2702,Martin Luther King Elem School 135 Locust Hill Ave Yonkers,0.8149068
A321,PS 30 HERNANDEZ/HUGHES 144-176 E 128TH ST NEW YORK,B3280,P.S. 030 Hernandez/Hughes 144 E 128th St # 176 New York,0.81476814
A1186,PS 152 GWENDOLINE N ALLEYNE SCHOOL 33-52 62ND ST WOODSIDE,B3554,P.S. 152 Gwendoline N. Alleyne School 33-52 62 Street Queens,0.814615
A2303,D'YOUVILLE-PORTER CAMPUS 255 PORTER AVE BUFFALO,B628,Buffalo Seminary 205 Bidwell Pkwy Buffalo,0.81456625
A4619,WILLINK MIDDLE SCHOOL 900 PUBLISHERS PKWY WEBSTER,B5242,Webster Willink Middle School 900 Publishers Parkway Webster,0.81447315
A4824,ORANGE-ULSTER BOCES 53 GIBSON RD GOSHEN,B3133,Orange Ulster Boces Special Ed (Aka Abc Campus At Gibson Ab) 53 Gibson Road Goshen,0.8144582
A1147,PS/IS 268 92-07 175TH ST JAMAICA,B4115,Ps/Is 268 92-07 175 Street Queens,0.8144353
A582,PS 95 SHEILA MENCHER 3961 HILLMAN AVE BRONX,B3428,P.S. 095 Sheila Mencher 3961 Hillman Ave Bronx,0.81408083
A7,EDWARDS-KNOX JUNIOR-SENIOR HIGH SCHOOL 2512 COUNTY ROUTE 24 HERMON,B1259,Edward-Knox Es/Jshs 2512 County Route 24 Hermon,0.8139206
A1057,PS 203 OAKLAND GARDENS 53-11 SPRNGFLD BLVD BAYSIDE,B3798,P.S. 376 21021 48th Ave Oakland Gardens,0.81382275
A151,PS 2 MEYER LONDON 122 HENRY ST NEW YORK,B4111,Ps 936 270 59th Street Brooklyn,0.8136731
A1472,JHS 226 VIRGIL I GRISSON 121-10 ROCKAWAY BLVD SOUTH OZONE PARK,B3562,P.S. 155 13002 115th Ave South Ozone Park,0.81360435
A2510,COHOES HIGH SCHOOL 1 TIGER WAY COHOES,B919,Cohoes Middle School Columbia & Bevan Sts Cohoes,0.8134081
A1918,SUCCESS ACADEMY CHARTER SCHOOL - WASHINGTON HEIGHTS 701 FORT WASHINGTON AVE NEW YORK,B2955,New Heights Academy Charter School 1818 Amsterdam Ave New York,0.81329525
A1587,PS 224 252-12 72ND AVE BELLEROSE,B4105,Ps 390 56-10 214 Street Queens,0.8132802
A890,PS 92 ADRIAN HEGEMAN 601 PARKSIDE AVE BROOKLYN,B3419,P.S. 092 Adrian Hegeman 601 Parkside Avenue Brooklyn,0.81321603
A4597,HAROLD T WILEY SCHOOL 1351 WASHINGTON ST WATERTOWN,B5211,Watertown Sr High School 1335 Washington St Watertown,0.81319875
A3987,RAVENA-COEYMANS-SELKIRK SENIOR HIGH SCHOOL 2025 RT 9W RAVENA,B4174,Ravena Middle School 2025 Rt 9w Ravena,0.8130251
A2790,CAROLINE G ATKINSON SCHOOL 58 W SEAMAN AVE FREEPORT,B2301,John W Dodd Junior High School 25 Pine St Freeport,0.813005
A2388,CANDOR JUNIOR-SENIOR HIGH SCHOOL PO BOX 145 CANDOR,B687,Candor Jr-Sr High School 1 Academy St Candor,0.812939
A2387,CANDOR ELEMENTARY SCHOOL PO BOX 145 CANDOR,B687,Candor Jr-Sr High School 1 Academy St Candor,0.8128816
A189,CLINTON SCHOOL (THE) 10 E 15TH ST NEW YORK,B904,Clinton Street Elem School 4100 Clinton St Buffalo,0.81249875
A2435,MILLARD HAWK ELEMENTARY SCHOOL 44 SCHOOL DR CENTRAL SQUARE,B2800,Miller Hill/Sand Lake Elementary School 8439 Miller Hill Rd Averill Park,0.81243026
A1171,PS 76 WILLIAM HALLET 36-36 10TH ST LONG ISLAND CITY,B3394,P.S. 076 William Hallet 36-36 10 Street Queens,0.8123151
A4853,INTELLECTUS PREPARATORY CHARTER SCHOOL 175-177 GRAMATAN AVE MT VERNON,B140,Amani Public Charter School 60 S.Third Ave. Mt Vernon,0.81225693
A2378,EAST HILL SCHOOL 25 SCHOOL DISTRICT RD CANAJOHARIE,B79,African Road Elementary School 600 S Benita Blvd Vestal,0.8121432
A2990,FOREST BROOK ELEMENTARY SCHOOL PO BOX 6006 HAUPPAUGE,B1466,Forestville Elementary School 12 Water St Forestville,0.81203663
A1148,GORDON PARKS SCHOOL (THE) 233-15 MERRICK BLVD ROSEDALE,B4867,The Gordon Parks School 233-15 Merrick Boulevard Queens,0.81203353
A3772,HOWARD A HANLON ELEMENTARY SCHOOL 300 COLLEGE AVE ODESSA,B3949,Parsons Memorial Elementary School 200 Halstead Avenue Harrison,0.811939
A4092,KERHONKSON ELEMENTARY SCHOOL PO BOX 9 ACCORD,B4295,Rondout Middle School 122 Kyserike Rd Accord,0.8119061
A2202,BELFAST SCHOOL PO BOX 336 BELFAST,B330,Belfast Elem & High School 1 King Street Belfast,0.8116483
A1042,JHS 67 LOUIS PASTEUR 51-60 MARATHON PKWY LITTLE NECK,B2177,J.H.S. 067 Louis Pasteur 51-60 Marathon Pkwy Queens,0.81117666
A1433,PS 29 125-10 23RD AVE COLLEGE POINT,B4102,Ps 110 48-29 37th Street Queens,0.81106424
A218,HIGH SCHOOL FOR LANGUAGE AND DIPLOMACY (THE) 40 IRVING PL NEW YORK,B1903,High School For Language And Diplomacy Washington Irving Educational Campus 40 Irving Place Manhatta,0.81093407
A756,PS 9 SARAH SMITH GARNET SCHOOL (THE) 80 UNDERHILL AVE BROOKLYN,B1218,"East Side Elementary School, Ps 267 213 East 63rd Street Manhattan",0.8108733
A3095,HUNTER-TANNERSVILLE MIDDLE SCHOOL HIGH SCHOOL PO BOX 1018 TANNERSVILLE,B2021,Hunter Elementary School 7794 Main Street Hunter,0.81072783
A2906,HEATLY SCHOOL 171 HUDSON AVE GREEN ISLAND,B1702,Greenacres School 41 Huntington Avenue Scarsdale,0.8105473
A4044,SCHOOL 50-HELEN BARRETT MONTGOMERY 301 SENECA AVE ROCHESTER,B4403,School # 45 - Northeast 1445 Clifford Ave Rochester,0.81049895
A178,IS 289 201 WARREN ST NEW YORK,B2071,I.S. 289 201 Warren Street Manhattan,0.81047636
A1184,PS 149 CHRISTA MCAULIFFE 93-11 34TH AVE JACKSON HEIGHTS,B4103,Ps 354 126-10 Bedell Street Queens,0.81047255
A1538,TUTTLE AVENUE SCHOOL 1 TUTTLE AVE EASTPORT,B1229,Eastport Elementary School 390 Montauk Hwy Eastport,0.81031644
A915,IS 68 ISAAC BILDERSEE 956 E 82ND ST BROOKLYN,B2041,I.S. 068 Isaac Bildersee 956 East 82 Street Brooklyn,0.8098025
A594,IS 206 ANN MERSEREAU 2280 AQUEDUCT AVE BRONX,B2057,I.S. 206 Ann Mersereau 2280 Aqueduct Ave Bronx,0.80978405
A4769,ROSEMARIE ANN SIRAGUSA SCHOOL 60 CRESCENT PL YONKERS,B1285,Elementary School 14 60 Crescent Pl Yonkers,0.8094571
A2345,LEWIS J BENNETT HIGH SCHOOL OF INNOVATIVE TECHNOLGY 2885 MAIN ST BUFFALO,B823,Charter School For Applied Technologies 2303 Kenmore Avenue Buffalo,0.80935645
A1861,EMBER CHARTER SCHOOL 616 QUINCY ST-3RD FL BROOKLYN,B1343,Emblaze Academy Charter School 1164 Garrison Ave Bronx,0.8093324
A3792,WOODSTOCK ELEMENTARY SCHOOL 8 W HURLEY RD WOODSTOCK,B5413,Woodstock Elem 10 W Hurley Rd Woodstock,0.8092942
A3435,MHS AMES CAMPUS 198 BALTIMORE AVE MASSAPEQUA,B2165,J Lewis Ames School 198 Baltimore Avenue Massapequa,0.8089904
A1185,PS 151 MARY D CARTER 50-05 31ST AVE WOODSIDE,B4103,Ps 354 126-10 Bedell Street Queens,0.8088121
A1264,PS 60 ALICE AUSTEN 55 MERRILL AVE STATEN ISLAND,B3365,P.S. 060 Alice Austen 55 Merrill Ave Staten Island,0.80854726
A4256,SHATEKON ELEMENTARY SCHOOL 35 MAXWELL RD CLIFTON PARK,B3109,Okte Elementary School 1581 Crescent Rd Clifton Park,0.8083086
A2059,THOMAS S O'BRIEN ACADEMY OF SCIENCE & TECHNOLOGY 94 DELAWARE AVE ALBANY,B4951,Thomas O'Brien Academy 94 Delaware Ave Albany,0.8079524
A2001,AECI II:  NYC CHARTER HS 116 E 169TH ST BRONX,B2059,I.S. 219  New Venture School 3630 Thrid Ave Bronx,0.8077957
A3200,JOHN JAY HIGH SCHOOL PO BOX 387 KATONAH,B2287,John Jay High School Route 52 Hopewell Jct,0.80778515
A1013,PS 58 SCHOOL OF HEROES (THE) 72-24 GRAND AVE MASPETH,B3813,P.S. 58 - School Of Heroes 72-24 Grand Avenue Queens,0.8077433
A1316,PS 110 MONITOR (THE) 124 MONITOR ST BROOKLYN,B3466,P.S. 110 The Monitor 124 Monitor Street Brooklyn,0.80768657
A4000,REMSENBURG-SPEONK ELEMENTARY SCHOOL PO BOX 900 REMSENBURG,B4195,Remsen Jr-Sr High School Main St Remsen,0.80761313
A755,EMILY WARREN ROEBLING SCHOOL (THE) 37 HICKS ST BROOKLYN,B1380,"Excellence Girls Charter School 794 Monroe Street, 3rd Floor Brooklyn",0.80761224
A4828,RENSSELAER-COLUMBIA-GREENE BOCES 10 EMPIRE STATE BLVD-2ND FL CASTLETON,B4199,Rensselaer Academy 25 Van Rensselaer Drive Rensselaer,0.8075451
A1909,SUCCESS ACADEMY CHARTER SCHOOL-HELL'S KITCHEN 439 W 49TH ST-2ND FL NEW YORK,B2135,Inwood Academy For Leadership Charter School - Middle School 433 West 204th Street New York,0.8075202
A1205,PS 280 HOME OF THE LIONHEARTS 34-20 94TH ST JACKSON HEIGHTS,B4105,Ps 390 56-10 214 Street Queens,0.80739194
A2501,CLIFTON-FINE JUNIOR-SENIOR HIGH SCHOOL 11 HALL AVE STAR LAKE,B2779,Midlakes Middlehigh School 1554 State Route 488 Clifton Spgs,0.80732244
A1061,PS 221 NORTH HILLS SCHOOL (THE) 57-40 MARATHON PKWY LITTLE NECK,B1946,Hillside Grade School 150 Maple Dr W New Hyde Park,0.807186
A1502,PS 223 LYNDON B JOHNSON 125-20 SUTPHIN BLVD JAMAICA,B3698,P.S. 223 Lyndon B. Johnson 125-20 Sutphin Boulevard Queens,0.8071848
A4024,SCHOOL 2-CLARA BARTON 190 REYNOLDS ST ROCHESTER,B4408,School #3 - Nathaniel Rochester Community School 85 Adams St Rochester,0.8069988
A2245,WEST LEYDEN ELEMENTARY SCHOOL PO BOX 304 WEST LEYDEN,B5308,Westmoreland Elementary School Rr 233 Westmoreland,0.8066272
A844,PS 5 DR RONALD MCNAIR 820 HANCOCK ST BROOKLYN,B4111,Ps 936 270 59th Street Brooklyn,0.8066199
A516,IS 232 1700 MACOMBS RD BRONX,B2064,I.S. 232 1700 Macombs Road Bronx,0.8064972
A1222,IS 72 ROCCO LAURIE 33 FERNDALE AVE STATEN ISLAND,B2042,I.S. 072 Rocco Laurie 33 Ferndale Ave Staten Island,0.80638456
A4158,SAINT REGIS MOHAWK SCHOOL 385 CHURCH ST HOGANSBURG,B4708,St Regis Mohawk Elem School 637 County Rte 1 Fort Covington,0.8063102
A4093,MARBLETOWN ELEMENTARY SCHOOL PO BOX 9 ACCORD,B2673,Marbletown Elementary School 12 Pinebush Rd Stone Ridge,0.8062563
A2226,GILBERTSVILLE-MOUNT UPTON ELEMENTARY SCHOOL 693 STATE HWY 51 GILBERTSVILLE,B1609,Gilbertsville-Mount Upton E S 693 New York 51 Gilbertsville,0.8061194
A838,MS 839 713 CATON AVE BROOKLYN,B2602,M.S. 915 105 Tech Place Brooklyn,0.8059151
A6,EDWARDS-KNOX ELEMENTARY SCHOOL 2512 COUNTY ROUTE 24 HERMON,B1259,Edward-Knox Es/Jshs 2512 County Route 24 Hermon,0.8057156
A511,IS 313 SCHOOL OF LEADERSHIP DEVELOPMENT 1600 WEBSTER AVE BRONX,B2073,I.S. 313 School Of Leadership Development 1600 Webster Ave Bronx,0.80537415
A1189,PS 171 PETER G VAN ALST 14-14 29TH AVE LONG ISLAND CITY,B3597,P.S. 171 Peter G. Van Alst 14-14 29 Avenue Queens,0.80522966
A1351,IS 171 ABRAHAM LINCOLN 528 RIDGEWOOD AVE BROOKLYN,B2053,I.S. 171 Abraham Lincoln 528 Ridgewood Avenue Brooklyn,0.8052152
A2322,PS 74 HAMLIN PARK - CLAUDE AND OUIDA CLAPP ACADEMY 126 DONALDSON RD BUFFALO,B1337,Elmwood Franklin School 104 New Amsterdam Ave Buffalo,0.8051861
A3199,JOHN JAY MIDDLE SCHOOL PO BOX 387 KATONAH,B2287,John Jay High School Route 52 Hopewell Jct,0.80505437
A118,ORCHARD COLLEGIATE ACADEMY 220 HENRY ST NEW YORK,B4852,The College Academy 549 Audubon Avenue Manhattan,0.8049148
A4809,ERIE 1 BOCES 355 HARLEM RD WEST SENECA,B5262,West Es 1397 Orchard Park Rd Buffalo,0.8047837
A778,DOCK STREET SCHOOL FOR STEAM STUDIES 19 DOCK ST BROOKLYN,B4915,The Steam Bridge School 1684 White Plains Road Bronx,0.8044168
A1572,PS 9 58-74 57TH ST MASPETH,B4102,Ps 110 48-29 37th Street Queens,0.80441177
A1561,NEW YORK STATE SCHOOL FOR THE BLIND 2A RICHMOND AVE BATAVIA,B2978,New York School For The Deaf 555 Knollwood Rd White Plains,0.804342
A3745,PERRY BROWNE INTERMEDIATE SCHOOL 31 BEEBE AVE NORWICH,B3062,Norwich Middle School Midland Dr Norwich,0.804265
A4514,SENATOR JAMES H DONOVAN MIDDLE SCHOOL 1701 NOYES ST UTICA,B4458,Senator James H Donovan Middle 1701 Noyes St Utica,0.80399776
A115,PS 64 ROBERT SIMON 600 E 6TH ST NEW YORK,B3372,P.S. 064 Robert Simon 600 E 6th St Manhattan,0.80332
A2476,BRIDGEPORT ELEMENTARY SCHOOL 9076 NORTH RD BRIDGEPORT,B2954,New Haven Elementary School 4320 State Route 104 New Haven,0.80329883
A920,IS 211 JOHN WILSON 1001 E 100TH ST BROOKLYN,B2058,I.S. 211 John Wilson 1001 East 100 Street Brooklyn,0.8030309
A3334,LIVINGSTON MANOR HIGH SCHOOL PO BOX 947 LIVINGSTON MANOR,B4279,Rockland Middle-High School 19 School Street Livingston Manor,0.8029257
A2349,MARTIN LUTHER KING JR #48 487 HIGH ST BUFFALO,B2701,Martin Luther King Elem Sch 211 Square St Utica,0.80248207
A3126,WALES PRIMARY SCHOOL PO BOX 32 EAST AURORA,B5162,Wales Primary School 4650 Woodchuck Road Elma,0.80243117
A2350,BUILD COMMUNITY SCHOOL 340 FOUGERON ST BUFFALO,B1354,Enterprise Charter School 275 Oak Street Buffalo,0.8024034
A2308,BILINGUAL CENTER 157 ELK ST BUFFALO,B3630,P.S. 189 The Bilingual Center 1100 East New York Avenue Brooklyn,0.8020854
A2493,BASHAW ELEMENTARY SCHOOL PO BOX 1000 CLAYTON,B894,Clayton Huey Elementary School 511 Main St Ctr Moriches,0.8019824
A4033,SCHOOL 17-ENRICO FERMI 158 ORCHARD ST ROCHESTER,B1353,Enrico Fermi Perf Arts Sch 27 Poplar St Yonkers,0.801634
A2968,KENNEY MIDDLE SCHOOL 846 CAYUGA ST HANNIBAL,B1775,Hannibal Jr-Sr High School 928 Cayuga St Hannibal,0.8015558
A4715,TIOUGHNIOGA RIVERSIDE ACADEMY 2887 NY RT 11 WHITNEY POINT,B5293,Westchester Square Academy 3000 East Tremont Avenue Bronx,0.8014371
A1807,ACHIEVEMENT FIRST BROWNSVILLE CHARTER SCHOOL 2021 BERGEN ST-RM 149 BROOKLYN,B614,Brownsville Ascend Charter School 1501 Pitkin Ave Brooklyn,0.80119747
A2317,PS 61 ARTHUR O EVE SCHOOL OF DISTINCTION 453 LEROY ST BUFFALO,B1358,Erie 1 Boces Edge Academy 1635 E Delavan Ave Buffalo,0.8011768
A1321,PS/IS 157 BENJAMIN FRANKLIN HEATH AND SCIENCE ACADEMY (THE) 850 KENT AVE BROOKLYN,B3889,P.S./I.S. 104 The Fort Hamilton School 9115 5 Avenue Brooklyn,0.8008346
A1958,SUCCESS ACADEMY CHARTER SCHOOL-FAR ROCKAWAY 10-45 NAMEOKE ST-3RD FL FAR ROCKAWAY,B802,Challenge Preparatory Charter School 710 Hartman Lane Far Rockaway,0.8008323
A4347,SPENCER-VAN ETTEN HIGH SCHOOL 16 DARTTS CROSSROAD SPENCER,B4599,Spencer-Van Etten Hs 16 Dartts Crossroad Spencer,0.8002977
A1660,MADELEINE BRENNAN SCHOOL (THE) 8010 12TH AVE BROOKLYN,B3158,Our Lady Of Grace School 385 Avenue W Brooklyn,0.7997239
A1134,PS 132 RALPH BUNCHE 132-15 218TH ST SPRINGFIELD GARDENS,B3613,P.S. 181 Brookfield 148-15 230 Street Springfield Gardens,0.7996476
A826,IS 136 CHARLES O DEWEY 4004 4TH AVE BROOKLYN,B2050,I.S. 136 Charles O. Dewey 4004 4th Ave Brooklyn,0.79942924
A1119,IS 238 SUSAN B ANTHONY ACADEMY 88-15 182ND ST HOLLIS,B2066,I.S. 238 - Susan B. Anthony Academy 88-15 182 Street Queens,0.7987238
A3561,MOUNT VERNON LEADERSHIP ACADEMY 455 N HIGH ST MOUNT VERNON,B2901,Mv Steam Academy 350 Gramatan Avenue Mount Vernon,0.79869527
A1851,RIVERTON STREET CHARTER SCHOOL 118-34 RIVERTON ST SAINT ALBANS,B4236,Riverhead Charter School 3685 Middle Country Road Calverton,0.79858506
A3545,MORRIS CENTRAL SCHOOL PO BOX 40 MORRIS,B2848,Morrisville Jr-Sr High School Fearon Road Morrisville,0.79842746
A1680,MS 936 ARTS OFF 3RD 270 59TH ST BROOKLYN,B2548,Lower Manhattan Arts Academy 350 Grand Street Manhattan,0.79825026
A991,PS 88 SENECA 60-85 CATALPA AVE RIDGEWOOD,B2044,I.S. 077 976 Seneca Ave Ridgewood,0.79812163
A2302,PS 17 1045 W DELAVAN AVE BUFFALO,B4113,Ps X469 3177 Webster Ave Bronx,0.798048
A1581,PS 255 158-40 76TH RD FLUSHING,B4105,Ps 390 56-10 214 Street Queens,0.7980237
A368,PS/IS 210 21ST CENTURY ACADEMY 501-503 W 152ND ST NEW YORK,B4117,Ps/Ms 11x498 - Van Nest Academy 1640 Bronxdale Ave Bronx,0.7980149
A1141,PS 176 CAMBRIA HEIGHTS 120-45 235TH ST CAMBRIA HEIGHTS,B4105,Ps 390 56-10 214 Street Queens,0.79788625
A3793,ONTEORA MIDDLE SCHOOL PO BOX 300 BOICEVILLE,B3129,Onteora Jr/Sr High School Rr 28 Boiceville,0.79788595
A4693,DONALD H CRANE JUNIOR/SENIOR HIGH SCHOOL PO BOX 430 WESTMORELAND,B1049,David B Crane Elementary Sch 85 Shell Edge Dr Rochester,0.7976695
A1144,PS 195 WILLIAM HABERLE 253-50 149TH AVE ROSEDALE,B4305,Rosedale (Sa-Ro) 147-65 249th St Rosedale,0.7972133
A3901,COLD SPRING EARLY LEARNING CENTER 358 HOMAN RD STANFORDVILLE,B920,Cold Spring Elementary School Homan Road Stanfordville,0.7965365
A201,NYC LAB MS FOR COLLABORATIVE STUDIES 333 W 17TH ST NEW YORK,B2909,N.Y.C. Lab School For Collaborative Studies 333 W 17th Street Manhattan,0.79639906
A2228,KIRYA JOEL EARLY CHILDHOOD EDUCATIONAL CENTR 655 COUNTY RT 105 MONROE,B2370,Kiryas Joel Union Free Public School 1 Dinev Rd Monroe,0.7963156
A1096,JHS 8 RICHARD S GROSSLEY 108-35 167TH ST JAMAICA,B2169,J.H.S. 008 Richard S. Grossley 108-35 167 Street Queens,0.7956865
A2337,FRANK A SEDITA SCHOOL #30 21 LOWELL PL BUFFALO,B258,Baker Hall School 777 Ridge Rd Buffalo,0.7954252
A2775,FRANKFORT-SCHUYLER CENTRAL HIGH SCHOOL 605 PALMER ST FRANKFORT,B4434,Schuylerville Middle School 14 Spring St Schuylerville,0.79531467
A1190,IS 204 OLIVER W HOLMES 36-41 28TH ST LONG ISLAND CITY,B2056,I.S. 204 Oliver W. Holmes 36-41 28 Street Queens,0.79528606
A2777,FRANKFORT-SCHUYLER MIDDLE SCHOOL 605 PALMER ST FRANKFORT,B4434,Schuylerville Middle School 14 Spring St Schuylerville,0.7951316
A3686,PARLIAMENT PLACE SCHOOL 80 PARLIAMENT PL NORTH BABYLON,B1820,Hastings Mallory Elem School 93 Barker Rd Central Square,0.79513127
A2325,RONALD PEOPLES SCHOOL OF SCHOLARS (THE) 230 EASTON AVE BUFFALO,B4660,St Joseph Collegiate Institute 845 Kenmore Ave Buffalo,0.79423213
A2298,HERMAN BADILLO BILINGUAL ACADEMY 315 CAROLINA ST BUFFALO,B144,Amistad Dual Language School 4862 Broadway Manhattan,0.7941854
A986,PS 68 CAMBRIDGE 59-09 ST FELIX AVE RIDGEWOOD,B3380,P.S. 068 Cambridge 59-09 St Felix X Ave Queens,0.794137
A1443,PS 169 BAY TERRACE 18-25 212TH ST BAYSIDE,B4105,Ps 390 56-10 214 Street Queens,0.7936419
A4473,PS 18 412 HOOSICK ST TROY,B1292,Elementary School 18 412 Hoosick St Troy,0.79349077
A1005,IS 5 WALTER CROWLEY INTERMEDIATE SCHOOL (THE) 50-40 JACOBUS ST ELMHURST,B2082,I.S. 5 - The Walter Crowley Intermediate School 50-40 Jacobus Street Elmhurst,0.7934513
A1039,PS 31 BAYSIDE 211-45 46TH RD BAYSIDE,B4105,Ps 390 56-10 214 Street Queens,0.7932494
A2100,RAPHAEL J MCNULTY ACADEMY FOR INTERN STUDIES & LITERACY 60 BRANDT PL AMSTERDAM,B2560,Lynch Literacy Academy 55 Brandt Place Amsterdam,0.79320395
A1736,PS 139 ALEXINE A FENTY 330 RUGBY RD BROOKLYN,B3528,P.S. 139 Alexine A. Fenty 330 Rugby Rd Brooklyn,0.7931969
A2449,CHARLOTTE VALLEY SCHOOL 15611 STATE HWY 23 DAVENPORT,B821,Charlotte Valley Central Sch 15611 State Highway 23 Davenport,0.7931435
A1507,RANDOLPH HOLDER SCHOOL OF SOCIAL JUSTICE (THE) 1307 CENTRAL AVE FAR ROCKAWAY,B4907,The School For Inquiry And Social Justice 1025 Morrison Ave Bronx,0.7930627
A1985,EARLY COLLEGE CHARTER SCHOOL 1 TELEPORT DR-3RD FL STATEN ISLAND,B2123,Integration Charter Schools 1 Teleport Dr Fl 3 Staten Island,0.7929177
A1129,PS 95 EASTWOOD 179-01 90TH AVE JAMAICA,B3400,P.S. 082 Hammond 8802 144th St Jamaica,0.792884
A1193,IS 227 LOUIS ARMSTRONG 32-02 JUNCTION BLVD EAST ELMHURST,B2060,I.S. 227 Louis Armstrong 32-02 Junction Boulevard Queens,0.7928693
A2,DOLGEVILLE ELEMENTARY SCHOOL 38 SLAWSON ST DOLGEVILLE,B846,Cherry Ave. Elementary School 155 Cherry Ave. West Sayville,0.7928141
A4039,IDA B WELLS-BARNETT ELEMENTARY SCHOOL 34 530 LEXINGTON AVE ROCHESTER,B1370,Ethel K Fyle Elementary School 133 Vollmer Pkwy Rochester,0.79256177
A153,PS 6 LILLIE D BLAKE 45 E 81ST ST NEW YORK,B3218,P.S. 006 Lillie D. Blake 45 E 81st Street Manhattan,0.7923481
A1120,PS 15 JACKIE ROBINSON 121-15 LUCAS ST SPRINGFIELD GARDENS,B3796,P.S. 375 Jackie Robinson School 46 Mckeever Place Brooklyn,0.7922169
A2484,CINCINNATUS ELEMENTARY SCHOOL 2809 CINCINNATUS RD CINCINNATUS,B4957,Ticonderoga Elementary School 116 Alexandria Ave Ticonderoga,0.7921075
A3543,MORIAH ELEMENTARY SCHOOL 39 VIKING LN PORT HENRY,B2842,Moriah Jr-Sr High School 39 Viking Ln Port Henry,0.7916813
A3761,SCHOOL 6-KINDERGARTEN CENTER 25 CASTLETON CT OCEANSIDE,B2343,Kindergarten Center 111 Atlantic Ave Lynbrook,0.791649
A357,PS 98 SHORAC KAPPOCK 512 W 212TH ST NEW YORK,B4111,Ps 936 270 59th Street Brooklyn,0.7914162
A642,IS 181 PABLO CASALS 800 BAYCHESTER AVE BRONX,B2054,I.S. 181 Pablo Casals 800 Baychester Avenue Bronx,0.7912246
A2701,GEORGE ROSS MACKENZIE ELEMENTARY SCHOOL PO BOX 249 GLEN SPEY,B1621,Glendaal Elementary School 774 Sacandaga Rd Scotia,0.79117024
A1138,PS/MS 138 SUNRISE 251-11 WELLER AVE ROSEDALE,B4118,Ps/Ms 147 Ronald Mcnair 218-01 116 Avenue Queens,0.791131
A2512,VAN SCHAICK ISLAND SCHOOL 150 CONTINENTAL AVE COHOES,B5138,Virginia Road School 86 Virginia Road White Plains,0.7911155
A2331,LEONARDO DA VINCI HIGH SCHOOL 167 E UTICA ST BUFFALO,B4628,St Benedict School 3980 Main St Buffalo,0.7910346
A4810,ERIE 2-CHAUTAUQUA-CATTARAUGUS BOCES 8685 ERIE RD ANGOLA,B1362,Erie 2 Carrier Center 8685 Erie Road Angola,0.7908493
A1086,JHS 157 STEPHEN A HALSEY 63-55 102ND ST REGO PARK,B2190,J.H.S. 157 Stephen A. Halsey 63-55 102nd Street Queens,0.79041433
A3059,HOMER INTERMEDIATE SCHOOL PO BOX 500 HOMER,B1977,Homer Elementary School 9 Central Park Pl Homer,0.79001236
A1093,JHS 217 ROBERT A VAN WYCK 85-05 144TH ST JAMAICA,B3400,P.S. 082 Hammond 8802 144th St Jamaica,0.78997004
A3009,ALVERTA B GRAY SCHULTZ MIDDLE SCHOOL 70 GREENWICH ST HEMPSTEAD,B4452,Searingtown Elementary School 106 Beverly Dr Albertson,0.78980887
A4368,EAST RAMAPO EARLY CHILDHOOD CENTER AT KAKIAT 465 VIOLA RD SPRING VALLEY,B5436,Yeled Vyalda Early Childhood Center 835 835 Forest Hill Rd Staten Island,0.7897888
A4102,ROSCOE CENTRAL SCHOOL PO BOX 429 ROSCOE,B4278,Rockland Elementary School 6 Academy St Roscoe,0.7896588
A1089,PS 175 LYNN GROSS DISCOVERY SCHOOL (THE) 64-35 102ND ST REGO PARK,B3670,P.S. 206 The Horace Harding School 6102 98th St Rego Park,0.7891071
A1451,PS 209 CLEARVIEW GARDENS 16-10 UTOPIA PKWY WHITESTONE,B3676,P.S. 209 Clearview Gardens 16-10 Utopia Pkwy Queens,0.78872675
A1664,JHS 223 MONTAUK (THE) 4200 16TH AVE BROOKLYN,B2204,J.H.S. 223 The Montauk 4200 16 Avenue Brooklyn,0.7885973
A2514,COLD SPRING HARBOR HIGH SCHOOL 82 TURKEY LN COLD SPRING HARBOR,B4604,Spring Valley Sr High School 361 Route 59 Spring Valley,0.7885099
A37,BOLIVAR-RICHBURG PRE-K PROGRAM 422 MAIN ST BOLIVAR,B439,Bolivar-Richburg Js-Hs 100 School St Bolivar,0.7884978
A1146,PS/IS 208 74-30 COMMONWLTH BLVD BELLEROSE,B4114,Ps/Is 116 William C. Hughley 107-25 Wren Place Queens,0.78848237
A2306,PS 27 HILLERY PARK ACADEMY 73 PAWNEE PKWY BUFFALO,B2876,Mount Mercy Academy 88 Red Jacket Pkwy Buffalo,0.7884789
A3413,MARATHON HIGH SCHOOL PO BOX 339 MARATHON,B2671,Marathon High School 1 Main St Marathon,0.78823
A2696,EDINBURG COMMON SCHOOL 4 JOHNSON RD EDINBURG,B2907,N Adirondack Elementary School 5572 Rt 11 Ellenburg,0.7882296
A1585,PS Q811 61-25 MARATHON PKWY LITTLE NECK,B4105,Ps 390 56-10 214 Street Queens,0.78799146
A4748,GARDNER-DICKINSON SCHOOL PO BOX 345 WYNANTSKILL,B1562,Gardner-Dickinson School 25 East Avenue Troy,0.7874794
A822,BROOKLYN COLLABORATIVE STUDIES 610 HENRY ST BROOKLYN,B601,Brooklyn Secondary School For Collaborative Studies 610 Henry Street Brooklyn,0.7872028
A4370,SAINT LAWRENCE ELEMENTARY SCHOOL PO BOX 307 BRASHER FALLS,B4707,"St Regis Falls Central School 92 North  Main Street, Po Box 309 St Regis Falls",0.78683865
A2596,PIONEER SENIOR HIGH SCHOOL PO BOX 639 YORKSHIRE,B4034,Pioneer Shs 12125 County Line Road Yorkshire,0.78670615
A328,PS 133 FRED R MOORE 2121 5TH AVE NEW YORK,B4109,Ps 536 1827 Archer Street Bronx,0.7866288
A4057,DR WALTER COOPER ACADEMY 353 CONGRESS AVE ROCHESTER,B54,Academy Of Health Sciences Charter School 1151 Ridgeway Ave. Rochester,0.78651917
A4814,HERKIMER-FULTON-HAMILTON-OTSEGO BOCES 352 GROS BLVD HERKIMER,B1873,Herkimer Boces School 352 Gros Blvd Herkimer,0.7863349
A2813,RUBEN A CIRILLO HIGH SCHOOL 3195 WIEDRICK RD WALWORTH,B353,Benjamin N. Cardozo High School 57-00 223rd Street Bayside,0.7863263
A4472,PS 16 40 COLLINS AVE TROY,B4106,Ps 5 Port Morris 564 Jackson Avenue Bronx,0.7862445
A387,WILLIAM LYNCH SCHOOL (THE) 1750 AMSTERDAM AVE NEW YORK,B741,Castle Bridge School 560 West 169 Street Manhattan,0.7858793
A988,IS 73 FRANK SANSIVIERI INTERMEDIATE SCHOOL  (THE) 70-02 54TH AVE MASPETH,B2085,I.S. 73 - The Frank Sansivieri Intermediate School 70-02 54th Ave Queens,0.78553045
A1265,PS 69 DANIEL D TOMPKINS 144 KEATING PL STATEN ISLAND,B3381,P.S. 069 Daniel D. Tompkins 144 Keating Pl Staten Island,0.7853384
A3357,LONG LAKE CENTRAL SCHOOL PO BOX 217 LONG LAKE,B2533,Long Beach Middle School 239 Lido Blvd Long Beach,0.78523004
A866,NORMA ADAMS CLEMONS ACADEMY 43 SNYDER AVE BROOKLYN,B1210,East New York Family Academy 2057 Linden Boulevard Brooklyn,0.78505754
A997,PS/IS 119 GLENDALE (THE) 74-01 78TH AVE GLENDALE,B2048,I.S. 119 The Glendale 74-01 78 Avenue Queens,0.7843221
A1449,PS/MS 200 MAGNET SCHOOL-GLOBAL STUDI 70-10 164TH ST FLUSHING,B4693,St Mel Catholic Academy 15424 26th Ave Flushing,0.78427327
A4634,WELLS SCHOOL PO BOX 300 WELLS,B5247,Wells Central School 1571 State Hwy. 30 Wells,0.78425956
A259,PS 166 RICHARD ROGERS SCHOOL OF THE ARTS & SCIENCE (THE) 132 W 89TH ST NEW YORK,B1778,"Harbor Science And Arts Charter School 132 East 111 Street, Room 202 New York",0.78410715
A1229,IS 51 EDWIN MARKHAM 80 WILLOWBROOK RD STATEN ISLAND,B2037,I.S. 051 Edwin Markham 20 Houston St Staten Island,0.78387827
A3236,C GRANT GRIMSHAW SCHOOL 5957 US RT 20W LAFAYETTE,B4853,The De La Salle School 87 Pine Street Freeport,0.7837894
A318,JUDITH S KAYE SCHOOL (THE) 321 E 96TH ST NEW YORK,B4902,The River School 425 East 35th Street Manhattan,0.7835899
A430,LEADERS OF EXCELLENCE ADVOCACY AND DISCOVERY 639 ST ANN'S AVE BRONX,B46,Academy For Personal Leadership And Excellence 120 East 184 Street Bronx,0.78342867
A2776,FRANKFORT-SCHUYLER ELEMENTARY SCHOOL 610 REESE RD FRANKFORT,B2679,Margaret W Cuyler Elementary School 6624 South St Red Creek,0.7830264
A4385,STOCKBRIDGE VALLEY CENTRAL SCHOOL PO BOX 732 MUNNSVILLE,B4755,Stockbridge Valley Central Sch 6011 Williams Road Munnsville,0.7830156
A1313,PS 59 THE DAWN BEST SCHOOL 211 THROOP AVE BROOKLYN,B1218,"East Side Elementary School, Ps 267 213 East 63rd Street Manhattan",0.782922
A1805,BGLIG-SHIRLEY RODRIGUEZ-REMENESKI CS 750 CONCOURSE VILLAGE W-LOWER LEVEL BRONX,B489,Bronx 5 Lower (Sa-Bx5) 604 E 139th St Bronx,0.7823191
A1054,PS 186 CASTLEWOOD 252-12 72ND AVE BELLEROSE,B4105,Ps 390 56-10 214 Street Queens,0.782172
A981,PS 13 CLEMENT C MOORE 55-01 94TH ST ELMHURST,B3234,P.S. 013 Clement C. Moore 55-01 94th St Queens,0.782064
A1219,IS 7 ELIAS BERNSTEIN 1270 HUGUENOT AVE STATEN ISLAND,B2032,I.S. 007 Elias Bernstein 1270 Huguenot Ave Staten Island,0.78187
A1088,PS 174 WILLIAM SIDNEY MOUNT 65-10 DIETERLE CRESCENT REGO PARK,B4105,Ps 390 56-10 214 Street Queens,0.7818365
A3800,OYSTERPONDS ELEMENTARY SCHOOL PO BOX 98 ORIENT,B1306,Elementary School 36 85 Saint Jacob St Rochester,0.7815563
A1225,IS 2 GEORGE L EGBERT 333 MIDLAND AVE STATEN ISLAND,B2088,I.S. R002 George L. Egbert 333 Midland Ave Staten Island,0.7807586
A1165,PS 2 ALFRED ZIMBERG 75-10 21ST AVE EAST ELMHURST,B4111,Ps 936 270 59th Street Brooklyn,0.7801685
A2326,PS 84 462 GRIDER ST BUFFALO,B4105,Ps 390 56-10 214 Street Queens,0.78011227
A685,LEADERS OF TOMORROW 3710 BARNES AVE BRONX,B527,Bronx Guild 1980 Lafayette Avenue Bronx,0.7801052
A4265,W A WETTEL ELEMENTARY SCHOOL PO BOX 990 VERNON,B5150,W A Olmsted Elementary School 54 Main Street Harpursville,0.77996373
A1179,PS 127 AEROSPACE SCIENCE MAGNET SCHOOL 98-01 25TH AVE EAST ELMHURST,B494,Bronx Aerospace High School 800 East Gun Hill Road Bronx,0.7799121
A1477,PS 60 WOODHAVEN 91-02 88TH AVE WOODHAVEN,B4102,Ps 110 48-29 37th Street Queens,0.77959734
A3333,LIVINGSTON MANOR ELEMENTARY SCHOOL PO BOX 947 LIVINGSTON MANOR,B4279,Rockland Middle-High School 19 School Street Livingston Manor,0.77909803
A1556,BRENTWOOD RESIDENTIAL CENTER 1230 COMMACK RD DIX HILLS,B1187,East Es 50 Timberline Dr Brentwood,0.779074
A4471,PS 14 1700 TIBBITS AVE TROY,B4106,Ps 5 Port Morris 564 Jackson Avenue Bronx,0.77880013
A2494,GUARDINO ELEMENTARY SCHOOL PO BOX 1000 CLAYTON,B894,Clayton Huey Elementary School 511 Main St Ctr Moriches,0.7787348
A1240,IS 24 MYRA S BARNES 750 DURANT AVE STATEN ISLAND,B2033,I.S. 024 Myra S. Barnes 225 Cleveland Ave Staten Island,0.7786803
A3890,JOHN C BIRDLEBOUGH HIGH SCHOOL 552 MAIN ST PHOENIX,B2766,Michael A Maroun Elementary 11 Elm St Phoenix,0.7784464
A347,SEED HARLEM 425 W 130TH ST NEW YORK,B1782,"Harlem 1 (Sa-H1) 34 West 118th Street, Floor 2 New York",0.7780436
A1368,FDNY-CAPTAIN VERNON A RICHARDS HS 400 PENNSYLVANIA AVE BROOKLYN,B3889,P.S./I.S. 104 The Fort Hamilton School 9115 5 Avenue Brooklyn,0.77778924
A2382,CANASERAGA SCHOOL PO BOX 230 CANASERAGA,B679,Canandaigua Academy High Sch 435 East St Canandaigua,0.77774143
A3204,AUSABLE FORKS ELEMENTARY SCHOOL PO BOX V AU SABLE FORKS,B207,Ausable Forks Elementary Sch 28 Church St Au Sable Forks,0.77764845
A4372,ST LAWRENCE MIDDLE SCHOOL PO BOX 307 BRASHER FALLS,B4707,"St Regis Falls Central School 92 North  Main Street, Po Box 309 St Regis Falls",0.7775161
A1500,PS 207 ROCKWOOD PARK 159-15 88TH ST HOWARD BEACH,B2002,Howard Beach (Sa-Hb) 158-20 101st Street Howard Beach,0.7775097
A1041,PS 46 ALLEY POND 64-45 218TH ST BAYSIDE,B3326,P.S. 046 Alley Pond 64-45 218th St Queens,0.7772703
A381,MS 324 PATRIA MIRABAL 21 JUMEL PL NEW YORK,B4119,Ps/Ms 194 2365 Waterbury Ave Bronx,0.7770979
A2700,ELDRED JUNIOR-SENIOR HIGH SCHOOL PO BOX 249 ELDRED,B1341,Elwood Middle School 478 Elwood Rd East Northport,0.7770474
A1715,IS 98 BAY ACADEMY 1401 EMMONS AVE BROOKLYN,B2086,I.S. 98 Bay Academy 1401 Emmons Avenue Brooklyn,0.7767843
A3516,MINERVA CENTRAL SCHOOL PO BOX 39 OLMSTEDVILLE,B5150,W A Olmsted Elementary School 54 Main Street Harpursville,0.77606857
A2485,CINCINNATUS HIGH SCHOOL 2809 CINCINNATUS RD CINCINNATUS,B764,Cazenovia Jr-Sr High School 31 Emory Ave Cazenovia,0.77600574
A1435,PS 79 FRANCIS LEWIS 147-27 15TH DR WHITESTONE,B3396,P.S. 079 Francis Lewis 14727 15th Dr Whitestone,0.77543026
A1448,JHS 194 WILLIAM CARR 154-60 17TH AVE WHITESTONE,B2196,J.H.S. 194 William Carr 154-60 17th Avenue Queens,0.77391005
A2289,BROOKFIELD CENTRAL SCHOOL PO BOX 60 BROOKFIELD,B612,Brookview Elementary School 300 Brookview Dr Rochester,0.7734575
A1040,PS 41 CROCHERON 34-06 214TH LANE BAYSIDE,B3310,P.S. 041 Crocheron 214-43 35th Ave Queens,0.77323866
A1063,PS/IS 266 74-10 COMMONWEALTH BLVD BELLEROSE,B4104,Ps 377 150-15 Raleigh Street Queens,0.7729956
A281,MAXINE GREENE HIGH SCHOOL FOR IMAGINATIVE INQUIRY (THE) 122 AMSTERDAM AVE NEW YORK,B5049,Urban Academy Laboratory High  School 317 E 67 St Manhattan,0.7729552
A995,PS 102 BAYVIEW 55-24 VAN HORN ST ELMHURST,B4102,Ps 110 48-29 37th Street Queens,0.77267975
A4371,SAINT LAWRENCE HIGH SCHOOL PO BOX 307 BRASHER FALLS,B2432,Lawrence Senior High School 2 Reilly Rd Cedarhurst,0.772665
A4851,DESTINE PREPARATORY CHARTER SCHOOL 530 FRANKLIN ST-3RD FL SCHENECTADY,B1085,Desales Catholic School 6914 Chestnut Ridge Rd Lockport,0.7725396
A1450,PS 201 DISCOVERY SCHOOL FOR INQUIRY AND RESEARCH (THE) 65-11 155TH ST FLUSHING,B4910,The School Of Science And Applied Learning 2050 Prospect Avenue Bronx,0.77248347
A906,ACAD FOR COLLEGE PREP AND CAREER EXP 911 FLATBUSH AVE BROOKLYN,B3849,P.S. K753 - School For Career Development 510 Clermont Avenue Brooklyn,0.7724679
A248,WADLEIGH PERF AND VISUAL ARTS 215 W 114TH ST NEW YORK,B2548,Lower Manhattan Arts Academy 350 Grand Street Manhattan,0.7724304
A2319,PS 65 ROOSEVELT ECC 249 SKILLEN ST BUFFALO,B4109,Ps 536 1827 Archer Street Bronx,0.77222764
A3275,LAURENS CENTRAL SCHOOL PO BOX 301 LAURENS,B2426,Laurens Cent Elem-High School 55 Main Street Laurens,0.77221256
A2969,FAIRLEY SCHOOL 953 AUBURN ST HANNIBAL,B1775,Hannibal Jr-Sr High School 928 Cayuga St Hannibal,0.77205884
A1438,PS 129 PATRICIA LARKIN 128-02 7TH AVE COLLEGE POINT,B3506,P.S. 129 Patricia Larkin 128-02 7th Ave Queens,0.7718184
A16,JASPER-TROUPSBURG ELEMENTARY SCHOOL PO BOX 98 TROUPSBURG,B2239,Jasper-Troupsburg Es 908 State Route 36 Troupsburg,0.7718138
A4692,DEFOREST A HILL PRIMARY SCHOOL PO BOX 430 WESTMORELAND,B5308,Westmoreland Elementary School Rr 233 Westmoreland,0.77180994
A1083,PS 139 REGO PARK 93-06 63RD DR REGO PARK,B4105,Ps 390 56-10 214 Street Queens,0.7717668
A4802,ALBANY-SCHOHARIE-SCHENECTADY-SARATOGA BOCES 900 WATERVLIET-SHAKER RD-STE 102 ALBANY,B711,Capitol Region Boces-Maywood 925 A Watervliet Shaker Road Albany,0.77171594
A2521,COMMACK MIDDLE SCHOOL PO BOX 150 COMMACK,B944,Commack Road Elementary School 300 Commack Rd Islip,0.770908
A1575,DAVID MARQUIS SCHOOL OF THE ARTS (THE) 15 FAIRFIELD ST STATEN ISLAND,B60,Academy Of St Dorothy 1305 Hylan Blvd. Staten Island,0.7707745
A1115,MS 358 88-06 164TH ST JAMAICA,B3400,P.S. 082 Hammond 8802 144th St Jamaica,0.7706922
A3752,DALTON-NUNDA MIDDLE SCHOOL PO BOX 517 NUNDA,B2341,Keshequa Middle School 13 Mill St Nunda,0.77064824
A510,IS 303 LEADERSHIP & COMMUNITY SERVICE 1700 MACOMBS RD BRONX,B2089,I.S. X303 Leadership & Community Service 1700 Macombs Road Bronx,0.77042484
A3414,C S DRIVER MIDDLE SCHOOL 2 REED PKWY MARCELLUS,B2801,Miller Jr High School 65 Fording Place Rd Lake Katrine,0.77009255
A1952,COLLEGIATE ACADEMY-MATH-PERSONAL AWA 1962-84 LINDEN BLVD BROOKLYN,B926,Collegiate Academy For Mathematics And Personal Awareness (Campa) 111 Dinsmore Place Brooklyn,0.7680859
A2526,INDIAN HOLLOW SCHOOL PO BOX 150 COMMACK,B2110,Indian Hollow Elementary Sch 151 Kings Park Rd Commack,0.7677948
A1505,PS 56 HARRY EICHLER 86-10 114TH ST RICHMOND HILL,B4105,Ps 390 56-10 214 Street Queens,0.7670108
A1555,INDUSTRY LIMITED SECURE SCHOOL 375 RUSH SCOTSVILLE RD RUSH,B2824,Monica B Leary Elementary Sch 5509 E Henrietta Rd Rush,0.76700807
A1220,IS 34 TOTTENVILLE 528 ACADEMY AVE STATEN ISLAND,B2036,I.S. 034 Tottenville 528academy  Ave Staten Island,0.7667985
A4031,ANNA MURRAY-DOUGLASS ACADEMY 999 SOUTH AVE ROCHESTER,B3118,Olympia Ms & Hs School 1139 Maiden Lane Rochester,0.76640844
A4488,GEORGE F BAKER HIGH SCHOOL BOX 2002 TUXEDO PARK,B1588,"George F. Baker Hs Po Box 2002, 1 Tornado Drive Tuxedo Park",0.76626825
A3760,WOODHULL SCHOOL PO BOX 428 OCEAN BEACH,B5402,Woodhull Intermediate School 140 Woodhull Rd Huntington,0.7656016
A2242,BOLTON CENTRAL SCHOOL PO BOX 120 BOLTON LANDING,B440,Bolton Central Elem & High Sch 26 Horicon Ave Bolton Landing,0.7634839
A1212,HECTOR FIGUEROA SCHOOL (THE) 69-01 34TH AVE WOODSIDE,B4933,The Woodside Community School 39-07 57th Street Queens,0.763276
A3790,PHOENICIA ELEMENTARY SCHOOL PO BOX 300 BOICEVILLE,B355,Bennett Elem School 4166 Rte 28 Boiceville,0.76321477
A4390,ROBERT CUSHMAN MURPHY JUNIOR HIGH SCHOOL PO BOX 9050 EAST SETAUKET,B1485,Fp Donnelly Elementary School Po Box 250 Conklin,0.76268655
A4821,ONEIDA-HERKIMER-MADISON BOCES PO BOX 70 NEW HARTFORD,B2616,Madison-Oneida Boces 4937 Spring Road Po Box 168 Verona,0.7623317
A4664,WEST PARK SCHOOL PO BOX 10 WEST PARK,B3934,Park Avenue School 955 Park Avenue Westbury,0.76173246
A2042,CLARKE MIDDLE SCHOOL PO BOX 10 ADAMS,B1252,Edward J Arthur Elementary Sch 51 3rd St Athens,0.7613975
A2496,THOUSAND ISLANDS MIDDLE SCHOOL PO BOX 1000 CLAYTON,B4446,Sea Cliff Elementary School 280 Carpenter Ave Sea Cliff,0.7606784
A1531,S.T.A.R. LEADERSHIP ACADEMY 150-15 RALEIGH ST RICHMOND HILL,B4648,"St Hope Leadership Academy 222 West 134th Street, Room 311 New York",0.76048845
A3574,DENZEL WASHINGTON SCHOOL-ARTS 121 S 6TH AVE MOUNT VERNON,B5192,Washington Heights Academy 202 Sherman Ave Manhattan,0.7598187
A723,ESMT-IS 190 1550 CROTONA PARK E BRONX,B1347,Emolior Academy 1970 West Farms Road Bronx,0.759774
A4470,PS 2 470 10TH ST TROY,B4106,Ps 5 Port Morris 564 Jackson Avenue Bronx,0.75971395
A2225,GILBERTSVILLE-MOUNT UPTON JUNIOR-SENIOR HIGH SCHOOL PO BOX 356 GILBERTSVILLE,B1609,Gilbertsville-Mount Upton E S 693 New York 51 Gilbertsville,0.75970554
A3535,MONTAUK SCHOOL 50 S DORSET DR MONTAUK,B1820,Hastings Mallory Elem School 93 Barker Rd Central Square,0.7596282
A2451,CHATEAUGAY ELEMENTARY SCHOOL PO BOX 904 CHATEAUGAY,B4317,Royal-Hartland Elementary School 4500 Orchard Pl Gasport,0.7593546
A1476,PS 47 CHRIS GALAS 9 POWER RD BROAD CHANNEL,B3330,P.S. 047 Chris Galas 9 Power Road Broad Channel,0.7593347
A2830,BROWNVILLE SCHOOL PO BOX 10 BROWNVILLE,B617,Brownsville South Elementary School 985 Rockaway Ave Brooklyn,0.75874144
A1090,JHS 190 RUSSELL SAGE 68-17 AUSTIN ST FOREST HILLS,B2195,J.H.S. 190 Russell Sage 68-17 Austin Street Queens,0.7585815
A260,LOCKE SCHOOL OF ARTS AND ENGINEERING (THE) 20 W 112TH ST NEW YORK,B4746,Stem Institute Of Manhattan 240 West  113 Street Manhattan,0.7585795
A2595,PIONEER MIDDLE SCHOOL PO BOX 619 YORKSHIRE,B4034,Pioneer Shs 12125 County Line Road Yorkshire,0.7583709
A261,RIVERSIDE SCHOOL FOR MAKERS AND ARTISTS (THE) 300 W 61ST ST NEW YORK,B182,Art And Design High School 439 W 49th St New York,0.758212
A2296,EMERSON SCHOOL OF HOSPITALITY 70 W CHIPPEWA ST BUFFALO,B1358,Erie 1 Boces Edge Academy 1635 E Delavan Ave Buffalo,0.757501
A1517,ROBERT H GODDARD HS-COMM/TECH 138-30 LAFAYETTE ST OZONE PARK,B4255,Robert H. Goddard High School Of Communication Arts And Technology 138-30 Lafayette Street Queens,0.7572006
A590,PS 360 2880 KINGSBRIDGE TER BRONX,B4111,Ps 936 270 59th Street Brooklyn,0.7571679
A3412,WILLIAM APPLEBY ELEMENTARY SCHOOL PO BOX 339 MARATHON,B4317,Royal-Hartland Elementary School 4500 Orchard Pl Gasport,0.7570289
A1924,SUCCESS ACADEMY CHARTER SCHOOL - ROSEDALE 147-65 249TH ST ROSEDALE,B4632,St Clare Catholic Academy 137-25 Brookville Blvd Rosedale,0.75702685
A994,IS 93 RIDGEWOOD 66-56 FOREST AVE RIDGEWOOD,B3386,P.S. 071 Forest 62-85 Forest Ave Ridgewood,0.7567691
A1167,PS 11 KATHRYN PHELAN 54-25 SKILLMAN AVE WOODSIDE,B3230,P.S. 011 Kathryn Phelan 54-25 Skillman Avenue Queens,0.7566479
A1786,SUNMOUNT DEVELOPMENTAL CENTER 2445 STATE RT 30 TUPPER LAKE,B1171,Early Childhood Program 475 West Hartsdale Avenue Hartsdale,0.75601363
A996,PS/IS 113 ANTHONY J PRANZO 78-23 87TH ST GLENDALE,B2048,I.S. 119 The Glendale 74-01 78 Avenue Queens,0.7558277
A2981,PURCHASE SCHOOL 2995 PURCHASE ST PURCHASE,B4126,Purchase Elementary School 2995 Purchase Street Purchase,0.75581867
A4029,SCHOOL 8-ROBERTO CLEMENTE 1180 ST PAUL ST ROCHESTER,B3857,P.S. M811 - Mickey Mantle School 466 West End Avenue Manhattan,0.7556521
A2036,ACHIEVEMENT FIRST LEGACY CHARTER SCHOOL 118-49 MONTAUK ST SAINT ALBANS,B2996,Next Generation Charter School 1460 Sheridan Expy Bronx,0.7556382
A993,PS 91 RICHARD ARKWRIGHT 68-10 CENTRAL AVE GLENDALE,B2048,I.S. 119 The Glendale 74-01 78 Avenue Queens,0.75561184
A2739,LINNAEUS W WEST SCHOOL 1201 UNION CENTER MAIN HWY ENDICOTT,B4952,Thomas Watson Elementary Sch 263 Ridgefield Rd Endicott,0.75552535
A3838,PARISHVILLE-HOPKINTON ELEMENTARY SCHOOL PO BOX 187 PARISHVILLE,B288,Bay Elementary School 114 Bay Ave Patchogue,0.7550521
A588,IS 254 2452 WASHINGTON AVE BRONX,B2068,I.S. 254 2452 Washington Ave Bronx,0.75477105
A1689,IS 96 SETH LOW 99 AVE P BROOKLYN,B2046,I.S. 096 Seth Low 99 Avenue P Brooklyn,0.7545675
A3060,HOMER SENIOR HIGH SCHOOL PO BOX 500 HOMER,B1977,Homer Elementary School 9 Central Park Pl Homer,0.7542907
A4856,NURSES MIDDLE COLLEGE CHARTER HIGH SCHOOL-CAPITAL REGION 199 WASHINGTON AVE RENSSELAER,B4200,Rensselaer City Schools 25 Van Rensselaer Dr Rensselaer,0.7537658
A2486,CINCINNATUS MIDDLE SCHOOL 2809 CINCINNATUS RD CINCINNATUS,B985,Corinth Middle School 105 Oak St Corinth,0.753624
A1174,PS 92 HARRY T STEWART SR 99-01 34TH AVE CORONA,B3420,P.S. 092 Harry T. Stewart Sr. 99.01 34 Avenue Queens,0.75279415
A1181,IS 145 JOSEPH PULITZER 33-34 80TH ST JACKSON HEIGHTS,B2052,I.S. 145 Joseph Pulitzer 33-34 80 Street Queens,0.7527752
A3629,NEW SUFFOLK SCHOOL PO BOX 0111 NEW SUFFOLK,B1312,Elementary School 46 250 Newcastle Rd Rochester,0.75201714
A998,IS 125 THOMAS J MCCANN WOODSIDE 46-02 47TH AVE WOODSIDE,B2049,I.S. 125 Thom J. Mccann Woodside 46-02 47 Avenue Queens,0.75192416
A1706,IS 228 DAVID A BOODY 228 AVE S BROOKLYN,B2061,I.S. 228 David A. Boody 228 Avenue S Brooklyn,0.7513715
A182,HIGH SCHOOL FOR CLIMATE JUSTICE (THE) 320 E 96TH ST NEW YORK,B1898,High School For Environmental Studies 444  West 56th Street Manhattan,0.7511622
A2450,CHATEAUGAY HIGH SCHOOL PO BOX 904 CHATEAUGAY,B1658,Gouverneur High School 113 E Barney St Gouverneur,0.7504408
A983,PS 19 MARINO JEANTET 44-10 99TH ST CORONA,B3252,P.S. 019 Marino Jeantet 9802 Roosevelt Ave Corona,0.7503244
A3389,FRANKLIN ACADEMY HIGH SCHOOL 42 HUSKIE LN MALONE,B1497,Franklin Academy High School 54 State St Malone,0.7497215
A150,PS 1 ALFRED E SMITH 8 HENRY ST NEW YORK,B3581,P.S. 163 Alfred E. Smith 163 W 97th St Manhattan,0.7494675
A4782,SCHOOL 30 30 NEVADA PL YONKERS,B1302,Elementary School 30 30 Nevada Pl Bronxville,0.7494166
A982,PS 14 FAIRVIEW 107-01 OTIS AVE CORONA,B4105,Ps 390 56-10 214 Street Queens,0.748858
A1117,MATH/SCIENCE RESEARCH/TECH MAGNET 207-01 116TH AVE CAMBRIA HEIGHTS,B2622,"Magnet School Of Math, Science And Design Technology 511 7th Ave Brooklyn",0.74878573
A4028,SCHOOL 7-VIRGIL GRISSOM 31 BRYAN ST ROCHESTER,B1280,Elementary School 07 31 Bryan St Rochester,0.74838287
A3839,PARISHVILLE-HOPKINTON JUNIOR-SENIOR HIGH SCHOOL PO BOX 187 PARISHVILLE,B3929,Parishville-Hopkinton Es/Jshs 12 County Route 47 Parishville,0.7483367
A3061,HOMER JUNIOR HIGH SCHOOL PO BOX 500 HOMER,B1977,Homer Elementary School 9 Central Park Pl Homer,0.74766433
A4822,ONONDAGA-CORTLAND-MADISON BOCES PO BOX 4754 SYRACUSE,B2616,Madison-Oneida Boces 4937 Spring Road Po Box 168 Verona,0.7475524
A777,RESTORATION ACADEMY 31 NEW YORK AVE BROOKLYN,B4206,Restart Academy 455 Southern Blvd Bronx,0.7474211
A1180,IS 141 STEINWAY (THE) 37-11 21ST AVE LONG ISLAND CITY,B2051,I.S. 141 The Steinway 37-11 21 Avenue Queens,0.7468251
A14,CHERRY VALLEY-SPRINGFIELD CENTRAL SCHOOL PO BOX 485 CHERRY VALLEY,B5097,Valley Elementary School 5736 County Road 119 Cameron Mills,0.74547184
A2087,AMAGANSETT SCHOOL PO BOX 7062 AMAGANSETT,B140,Amani Public Charter School 60 S.Third Ave. Mt Vernon,0.74537814
A3111,ICHABOD CRANE ELEMENTARY SCHOOL PO BOX 820 VALATIE,B1049,David B Crane Elementary Sch 85 Shell Edge Dr Rochester,0.7445175
A2341,ERIE COUNTY HOLDING CENTER 10 DELAWARE AVE BUFFALO,B1363,Erie County Nys Arc 777 Maryvale Dr Cheektowaga,0.7441951
A3212,CHARLES A LINDBERGH ELEMENTARY SCHOOL 184 IRVING TER BUFFALO,B5410,Woodrow Wilson Elem School 166 Halstead Ave Buffalo,0.7441648
A1926,SUCCESS ACADEMY CHARTER SCHOOL - SPRINGFIELD GARDENS 132-55 RIDGEDALE ST-3RD FL SPRINGFIELD GARDENS,B4297,Roosevelt Children'S Academy Charter School - Pleasant 105 Pleasant Avenue Roosevelt,0.74381864
A512,IS 339 1600 WEBSTER AVE BRONX,B2075,I.S. 339 1600 Webster Ave Bronx,0.7436689
A4816,GENESEE VALLEY BOCES 80 MUNSON ST LE ROY,B4755,Stockbridge Valley Central Sch 6011 Williams Road Munnsville,0.7430565
A186,PS/IS 217 ROOSEVELT ISLAND 645 MAIN ST ROOSEVELT ISLAND,B3894,P.S./I.S. 217 Roosevelt Island 645 Main Street Manhattan,0.7427649
A966,IS 347 SCHOOL OF HUMANITIES 35 STARR ST BROOKLYN,B2077,I.S. 347 School Of Humanities 35 Starr Street Brooklyn,0.7426784
A4175,SAUGERTIES JUNIOR HIGH SCHOOL CALL BOX A SAUGERTIES,B4379,Saugerties Jr-Sr High School 310 Washington Ave Extension Saugerties,0.7423077
A4036,SCHOOL 25-NATHANIEL HAWTHORNE 190 REYNOLDS ST ROCHESTER,B2178,J.H.S. 074 Nathaniel Hawthorne 61-15 Oceania St Queens,0.74208754
A999,PS 128 LORRAINE TUZZO-JUNIPER VALLEY 69-10 65TH DR MIDDLE VILLAGE,B3482,P.S. 118 Lorraine Hansberry 69-10 65th Dr Middle Village,0.7419926
A2323,HIGHGATE HEIGHTS 600 HIGHGATE AVE BUFFALO,B5262,West Es 1397 Orchard Park Rd Buffalo,0.7413754
A4025,DR. ALICE HOLLOWAY YOUNG SCHOOL OF EXCELLENCE 85 ADAMS ST ROCHESTER,B54,Academy Of Health Sciences Charter School 1151 Ridgeway Ave. Rochester,0.7409143
A887,IS 340 227 STERLING PL BROOKLYN,B2076,I.S. 340 227 Sterling Place Brooklyn,0.7408363
A789,BRIDGES:  A SCHOOL FOR EXPLORATION AND EQUITY 29 6 AVE BROOKLYN,B1387,"Explore Empower Charter School 188 Rochester Ave, 5th Floor Brooklyn",0.7405424
A4179,SAUGERTIES SENIOR HIGH SCHOOL CALL BOX A SAUGERTIES,B4379,Saugerties Jr-Sr High School 310 Washington Ave Extension Saugerties,0.7402581
A1474,PS/MS 42 R VERNAM 488 BEACH 66TH ST ARVERNE,B4104,Ps 377 150-15 Raleigh Street Queens,0.7396483
A1047,PS 133 THE BELLEROSE SCHOOL OF EXCELLENCE 248-05 86TH AVE BELLEROSE,B4120,Ps/Ms 200 - The Pomonok School & Star Academy 70-10 164 Street Queens,0.73940074
A3002,FIELDSTONE MIDDLE SCHOOL 100 FIELDSTONE DR THIELLS,B1423,Fieldstone Middle School 100 Fieldstone Drive Thiells,0.73871344
A4812,OTSEGO-DELAWARE-SCHOHARIE-GREENE BOCES 2020 JUMP BROOK RD-PO BOX 382 GRAND GORGE,B1064,"Delaware Opps - Deposit Head Start - 3743 Columbia Lake Rd - Deposit P.O. Box 1, 3743 Columbia Lake",0.7383549
A4550,WAINSCOTT SCHOOL PO BOX 79 WAINSCOTT,B5198,Washington Primary School 78 Whitson Rd Huntington Sta,0.73767674
A2520,COMMACK HIGH SCHOOL PO BOX 150 COMMACK,B944,Commack Road Elementary School 300 Commack Rd Islip,0.7366138
A2103,ANDES CENTRAL SCHOOL PO BOX 248 ANDES,B4005,Peru Elementary School 116 Pleasant Avenue Peru,0.73562646
A4153,WARRIOR ACADEMY 50 IROQUOIS DR SALAMANCA,B4347,Salamanca High School 50 Iroquois Dr Salamanca,0.73515743
A992,PS 89 JOSE PERALTA SCHOOL OF DREAMERS (THE) 85-28 BRITTON AVE ELMHURST,B3817,P.S. 65 - The Raymond York Elementary School 103-22 99 Street Queens,0.73470706
A1616,PS 256 525 CONVENT RD SYOSSET,B3867,P.S. Q256 525 Convent Road Syosset,0.7337744
A2203,BELLEVILLE HENDERSON CENTRAL SCHOOL 8372 COUNTY RT 75 ADAMS,B335,Belleville-Henderson Cent Sch 8372 Co Rt 75 Belleville,0.7337132
A4833,EASTERN SUFFOLK BOCES 201 SUNRISE HWY PATCHOGUE,B1036,Cutchogue East Elem Sch 34900 Main Rd Mattituck,0.7336143
A2495,THOUSAND ISLANDS HIGH SCHOOL PO BOX 1000 CLAYTON,B4446,Sea Cliff Elementary School 280 Carpenter Ave Sea Cliff,0.7331887
A1163,ATLAS 28-01 41ST AVE LONG ISLAND CITY,B1776,Harbor Heights 306 Fort Washington Avenue Manhattan,0.7331802
A1540,GREATER BINGHAMTON HEALTH CENTER 425 ROBINSON ST BINGHAMTON,B1248,Education Center 435 Glenwood Road Binghamton,0.73284024
A761,PS 54 DETECTIVE RAFAEL RAMOS 195 SANDFORD ST BROOKLYN,B3485,P.S. 120 Carlos Tapia 18 Beaver Street Brooklyn,0.7307841
A1118,HEALTH ARTS ROBOTICS AND TECHNOLOGY HIGH SCHOOL 207-01 116TH AVE CAMBRIA HEIGHTS,B1831,Health Opportunities High School 350 Gerard Ave Bronx,0.7305075
A1162,PS 360 199-10 112TH AVE SAINT ALBANS,B4105,Ps 390 56-10 214 Street Queens,0.730495
A1176,PS 112 DUTCH KILLS 25-05 37TH AVE LONG ISLAND CITY,B3472,P.S. 112 Dutch Kills 25-05 37 Avenue Queens,0.7296057
A4820,NASSAU BOCES PO BOX 9195 GARDEN CITY,B800,Ceo - Shodack Frc - 24 New Rd - Nassau 24 New Road Nassau,0.728897
A2318,PS 64 FREDERICK LAW OLMSTED 874 AMHERST ST BUFFALO,B3652,P.S. 199 Frederick Wachtel 1100 Elm Avenue Brooklyn,0.7286428
A4808,DUTCHESS BOCES 5 BOCES RD POUGHKEEPSIE,B4131,Putnam Westchester Boces 200 Boces Drive Yorktown Heights,0.7278824
A1085,PS 144 COL JEROMUS REMSEN 69-20 JUNO ST FOREST HILLS,B3534,P.S. 144 Col Jeromus Remsen 93-02 69 Avenue Queens,0.726408
A3751,DALTON-NUNDA SECONDARY SCHOOL PO BOX 517 NUNDA,B735,Caryl Adams Primary School 24 Keibel Road Whitney Point,0.726267
A4026,SCHOOL 4-GEORGE MATHER FORBES 198 DR  SAMUEL MCCREE WAY ROCHESTER,B1310,Elementary School 43 1305 Lyell Ave Rochester,0.7258407
A1759,IS 381 2500 NOSTRAND AVE BROOKLYN,B2030,I. S. 381 1599 East 22 Street Brooklyn,0.7249804
A4803,BROOME-DELAWARE-TIOGA BOCES 435 GLENWOOD RD BINGHAMTON,B1248,Education Center 435 Glenwood Road Binghamton,0.723627
A1558,FINGER LAKES RESIDENTIAL CENTER 250 AUBURN RD LANSING,B1427,Finger Lakes Area Voc Center 3501 County Road 20 Stanley,0.723552
A4554,JOHN G BORDEN MIDDLE SCHOOL PO BOX 310 WALLKILL,B2283,John H West Elementary School 499 Boundary Avenue Bethpage,0.72320807
A4807,DELAWARE-CHENANGO-MADISON-OTSEGO BOCES 6678 COUNTY RD 32 NORWICH,B838,Chenango Area Educational Ctr 6678 County Road 32 Norwich,0.7228553
A1111,JERMAINE L GREEN STEM INSTITUTE OF QUEENS (THE) 126-10 BEDELL ST JAMAICA,B5446,Yeshiva Rlkti Primary 8011 210 St Jamaica,0.7216899
A1407,IS 392 104 SUTTER AVE BROOKLYN,B2080,I.S. 392 104 Sutter Avenue Brooklyn,0.7216868
A2539,COPENHAGEN CENTRAL SCHOOL PO BOX 30 COPENHAGEN,B978,Copenhagen Central School Mechanic Street Copenhagen,0.720457
A3112,ICHABOD CRANE SENIOR HIGH SCHOOL PO BOX 820 VALATIE,B1049,David B Crane Elementary Sch 85 Shell Edge Dr Rochester,0.7197914
A2348,BUFFALO SCHOOL OF CULINARY ARTS AND HOSPITALITY MANAGEMENT 75 W HURON ST BUFFALO,B1921,High School Of Hospitality Management 525 West 50th Street Manhattan,0.71936643
A405,PS 43 JONAS BRONCK 165 BROWN PL BRONX,B3318,P.S. 043 Jonas Bronck 165 Brown Place Bronx,0.7182566
A2517,GOOSEHILL PRIMARY CENTER 75 GOOSE HILL RD COLD SPRING HARBOR,B1651,Goosehill Primary School 75 Goose Hill Rd Cold Spg Hbr,0.7182151
A4090,CLOUGH PREK CENTER 409 BELL RD ROME,B4289,Rome Clough Early Childhood Program 409 Bell Rd S Rome,0.7164714
A4176,CAHILL SCHOOL CALL BOX A SAUGERTIES,B656,Cahill Elementary School 134 Main Street Saugerties,0.71556085
A1166,IS 10 HORACE GREELEY 45-11 31ST AVE LONG ISLAND CITY,B2031,I.S.  010 Horace Greeley 45-11 31st Ave Queens,0.71551293
A3110,ICHABOD CRANE MIDDLE SCHOOL PO BOX 820 VALATIE,B1049,David B Crane Elementary Sch 85 Shell Edge Dr Rochester,0.71472895
A238,URBAN ASSEMBLY-EARLY COLL HS EMER MD 411 PEARL ST NEW YORK,B5055,Urban Assembly Maker Academy 411 Pearl Street New York,0.7143852
A985,IS 61 LEONARDO DA VINCI 98-50 50TH AVE CORONA,B2039,I.S. 061 Leonardo Da Vinci 98-50 50th Ave Queens,0.71411717
A1195,IS 230 73-10 34TH AVE JACKSON HEIGHTS,B1558,Garden Prek 33-16 79th Street Jackson Heights,0.71290827
A1076,PS 80 THURGOOD MARSHALL MAGNET SCHOOL OF MULTIMEDIA (THE) 171-05 137TH AVE JAMAICA,B1938,Hillside Arts & Letters Academy 167-01 Gothic Drive Jamaica,0.7121982
A4466,TOWN OF WEBB SCHOOL PO BOX 38 OLD FORGE,B1561,Gardner Road Elementary School 541 Gardner Rd Horseheads,0.71003103
A3185,JEFFREY RATNER-ROBERT SEAMAN ELEMENTARY SCHOOL 137 LEAHY ST JERICHO,B3007,Norman S Levy-Lakeside Elementary School Merrick And Babylon Rds Merrick,0.70759755
A4489,GEORGE GRANT MASON ELEMENTARY SCHOOL BOX 2002 TUXEDO PARK,B2747,Meco Elementary School Rr 3 Box 40 Gloversville,0.7071573
A4149,SAGAPONACK SCHOOL PO BOX 1500 SAGAPONACK,B5437,Yeshiva Avir Yakov Po Box 840 Spring Valley,0.70711005
A990,PS/IS 87 MIDDLE VILLAGE 67-54 80TH ST MIDDLE VILLAGE,B4115,Ps/Is 268 92-07 175 Street Queens,0.7048089
A1079,PS 99 KEW GARDENS 82-37 KEW GARDENS RD KEW GARDENS,B4105,Ps 390 56-10 214 Street Queens,0.70451087
A1031,ROSE M SINGER CENTER 19-19 HAZEN ST EAST ELMHURST,B4304,Rose Hill Pre K Center 2512 Marion Ave Bronx,0.7043399
A4831,SAINT LAWRENCE-LEWIS BOCES PO BOX 231 CANTON,B3741,P.S. 276 Louis Marshall 1070 East 83 Street Brooklyn,0.70426613
A2351,ERIE COUNTY DETENTION FACILITY 768 E FERRY ST BUFFALO,B1363,Erie County Nys Arc 777 Maryvale Dr Cheektowaga,0.7018873
A1554,BROOKWOOD SECURE CENTER FOR GIRLS PO BOX 265 CLAVERACK,B4342,Safe Haven #2 1117 Fulton Bronx,0.7000222
A1559,BROOKWOOD SECURE CENTER FOR YOUTH PO BOX 265 CLAVERACK,B129,All My Childrens Childcare 35-01 24th Street Long Island City,0.6989133
A1242,IS 27 ANNING S PRALL 11 CLOVE LAKE PL STATEN ISLAND,B2035,I.S. 027 Anning S. Prall 11 Clove Lake Pl Staten Island,0.69497424
A4835,SULLIVAN BOCES 15 SULLIVAN AVE-STE 1W LIBERTY,B3019,North Jefferson 320 W Lynde St Watertown,0.69138896
A1541,SAGAMORE CHILDREN'S PSYCHIATRIC CENTER 197 HALF HOLLOW RD DIX HILLS,B1092,Dichiaro Early Childhood Sch 373 Bronxville Rd Bronxville,0.6913115
A4806,CLINTON-ESSEX-WARREN-WASHINGTON BOCES PO BOX 455 PLATTSBURGH,B2616,Madison-Oneida Boces 4937 Spring Road Po Box 168 Verona,0.69017684
A4823,ONTARIO-SENECA-YATES-CAYUGA-WAYNE BOCES 131 DRUMLIN CT NEWARK,B5235,Wayne Central Middle School 6076 Ontario Center Road Ontario Center,0.68966216
A1546,WESTERN PSYCHIATRIC CENTER 1010 EAST & WEST RD WEST SENECA,B4580,Southern Adirondack Center 1051 Dix Ave Hudson Falls,0.6894808
A1426,IS 25 ADRIEN BLOCK 34-65 192ND ST FLUSHING,B2034,I.S. 025 Adrien Block 34-65 192nd St Queens,0.6854221
A2814,GANANDA MIDDLE SCHOOL 1500 DAYSPRING RIDGE WALWORTH,B5352,William H. Golding Middle School Washington Heights Cobleskill,0.6840019
A4811,FRANKLIN-ESSEX-HAMILTON BOCES PO BOX 28 MALONE,B3352,P.S. 055 Benjamin Franklin 450 Saint Pauls Pl Bronx,0.68316007
A1548,HUTCHINGS CHILD & YOUTH SERVICES 430 IRVING AVE SYRACUSE,B4262,Roberts Pre-K-8 School 715 Glenwood Ave Syracuse,0.6823557
A4834,WESTERN SUFFOLK BOCES PO BOX 8007 DIX HILLS,B3353,P.S. 055 Henry M. Boehm 54 Osborne St Staten Island,0.6816979
A432,IS 584 600 ST ANN'S AVE BRONX,B3454,P.S. 106 Parkchester 2120 Saint Raymonds Ave Bronx,0.67914695
A2065,CAP DIST JUVENILE SECURE DETENTION 838 ALBANY SHAKER RD ALBANY,B100,Albany Cap - Nathan Lebron Early Childhood Ed Center - 170 Ontario Street - Albany 170 Ontario Stree,0.6785207
A1545,SOUTH BEACH PSYCHIATRIC CENTER 777 SEAVIEW AVE STATEN ISLAND,B4110,Ps 78 100 Tompkins Ave Staten Island,0.67813337
A1427,IS 237 46-21 COLDEN ST FLUSHING,B2065,I.S. 237 46-21 Colden St Queens,0.6770323
A1484,PS 97 FOREST PARK 85-52 85TH ST WOODHAVEN,B4106,Ps 5 Port Morris 564 Jackson Avenue Bronx,0.6760047
A1560,HARRIET TUBMAN RESIDENTIAL CENTER 6706 PINE RIDGE RD AUBURN,B1802,Harriet Tubman Charter School 3565 3rd Ave Bronx,0.67449886
A1552,MACCORMICK SECURE CENTER 300 SOUTH RD BROOKTONDALE,B708,Capc Watertown 518 Davidson Street Watertown,0.67420864
A2314,DR GEORGE BLACKMAN ECC 2358 MAIN ST BUFFALO,B4071,Potters Road Occupational Ctr 705 Potters Rd Buffalo,0.66642493
A1551,HIGHLAND RESIDENTIAL CENTER PO BOX 970 HIGHLAND,B3350,P.S. 054 Hillside 86-02 127 Street Queens,0.6663349
A2991,BRETTON WOODS ELEMENTARY SCHOOL PO BOX 6006 HAUPPAUGE,B1277,Elementary School 05 555 Plymouth Ave N Rochester,0.66029793
A1233,PS 16 JOHN J DRISCOLL 195 DANIEL LOW TER STATEN ISLAND,B3823,P.S. 74 Future Leaders Elementary School 211 Daniel Low Terrace Staten Island,0.65909827
A4837,ULSTER BOCES 175 RTE 32 N NEW PALTZ,B1701,Green Vale School 250 Valentines Ln Glen Head,0.658332
A629,ENGLISH LANGUAGE LEARNERS-INTER SUPP 99 TERRACE VIEW AVE BRONX,B1351,English Language Learners And International Support Preparatory Academy (Ellis) 99 Terrace View Aven,0.6582274
A1044,PS 94 DAVID D PORTER 41-77 LITTLE NECK PKWY LITTLE NECK,B3424,P.S. 094 David D. Porter 41-77 Little Neck Pkwy Queen,0.6575581
A1994,MOUNTAIN VIEW CAMPUS PO BOX 158 ELIZABETHTOWN,B5437,Yeshiva Avir Yakov Po Box 840 Spring Valley,0.6561917
A2352,RESEARCH LABORATORY HS-BIOINFORMATIC 2495 MAIN ST BUFFALO,B3825,P.S. 75 School Of Research And Discovery 984 Faile St Bronx,0.655082
A2333,PFC WILLIAM J GRABIARZ #79 225 LAWN AVE BUFFALO,B3335,P.S. 048 William C. Wilcox 1055 Targee St Staten Island,0.65446484
A1995,LAKE VIEW CAMPUS PO BOX 408 WESTPORT,B4597,Special Services - Rye Lake Campus 1606 Old Orchard Street White Plains,0.653118
A1543,ROCKLAND CHILDREN'S PSYCHIATRIC CENTER 2 FIRST AVE-BLDG 129 ORANGEBURG,B860,Childrens Readiness Center At Endo 500 Endo Blvd. Garden City,0.6522999
A1553,GOSHEN SECURE CENTER PO BOX 2020 GOSHEN,B447,Bovl - Special Ed - Goshen Main Street 227 Main St Goshen,0.6509368
A1001,PS 153 MASPETH ELEMENTARY 60-02 60TH LN MASPETH,B3558,P.S. 153 Maspeth Elem 60-02 60 Lane Maspeth,0.65013546
A2304,DR A PANTOJA COMM SCH EXCLLNCE -#18 750 WEST AVE BUFFALO,B3214,P.S. 005 Dr. Ronald Mcnair 820 Hancock St Brooklyn,0.64712316
A2305,NATIVE AMERICAN MAGNET 97 W DELAVAN AVE BUFFALO,B5262,West Es 1397 Orchard Park Rd Buffalo,0.64627147
A1026,PS 110 43-18 97TH PL CORONA,B4105,Ps 390 56-10 214 Street Queens,0.64522797
A1542,MOHAWK VALLEY PSYCHIATRIC CENTER FOR CHILDREN & YOUTH 1400 NOYES ST UTICA,B4342,Safe Haven #2 1117 Fulton Bronx,0.64332527
A4684,NASSAU CO JUVENILE DETENTION CENTER 61 CARMAN AVE WESTBURY,B2298,John Street Elementary School 560 Nassau Blvd Frankln Square,0.63578814
A2201,CLINTON COUNTY SHERIFFS DEPARTMENT 137 MARGARET ST PLATTSBURGH,B1363,Erie County Nys Arc 777 Maryvale Dr Cheektowaga,0.6346809
A380,MS 319 MARIE TERESA 21 JUMEL PL NEW YORK,B4118,Ps/Ms 147 Ronald Mcnair 218-01 116 Avenue Queens,0.634106
A4178,RICCARDI ELEMENTARY SCHOOL CALL BOX A SAUGERTIES,B815,Charles M. Riccardi Elementary School 70 Plenty Street Glasco,0.63035613
A3823,TIOGA COUNTY JAIL 103 CORPORATE DR OWEGO,B1363,Erie County Nys Arc 777 Maryvale Dr Cheektowaga,0.6301941
A3415,K C HEFFERNAN ELEMENTARY SCHOOL 2 LEARNERS LNDG MARCELLUS,B2609,M.V. Elementary & Intermediate School 2320 Route 6 Slate Hill,0.6283036
A4476,RENSSELAER COUNTY JAIL 4000 MAIN ST TROY,B4201,Rensselaer Park Elem School 70 110th St Troy,0.6281831
A1539,NYS DEPT OF CORRECTIONS PLACEMENT STATE CAMPUS BLDG 2 ALBANY,B385,Big Apple Institute Iv/Edcuation Center 2937 86 St Brooklyn,0.627136
A1557,TABERG RESIDENTIAL CENTER 10011 FLORENCE-TABERG RD TABERG,B5395,Winthrop Ave. Primary Center 580 Winthrop Ave Bellmore,0.62394285
A1544,ELMIRA PSYCHIATRIC CENTER 100 WASHINGTON ST ELMIRA,B1333,Elmira High School 777 S Main St Elmira,0.6220732
A1975,EXPLORATION ELE CS - SCIENCE-TECHNOL 1001 LAKE AVE ROCHESTER,B2684,Marie Curie Institute Of Engineering And Communications 9 Brice St Amsterdam,0.6215427
A3603,ROCKLAND COUNTY SHERIFFS DEPARTMENT 53 NEW HEMPSTEAD RD NEW CITY,B1363,Erie County Nys Arc 777 Maryvale Dr Cheektowaga,0.6159117
A2316,PS 59 DR CHARLES DREW SCIENCE MAGNET 1 MLK PARK BUFFALO,B4107,Ps 503: The School Of Discovery 330 59 Street Brooklyn,0.615087
A4060,MONROE CORRECTIONAL FACILITY 705 EAST HENRIETTA RD ROCHESTER,B2827,Monroe Middle School 164 Alexander St Rochester,0.6135108
A4445,ONONDAGA CNTY SHERIFF'S DEPT P O BOX 11-194 ALBANY,B3656,P.S. 20 P.O.George J. Werdan Iii 149 East Mosholu Parkway Bronx,0.61335987
A2102,WILLIAM H BARKLEY MICROSOCIETY 66 DESTEFANO ST AMSTERDAM,B2684,Marie Curie Institute Of Engineering And Communications 9 Brice St Amsterdam,0.6128895
A2392,ST LAWRENCE CORRECTIONAL FACILITY 17 COMMERCE LANE CANTON,B2016,Hugh G. Williams 99 State St Canton,0.604653
A2295,DR LYDIA T WRIGHT SCH OF EXCELLENCE 106 APPENHEIMER ST BUFFALO,B3758,P.S. 298 Dr. Betty Shabazz 85 Watkins St Brooklyn,0.59930724
A3485,UNITY DRIVE KINDERGARTEN-PRE K CENTER 11 UNITY DR CENTEREACH,B2343,Kindergarten Center 111 Atlantic Ave Lynbrook,0.59865344
A1547,SAINT LAWRENCE PSYCHIATRIC CENTER CHILDREN & YOUTH SERVICES 1 CHIMNEY POINT DR OGDENSBURG,B3105,Ogdensburg Free Acad High Sch 1100 State St Ogdensburg,0.5985765
A3344,NIAGARA COUNTY JAIL 5526 NIAGARA ST EXT LOCKPORT,B1363,Erie County Nys Arc 777 Maryvale Dr Cheektowaga,0.59635437
A3092,WASHINGTON CO CORRECTIONAL FACILITY 399 BROADWAY FORT EDWARD,B705,Capc Adams 13180 Us Route 11 Adams Center,0.59149325
A4832,SCHUYLER-STEUBEN-CHEMUNG-TIOGA-ALLEGANY BOCES 9579 VOCATIONAL DR PAINTED POST,B989,Corning-Painted Post High School 201 Cantigny St Corning,0.59144986
A2663,COUNTY OF NASSAU/CORRECTIONAL CENTER CARMAN AVE EAST MEADOW,B1202,East Meadow High School 101 Carman Ave East Meadow,0.5898279
A2405,PUTNAM COUNTY CORRECTIONAL FACILITY THREE COUNTY CTR CARMEL,B4131,Putnam Westchester Boces 200 Boces Drive Yorktown Heights,0.5882312
A59,CHAUTAUQUA COUNTY JAIL PO BOX 128 MAYVILLE,B831,Chautauqua Lake Secondary School 100 N Erie St Mayville,0.5877328
A56,ALLEGANY CO SHERIFF C/O TREASURER COURT HOUSE BELMONT,B1363,Erie County Nys Arc 777 Maryvale Dr Cheektowaga,0.58727396
A4838,WASHINGTON-SARATOGA-WARREN-HAMILTON-ESSEX BOCES 10 LACROSS ST-STE 6 HUDSON FALLS,B101,Albany Cap - Ogden Mills - One Ogden Plaza - Cohoes One Ogden Plaza Cohoes,0.5828917
A71,CATTARAUGUS COUNTY JAIL 301 COURT ST LITTLE VALLEY,B1363,Erie County Nys Arc 777 Maryvale Dr Cheektowaga,0.5811261
A4019,SUFFOLK COUNTY SHERIFFS OFFICE 1 CENTER DR RIVERHEAD,B1363,Erie County Nys Arc 777 Maryvale Dr Cheektowaga,0.5750866
A4583,WYOMING COUNTY JAIL 151 N MAIN ST WARSAW,B1363,Erie County Nys Arc 777 Maryvale Dr Cheektowaga,0.57275283
A4177,MORSE SCHOOL CALL BOX A SAUGERTIES,B2850,Morse Elementary School 70 Harry Wells Rd Saugerties,0.56701994
A2835,LIVINGSTON COUNTY JAIL 4 COURT ST GENESEO,B1581,Geneseo Elementary School 4050 Avon Rd Geneseo,0.56677943
A2353,PS 90 50 A ST BUFFALO,B3866,P.S. Q255 158-40 76 Road Queens,0.55903
A2315,FREDERICK OLMSTED #156 319 SUFFOLK BUFFALO,B232,Babove Flushing 136-146 61st Queens,0.55818665
A4804,CATTARAUGUS-ALLEGANY-ERIE-WYOMING BOCES 1825 WINDFALL RD OLEAN,B3043,Northeastern Clinton Shs 103 Route 276 Champlain,0.51356316
A4815,JEFFERSON-LEWIS-HAMILTON-HERKIMER-ONEIDA BOCES 20104 STATE RTE 3 WATERTOWN,B1761,Hamilton Bicentennial Elementary School 929 U.S. 209 Cuddebackville,0.5061561
A4087,ROME FREE ACADEMY 95 DART CIRCLE ROME,B4599,Spencer-Van Etten Hs 16 Dartts Crossroad Spencer,0.49461934
