A_id,A_statement,Best_B_id,Best_B_statement,cosine_similarity
A340,THURGOOD MARSHALL ACADEMY LOWER SCHOOL 276 W 151ST ST NEW YORK,B4956,Thurgood Marshall Academy Lower School 276 W 151st St New York,1.0000004
A1216,CONCORD HIGH SCHOOL 109 RHINE AVE STATEN ISLAND,B958,Concord High School 109 Rhine Ave Staten Island,1.0000004
A2475,BOLIVAR ROAD ELEMENTARY SCHOOL 6983 BOLIVAR RD CHITTENANGO,B438,Bolivar Road Elementary School 6983 Bolivar Rd Chittenango,1.0000004
A2658,MCVEY ELEMENTARY SCHOOL 2201 DEVON ST EAST MEADOW,B2738,Mcvey Elementary School 2201 Devon St East Meadow,1.0000004
A3031,HICKSVILLE HIGH SCHOOL 180 DIVISION AVE HICKSVILLE,B1887,Hicksville High School 180 Division Ave Hicksville,1.0000004
A3465,BIRCH SCHOOL 2400 CENTRAL PKWY MERRICK,B392,Birch School 2400 Central Pkwy Merrick,1.0000004
A3754,LIBERTY ELEMENTARY SCHOOL 142 LAKE RD VALLEY COTTAGE,B2470,Liberty Elementary School 142 Lake Rd Valley Cottage,1.0000004
A4225,GLEN HEAD ELEMENTARY SCHOOL 7 SCHOOL ST GLEN HEAD,B1618,Glen Head Elementary School 7 School St Glen Head,1.0000004
A4576,VASSAR ROAD ELEMENTARY SCHOOL 174 VASSAR RD POUGHKEEPSIE,B5113,Vassar Road Elementary School 174 Vassar Rd Poughkeepsie,1.0000004
A4727,MAPLE EAST ELEMENTARY SCHOOL 1500 MAPLE RD WILLIAMSVILLE,B2663,Maple East Elementary School 1500 Maple Rd Williamsville,1.0000004
A82,BRONX PREPARATORY CHARTER SCHOOL 3872 3RD AVE BRONX,B542,Bronx Preparatory Charter School 3872 3rd Ave Bronx,1.0000002
A91,OUR WORLD NEIGHBORHOOD CHARTER SCHOOL 36-12 35TH AVE ASTORIA,B3177,Our World Neighborhood Charter School 36-12 35th Ave Astoria,1.0000002
A141,TALENT UNLIMITED HIGH SCHOOL 317 E 67TH ST NEW YORK,B4800,Talent Unlimited High School 317 E 67th St New York,1.0000002
A211,LOWER MANHATTAN COMMUNITY MIDDLE SCHOOL 26 BROADWAY NEW YORK,B2549,Lower Manhattan Community Middle School 26 Broadway New York,1.0000002
A469,BRONX COMMUNITY HIGH SCHOOL 1980 LAFAYETTE AVE BRONX,B513,Bronx Community High School 1980 Lafayette Ave Bronx,1.0000002
A488,BRONX LEADERSHIP ACADEMY HIGH SCHOOL 1710 WEBSTER AVE BRONX,B538,Bronx Leadership Academy High School 1710 Webster Ave Bronx,1.0000002
A567,MILTON FEIN SCHOOL 3201 KINGSBRIDGE AVE BRONX,B2804,Milton Fein School 3201 Kingsbridge Ave Bronx,1.0000002
A749,BARD HIGH SCHOOL EARLY COLLEGE BRONX 1619 BOSTON RD BRONX,B273,Bard High School Early College Bronx 1619 Boston Rd Bronx,1.0000002
A1271,STATEN ISLAND TECHNICAL HIGH SCHOOL 485 CLAWSON ST STATEN ISLAND,B4742,Staten Island Technical High School 485 Clawson St Staten Island,1.0000002
A1304,EL PUENTE ACADEMY FOR PEACE AND JUSTICE 250 HOOPER ST BROOKLYN,B1261,El Puente Academy For Peace And Justice 250 Hooper St Brooklyn,1.0000002
A1372,ACADEMY FOR YOUNG WRITERS 1065 ELTON ST BROOKLYN,B49,Academy For Young Writers 1065 Elton St Brooklyn,1.0000002
A1394,BARD HIGH SCHOOL EARLY COLLEGE BROOKLYN 301 VERMONT ST BROOKLYN,B274,Bard High School Early College Brooklyn 301 Vermont St Brooklyn,1.0000002
A1811,EVERGREEN CHARTER SCHOOL 605 PENINSULA BLVD HEMPSTEAD,B1376,Evergreen Charter School 605 Peninsula Blvd Hempstead,1.0000002
A1829,UNIVERSITY PREPARATORY CHARTER SCHOOL FOR YOUNG MEN 1290 LAKE AVE ROCHESTER,B5045,University Preparatory Charter School For Young Men 1290 Lake Ave Rochester,1.0000002
A1837,BUSHWICK ASCEND CHARTER SCHOOL 751 KNICKERBOCKER AVE BROOKLYN,B636,Bushwick Ascend Charter School 751 Knickerbocker Ave Brooklyn,1.0000002
A1877,URBAN DOVE TEAM CHARTER SCHOOL 1256 E 21ST ST BROOKLYN,B5064,Urban Dove Team Charter School 1256 E 21st St Brooklyn,1.0000002
A1880,ICAHN CHARTER SCHOOL 6 1701 FULTON AVE BRONX,B2098,Icahn Charter School 6 1701 Fulton Ave Bronx,1.0000002
A2007,CARDINAL MCCLOSKEY COMMUNITY CHARTER SCHOOL 685 E 182ND ST BRONX,B713,Cardinal Mccloskey Community Charter School 685 E 182nd St Bronx,1.0000002
A2050,AKRON MIDDLE SCHOOL 47 BLOOMINGDALE AVE AKRON,B86,Akron Middle School 47 Bloomingdale Ave Akron,1.0000002
A2162,MALTA AVENUE ELEMENTARY SCHOOL 70 MALTA AVE BALLSTON SPA,B2633,Malta Avenue Elementary School 70 Malta Ave Ballston Spa,1.0000002
A2198,BEEKMANTOWN HIGH SCHOOL 37 EAGLE WAY WEST CHAZY,B326,Beekmantown High School 37 Eagle Way West Chazy,1.0000002
A2248,EAST MIDDLE SCHOOL 70 HILLTOP DR BRENTWOOD,B1204,East Middle School 70 Hilltop Dr Brentwood,1.0000002
A2250,LAUREL PARK ELEMENTARY SCHOOL 48 SWAN LN BRENTWOOD,B2423,Laurel Park Elementary School 48 Swan Ln Brentwood,1.0000002
A2257,SOUTH MIDDLE SCHOOL 785 CANDLEWOOD RD BRENTWOOD,B4563,South Middle School 785 Candlewood Rd Brentwood,1.0000002
A2273,BRIGHTON HIGH SCHOOL 1150 WINTON RD S ROCHESTER,B474,Brighton High School 1150 Winton Rd S Rochester,1.0000002
A2398,CHERRY LANE SCHOOL 475 ROSLYN AVE CARLE PLACE,B848,Cherry Lane School 475 Roslyn Ave Carle Place,1.0000002
A2458,UNION EAST ELEMENTARY SCHOOL 3550 UNION RD CHEEKTOWAGA,B5016,Union East Elementary School 3550 Union Rd Cheektowaga,1.0000002
A2462,CHENANGO FORKS MIDDLE SCHOOL 1 GORDON DR BINGHAMTON,B843,Chenango Forks Middle School 1 Gordon Dr Binghamton,1.0000002
A2553,CORNING-PAINTED POST HIGH SCHOOL 201 CANTIGNY ST CORNING,B989,Corning-Painted Post High School 201 Cantigny St Corning,1.0000002
A2574,COXSACKIE-ATHENS HIGH SCHOOL 24 SUNSET BLVD COXSACKIE,B1009,Coxsackie-Athens High School 24 Sunset Blvd Coxsackie,1.0000002
A2604,JAMESVILLE-DEWITT MIDDLE SCHOOL 6280 RANDALL RD JAMESVILLE,B2238,Jamesville-Dewitt Middle School 6280 Randall Rd Jamesville,1.0000002
A2657,EAST MEADOW HIGH SCHOOL 101 CARMAN AVE EAST MEADOW,B1202,East Meadow High School 101 Carman Ave East Meadow,1.0000002
A2714,ELMIRA HIGH SCHOOL 777 S MAIN ST ELMIRA,B1333,Elmira High School 777 S Main St Elmira,1.0000002
A2746,JOHANNA PERRIN MIDDLE SCHOOL 85 POTTER PL FAIRPORT,B2264,Johanna Perrin Middle School 85 Potter Pl Fairport,1.0000002
A2800,FRONTIER MIDDLE SCHOOL 2751 AMSDELL RD HAMBURG,B1530,Frontier Middle School 2751 Amsdell Rd Hamburg,1.0000002
A2804,PINEHURST ELEMENTARY SCHOOL 6050 FAIRWAY CT LAKE VIEW,B4029,Pinehurst Elementary School 6050 Fairway Ct Lake View,1.0000002
A2825,GATES CHILI HIGH SCHOOL 1 SPARTAN WAY ROCHESTER,B1566,Gates Chili High School 1 Spartan Way Rochester,1.0000002
A2890,PINE BROOK ELEMENTARY SCHOOL 2300 ENGLISH RD ROCHESTER,B4017,Pine Brook Elementary School 2300 English Rd Rochester,1.0000002
A2900,ODYSSEY ACADEMY 750 MAIDEN LN ROCHESTER,B3103,Odyssey Academy 750 Maiden Ln Rochester,1.0000002
A2923,GREENWOOD LAKE MIDDLE SCHOOL 1247 LAKES RD MONROE,B1721,Greenwood Lake Middle School 1247 Lakes Rd Monroe,1.0000002
A2926,GRIFFITH INSTITUTE HIGH SCHOOL 290 N BUFFALO ST SPRINGVILLE,B1727,Griffith Institute High School 290 N Buffalo St Springville,1.0000002
A2937,GUILDERLAND ELEMENTARY SCHOOL 2225 WESTERN AVE GUILDERLAND,B1742,Guilderland Elementary School 2225 Western Ave Guilderland,1.0000002
A2947,PAUMANOK ELEMENTARY SCHOOL 1 SEAMAN NECK RD DIX HILLS,B3962,Paumanok Elementary School 1 Seaman Neck Rd Dix Hills,1.0000002
A2995,HAVERSTRAW ELEMENTARY SCHOOL 16 GRANT ST HAVERSTRAW,B1825,Haverstraw Elementary School 16 Grant St Haverstraw,1.0000002
A3051,HOLLAND MIDDLE SCHOOL 11720 PARTRIDGE RD HOLLAND,B1952,Holland Middle School 11720 Partridge Rd Holland,1.0000002
A3078,GARDNER ROAD ELEMENTARY SCHOOL 541 GARDNER RD HORSEHEADS,B1561,Gardner Road Elementary School 541 Gardner Rd Horseheads,1.0000002
A3173,PERSELL MIDDLE SCHOOL 375 BAKER ST JAMESTOWN,B4003,Persell Middle School 375 Baker St Jamestown,1.0000002
A3248,A J SCHMIDT ELEMENTARY SCHOOL 9455 LAKE SHORE RD ANGOLA,B13,A J Schmidt Elementary School 9455 Lake Shore Rd Angola,1.0000002
A3263,COMO PARK ELEMENTARY SCHOOL 1985 COMO PARK BLVD LANCASTER,B954,Como Park Elementary School 1985 Como Park Blvd Lancaster,1.0000002
A3306,LIBERTY MIDDLE SCHOOL 145 BUCKLEY ST LIBERTY,B2473,Liberty Middle School 145 Buckley St Liberty,1.0000002
A3311,LINDENHURST MIDDLE SCHOOL 350 S WELLWOOD AVE LINDENHURST,B2509,Lindenhurst Middle School 350 S Wellwood Ave Lindenhurst,1.0000002
A3318,LITTLE FALLS HIGH SCHOOL 1 HIGH SCHOOL RD LITTLE FALLS,B2518,Little Falls High School 1 High School Rd Little Falls,1.0000002
A3337,ANNA MERRITT ELEMENTARY SCHOOL 389 GREEN ST LOCKPORT,B157,Anna Merritt Elementary School 389 Green St Lockport,1.0000002
A3411,MOTT ROAD ELEMENTARY SCHOOL 7173 MOTT RD FAYETTEVILLE,B2872,Mott Road Elementary School 7173 Mott Rd Fayetteville,1.0000002
A3425,MARYVALE PRIMARY SCHOOL 1 NAGEL DR CHEEKTOWAGA,B2715,Maryvale Primary School 1 Nagel Dr Cheektowaga,1.0000002
A3450,MAYFIELD ELEMENTARY SCHOOL 80 N MAIN ST MAYFIELD,B2727,Mayfield Elementary School 80 N Main St Mayfield,1.0000002
A3479,NEWFIELD HIGH SCHOOL 145 MARSHALL DR SELDEN,B2994,Newfield High School 145 Marshall Dr Selden,1.0000002
A3484,EUGENE AUER MEMORIAL SCHOOL 17 WING ST LAKE GROVE,B1371,Eugene Auer Memorial School 17 Wing St Lake Grove,1.0000002
A3489,LONGWOOD HIGH SCHOOL 100 LONGWOOD RD MIDDLE ISLAND,B2540,Longwood High School 100 Longwood Rd Middle Island,1.0000002
A3515,MINEOLA MIDDLE SCHOOL 200 EMORY RD MINEOLA,B2810,Mineola Middle School 200 Emory Rd Mineola,1.0000002
A3586,NAPLES ELEMENTARY SCHOOL 2 ACADEMY ST NAPLES,B2912,Naples Elementary School 2 Academy St Naples,1.0000002
A3626,NEW ROCHELLE HIGH SCHOOL 265 CLOVE RD NEW ROCHELLE,B2964,New Rochelle High School 265 Clove Rd New Rochelle,1.0000002
A3632,NEWARK MIDDLE SCHOOL 701 PEIRSON AVE NEWARK,B2981,Newark Middle School 701 Peirson Ave Newark,1.0000002
A3642,GIDNEY AVENUE MEMORIAL SCHOOL 300 GIDNEY AVE NEWBURGH,B1607,Gidney Avenue Memorial School 300 Gidney Ave Newburgh,1.0000002
A3654,NEWFANE MIDDLE SCHOOL 2700 TRANSIT RD NEWFANE,B2992,Newfane Middle School 2700 Transit Rd Newfane,1.0000002
A3736,NORTHPORT MIDDLE SCHOOL 11 MIDDLEVILLE RD NORTHPORT,B3048,Northport Middle School 11 Middleville Rd Northport,1.0000002
A3796,ORCHARD PARK MIDDLE SCHOOL 60 S LINCOLN AVE ORCHARD PARK,B3135,Orchard Park Middle School 60 S Lincoln Ave Orchard Park,1.0000002
A3811,KINGSFORD PARK ELEMENTARY SCHOOL 275 W 5TH ST OSWEGO,B2352,Kingsford Park Elementary School 275 W 5th St Oswego,1.0000002
A3844,MEDFORD ELEMENTARY SCHOOL 281 MEDFORD AVE PATCHOGUE,B2748,Medford Elementary School 281 Medford Ave Patchogue,1.0000002
A3907,PITTSFORD-MENDON HIGH SCHOOL 472 MENDON RD PITTSFORD,B4036,Pittsford-Mendon High School 472 Mendon Rd Pittsford,1.0000002
A3929,PLATTSBURGH SENIOR HIGH SCHOOL 1 CLIFFORD DR PLATTSBURGH,B4044,Plattsburgh Senior High School 1 Clifford Dr Plattsburgh,1.0000002
A3941,PORT CHESTER MIDDLE SCHOOL 113 BOWMAN AVE PORT CHESTER,B4057,Port Chester Middle School 113 Bowman Ave Port Chester,1.0000002
A3969,SMITH EARLY LEARNING CENTER 372 CHURCH ST POUGHKEEPSIE,B4518,Smith Early Learning Center 372 Church St Poughkeepsie,1.0000002
A4111,ROYALTON-HARTLAND MIDDLE SCHOOL 78 STATE ST MIDDLEPORT,B4319,Royalton-Hartland Middle School 78 State St Middleport,1.0000002
A4199,SCHENECTADY HIGH SCHOOL 1445 THE PLAZA SCHENECTADY,B4395,Schenectady High School 1445 The Plaza Schenectady,1.0000002
A4231,SEAFORD MIDDLE SCHOOL 3940 SUNSET AVE SEAFORD,B4449,Seaford Middle School 3940 Sunset Ave Seaford,1.0000002
A4296,ACCOMPSETT MIDDLE SCHOOL 660 MEADOW RD SMITHTOWN,B68,Accompsett Middle School 660 Meadow Rd Smithtown,1.0000002
A4321,BIRCHWOOD INTERMEDIATE SCHOOL 121 WOLF HILL RD MELVILLE,B394,Birchwood Intermediate School 121 Wolf Hill Rd Melville,1.0000002
A4380,STARPOINT HIGH SCHOOL 4363 MAPLETON RD LOCKPORT,B4734,Starpoint High School 4363 Mapleton Rd Lockport,1.0000002
A4410,WILLOW RIDGE ELEMENTARY SCHOOL 480 WILLOW RIDGE DR AMHERST,B5375,Willow Ridge Elementary School 480 Willow Ridge Dr Amherst,1.0000002
A4411,WILLITS ELEMENTARY SCHOOL 99 NANA PL SYOSSET,B5372,Willits Elementary School 99 Nana Pl Syosset,1.0000002
A4413,BERRY HILL ELEMENTARY SCHOOL 181 COLD SPRING RD SYOSSET,B366,Berry Hill Elementary School 181 Cold Spring Rd Syosset,1.0000002
A4435,MEACHEM ELEMENTARY SCHOOL 171 SPAULDING AVE SYRACUSE,B2739,Meachem Elementary School 171 Spaulding Ave Syracuse,1.0000002
A4439,SALEM HYDE ELEMENTARY SCHOOL 450 DURSTON AVE SYRACUSE,B4350,Salem Hyde Elementary School 450 Durston Ave Syracuse,1.0000002
A4508,HUGH R JONES ELEMENTARY SCHOOL 2630 REMINGTON RD UTICA,B2017,Hugh R Jones Elementary School 2630 Remington Rd Utica,1.0000002
A4527,WILLIAM L BUCK SCHOOL 75 HORTON AVE VALLEY STREAM,B5353,William L Buck School 75 Horton Ave Valley Stream,1.0000002
A4549,VOORHEESVILLE MIDDLE SCHOOL 432 NEW SALEM RD VOORHEESVILLE,B5147,Voorheesville Middle School 432 New Salem Rd Voorheesville,1.0000002
A4706,DEERFIELD ELEMENTARY SCHOOL 5604 TRENTON RD UTICA,B1060,Deerfield Elementary School 5604 Trenton Rd Utica,1.0000002
A4713,WHITESVILLE CENTRAL SCHOOL 692 MAIN ST WHITESVILLE,B5329,Whitesville Central School 692 Main St Whitesville,1.0000002
A4724,FOREST ELEMENTARY SCHOOL 250 N FOREST RD WILLIAMSVILLE,B1460,Forest Elementary School 250 N Forest Rd Williamsville,1.0000002
A4753,MONTESSORI SCHOOL 31 7 RAVENSWOOD RD YONKERS,B2834,Montessori School 31 7 Ravenswood Rd Yonkers,1.0000002
A4758,GORTON HIGH SCHOOL 100 SHONNARD PL YONKERS,B1653,Gorton High School 100 Shonnard Pl Yonkers,1.0000002
A4836,TOMPKINS-SENECA-TIOGA BOCES 555 WARREN RD ITHACA,B4973,Tompkins-Seneca-Tioga Boces 555 Warren Rd Ithaca,1.0000002
A8,DRAPER MIDDLE SCHOOL 2070 CURRY RD SCHENECTADY,B1132,Draper Middle School 2070 Curry Rd Schenectady,1.0000001
A41,W F PRIOR ELEMENTARY SCHOOL 205 EAST AVE ONEIDA,B5151,W F Prior Elementary School 205 East Ave Oneida,1.0000001
A44,WATERLOO HIGH SCHOOL 96 STARK ST WATERLOO,B5207,Waterloo High School 96 Stark St Waterloo,1.0000001
A45,LA FAYETTE SCHOOL 71 INSLEE ST WATERLOO,B2388,La Fayette School 71 Inslee St Waterloo,1.0000001
A55,GENESEE VALLEY CENTRAL SCHOOL 1 JAGUAR DR BELMONT,B1580,Genesee Valley Central School 1 Jaguar Dr Belmont,1.0000001
A86,HARRIET TUBMAN CHARTER SCHOOL 3565 3RD AVE BRONX,B1802,Harriet Tubman Charter School 3565 3rd Ave Bronx,1.0000001
A223,BATTERY PARK CITY SCHOOL 55 BATTERY PL NEW YORK,B287,Battery Park City School 55 Battery Pl New York,1.0000001
A290,PARK EAST HIGH SCHOOL 230 E 105TH ST NEW YORK,B3935,Park East High School 230 E 105th St New York,1.0000001
A463,WOMEN'S ACADEMY OF EXCELLENCE 456 WHITE PLAINS RD BRONX,B5398,Women'S Academy Of Excellence 456 White Plains Rd Bronx,1.0000001
A480,BRONX COMPASS HIGH SCHOOL 1980 LAFAYETTE AVE BRONX,B515,Bronx Compass High School 1980 Lafayette Ave Bronx,1.0000001
A620,BRONX SCHOOL OF LAW AND FINANCE 99 TERRACE VIEW AVE BRONX,B546,Bronx School Of Law And Finance 99 Terrace View Ave Bronx,1.0000001
A671,PS/MS 194 2365 WATERBURY AVE BRONX,B4119,Ps/Ms 194 2365 Waterbury Ave Bronx,1.0000001
A746,FAIRMONT NEIGHBORHOOD SCHOOL 1550 VYSE AVE BRONX,B1397,Fairmont Neighborhood School 1550 Vyse Ave Bronx,1.0000001
A858,BROOKLYN HIGH SCHOOL FOR LAW AND TECHNOLOGY 1396 BROADWAY BROOKLYN,B578,Brooklyn High School For Law And Technology 1396 Broadway Brooklyn,1.0000001
A868,PARKSIDE PREPARATORY ACADEMY 655 PARKSIDE AVE BROOKLYN,B3943,Parkside Preparatory Academy 655 Parkside Ave Brooklyn,1.0000001
A1218,CURTIS HIGH SCHOOL 105 HAMILTON AVE STATEN ISLAND,B1035,Curtis High School 105 Hamilton Ave Staten Island,1.0000001
A1408,TEACHERS PREPARATORY HIGH SCHOOL 226 BRISTOL ST BROOKLYN,B4813,Teachers Preparatory High School 226 Bristol St Brooklyn,1.0000001
A1532,CANISTEO-GREENWOOD ELEMENTARY SCHOOL 120 GREENWOOD ST CANISTEO,B689,Canisteo-Greenwood Elementary School 120 Greenwood St Canisteo,1.0000001
A1534,EASTPORT ELEMENTARY SCHOOL 390 MONTAUK HWY EASTPORT,B1229,Eastport Elementary School 390 Montauk Hwy Eastport,1.0000001
A1716,BROOKLYN STUDIO SECONDARY SCHOOL 8310 21ST AVE BROOKLYN,B602,Brooklyn Studio Secondary School 8310 21st Ave Brooklyn,1.0000001
A1721,KINGSBOROUGH EARLY COLLEGE SCHOOL 2630 BENSON AVE BROOKLYN,B2348,Kingsborough Early College School 2630 Benson Ave Brooklyn,1.0000001
A1731,JAMES MADISON HIGH SCHOOL 3787 BEDFORD AVE BROOKLYN,B2231,James Madison High School 3787 Bedford Ave Brooklyn,1.0000001
A1749,ANDRIES HUDDE 2500 NOSTRAND AVE BROOKLYN,B154,Andries Hudde 2500 Nostrand Ave Brooklyn,1.0000001
A1824,BROWNSVILLE ASCEND CHARTER SCHOOL 1501 PITKIN AVE BROOKLYN,B614,Brownsville Ascend Charter School 1501 Pitkin Ave Brooklyn,1.0000001
A1847,HYDE LEADERSHIP CHARTER SCHOOL - BROOKLYN 330 ALABAMA AVE BROOKLYN,B2028,Hyde Leadership Charter School - Brooklyn 330 Alabama Ave Brooklyn,1.0000001
A1859,DISCOVERY CHARTER SCHOOL 133 HOOVER DR ROCHESTER,B1096,Discovery Charter School 133 Hoover Dr Rochester,1.0000001
A1867,WEST BUFFALO CHARTER SCHOOL 113 LAFAYETTE AVE BUFFALO,B5257,West Buffalo Charter School 113 Lafayette Ave Buffalo,1.0000001
A1896,BARRINGER ROAD ELEMENTARY SCHOOL 326 BARRINGER RD ILION,B280,Barringer Road Elementary School 326 Barringer Rd Ilion,1.0000001
A1911,CANARSIE ASCEND CHARTER SCHOOL 9719 FLATLANDS AVE BROOKLYN,B682,Canarsie Ascend Charter School 9719 Flatlands Ave Brooklyn,1.0000001
A1925,VERTUS CHARTER SCHOOL 21 HUMBOLDT ST ROCHESTER,B5121,Vertus Charter School 21 Humboldt St Rochester,1.0000001
A1933,FAMILY LIFE ACADEMY CHARTER SCHOOL III 370 GERARD AVE BRONX,B1404,Family Life Academy Charter School Iii 370 Gerard Ave Bronx,1.0000001
A1946,SCHOOL IN THE SQUARE PUBLIC CHARTER SCHOOL 120 WADSWORTH AVE NEW YORK,B4420,School In The Square Public Charter School 120 Wadsworth Ave New York,1.0000001
A2004,BOLD CHARTER SCHOOL 1909 DALY AVE BRONX,B436,Bold Charter School 1909 Daly Ave Bronx,1.0000001
A2033,KIPP BEYOND CHARTER SCHOOL 533 W 121ST ST NEW YORK,B2360,Kipp Beyond Charter School 533 W 121st St New York,1.0000001
A2055,DELAWARE COMMUNITY SCHOOL 43 BERTHA ST ALBANY,B1062,Delaware Community School 43 Bertha St Albany,1.0000001
A2062,ROOTS ACADEMY AT WEST HILL 676 CLINTON AVE ALBANY,B4303,Roots Academy At West Hill 676 Clinton Ave Albany,1.0000001
A2074,ALDEN INTERMEDIATE SCHOOL 1648 CRITTENDEN RD ALDEN,B113,Alden Intermediate School 1648 Crittenden Rd Alden,1.0000001
A2141,BABYLON MEMORIAL GRADE SCHOOL 169 PARK AVE BABYLON,B242,Babylon Memorial Grade School 169 Park Ave Babylon,1.0000001
A2150,PLAZA ELEMENTARY SCHOOL 501 SEAMAN AVE BALDWIN,B4045,Plaza Elementary School 501 Seaman Ave Baldwin,1.0000001
A2175,BAY SHORE MIDDLE SCHOOL 393 BROOK AVE BAY SHORE,B291,Bay Shore Middle School 393 Brook Ave Bay Shore,1.0000001
A2184,BAYPORT-BLUE POINT HIGH SCHOOL 200 SNEDECOR AVE BAYPORT,B297,Bayport-Blue Point High School 200 Snedecor Ave Bayport,1.0000001
A2197,BEEKMANTOWN ELEMENTARY SCHOOL 37 EAGLE WAY WEST CHAZY,B325,Beekmantown Elementary School 37 Eagle Way West Chazy,1.0000001
A2231,EAST MIDDLE SCHOOL 167 E FREDERICK ST BINGHAMTON,B1205,East Middle School 167 E Frederick St Binghamton,1.0000001
A2252,NORTH ELEMENTARY SCHOOL 50 W WHITE ST BRENTWOOD,B3015,North Elementary School 50 W White St Brentwood,1.0000001
A2261,WEST MIDDLE SCHOOL 2030 UDALL RD BAY SHORE,B5274,West Middle School 2030 Udall Rd Bay Shore,1.0000001
A2274,FRENCH ROAD ELEMENTARY SCHOOL 488 FRENCH RD ROCHESTER,B1525,French Road Elementary School 488 French Rd Rochester,1.0000001
A2275,COUNCIL ROCK PRIMARY SCHOOL 600 GROSVENOR RD ROCHESTER,B1003,Council Rock Primary School 600 Grosvenor Rd Rochester,1.0000001
A2276,TWELVE CORNERS MIDDLE SCHOOL 2643 ELMWOOD AVE ROCHESTER,B5007,Twelve Corners Middle School 2643 Elmwood Ave Rochester,1.0000001
A2281,A D OLIVER MIDDLE SCHOOL 40 ALLEN ST BROCKPORT,B10,A D Oliver Middle School 40 Allen St Brockport,1.0000001
A2282,GINTHER ELEMENTARY SCHOOL 40 ALLEN ST BROCKPORT,B1613,Ginther Elementary School 40 Allen St Brockport,1.0000001
A2372,CAMDEN ELEMENTARY SCHOOL 1 OSWEGO ST CAMDEN,B670,Camden Elementary School 1 Oswego St Camden,1.0000001
A2399,RUSHMORE AVENUE SCHOOL 251 RUSHMORE AVE CARLE PLACE,B4324,Rushmore Avenue School 251 Rushmore Ave Carle Place,1.0000001
A2400,CARMEL HIGH SCHOOL 30 FAIR ST CARMEL,B726,Carmel High School 30 Fair St Carmel,1.0000001
A2444,CHARLOTTE SIDWAY SCHOOL 2451 BASELINE RD GRAND ISLAND,B820,Charlotte Sidway School 2451 Baseline Rd Grand Island,1.0000001
A2452,CHATHAM HIGH SCHOOL 50 WOODBRIDGE AVE CHATHAM,B826,Chatham High School 50 Woodbridge Ave Chatham,1.0000001
A2459,CHEEKTOWAGA MIDDLE SCHOOL 3600 UNION RD CHEEKTOWAGA,B835,Cheektowaga Middle School 3600 Union Rd Cheektowaga,1.0000001
A2461,CHENANGO FORKS HIGH SCHOOL 1 GORDON DR BINGHAMTON,B842,Chenango Forks High School 1 Gordon Dr Binghamton,1.0000001
A2478,CHITTENANGO MIDDLE SCHOOL 1732 FYLER RD CHITTENANGO,B863,Chittenango Middle School 1732 Fyler Rd Chittenango,1.0000001
A2488,CLARENCE MIDDLE SCHOOL 10150 GREINER RD CLARENCE,B888,Clarence Middle School 10150 Greiner Rd Clarence,1.0000001
A2502,CLINTON ELEMENTARY SCHOOL 75 CHENANGO AVE CLINTON,B901,Clinton Elementary School 75 Chenango Ave Clinton,1.0000001
A2505,CLYDE-SAVANNAH ELEMENTARY SCHOOL 212 E DEZENG ST CLYDE,B908,Clyde-Savannah Elementary School 212 E Dezeng St Clyde,1.0000001
A2513,HARMONY HILL SCHOOL MADELON K HICKEY WAY COHOES,B1798,Harmony Hill School Madelon K Hickey Way Cohoes,1.0000001
A2532,JOHN PEARL ELEMENTARY SCHOOL 1070 SMITHTOWN AVE BOHEMIA,B2295,John Pearl Elementary School 1070 Smithtown Ave Bohemia,1.0000001
A2550,CORINTH MIDDLE SCHOOL 105 OAK ST CORINTH,B985,Corinth Middle School 105 Oak St Corinth,1.0000001
A2561,CORNWALL ELEMENTARY SCHOOL 99 LEE RD CORNWALL,B993,Cornwall Elementary School 99 Lee Rd Cornwall,1.0000001
A2576,COXSACKIE-ATHENS MIDDLE SCHOOL 24 SUNSET BLVD COXSACKIE,B1010,Coxsackie-Athens Middle School 24 Sunset Blvd Coxsackie,1.0000001
A2600,DEPOSIT ELEMENTARY SCHOOL 171 2ND ST DEPOSIT,B1082,Deposit Elementary School 171 2nd St Deposit,1.0000001
A2602,JAMESVILLE ELEMENTARY SCHOOL 6409 E SENECA TPKE JAMESVILLE,B2236,Jamesville Elementary School 6409 E Seneca Tpke Jamesville,1.0000001
A2620,DUANESBURG ELEMENTARY SCHOOL 165 CHADWICK RD DELANSON,B1142,Duanesburg Elementary School 165 Chadwick Rd Delanson,1.0000001
A2646,HELENDALE ROAD PRIMARY SCHOOL 220 HELENDALE RD ROCHESTER,B1848,Helendale Road Primary School 220 Helendale Rd Rochester,1.0000001
A2664,EAST MORICHES SCHOOL 9 ADELAIDE AVE EAST MORICHES,B1207,East Moriches School 9 Adelaide Ave East Moriches,1.0000001
A2675,MINOA ELEMENTARY SCHOOL 501 N MAIN ST MINOA,B2818,Minoa Elementary School 501 N Main St Minoa,1.0000001
A2747,MARTHA BROWN MIDDLE SCHOOL 665 AYRAULT RD FAIRPORT,B2697,Martha Brown Middle School 665 Ayrault Rd Fairport,1.0000001
A2759,NORTHSIDE ELEMENTARY SCHOOL 55 POWELL PL FARMINGDALE,B3051,Northside Elementary School 55 Powell Pl Farmingdale,1.0000001
A2773,HARRY HOAG SCHOOL 25 HIGH ST FORT PLAIN,B1811,Harry Hoag School 25 High St Fort Plain,1.0000001
A2785,FREDONIA HIGH SCHOOL 425 E MAIN ST FREDONIA,B1519,Fredonia High School 425 E Main St Fredonia,1.0000001
A2786,FREDONIA MIDDLE SCHOOL 425 E MAIN ST FREDONIA,B1520,Fredonia Middle School 425 E Main St Fredonia,1.0000001
A2787,WHEELOCK PRIMARY SCHOOL 75 CHESTNUT ST FREDONIA,B5319,Wheelock Primary School 75 Chestnut St Fredonia,1.0000001
A2826,GATES CHILI MIDDLE SCHOOL 2 SPARTAN WAY ROCHESTER,B1567,Gates Chili Middle School 2 Spartan Way Rochester,1.0000001
A2834,GENESEO ELEMENTARY SCHOOL 4050 AVON RD GENESEO,B1581,Geneseo Elementary School 4050 Avon Rd Geneseo,1.0000001
A2851,GLENS FALLS SENIOR HIGH SCHOOL 10 QUADE ST GLENS FALLS,B1627,Glens Falls Senior High School 10 Quade St Glens Falls,1.0000001
A2865,C J HOOKER MIDDLE SCHOOL 41 LINCOLN AVE GOSHEN,B652,C J Hooker Middle School 41 Lincoln Ave Goshen,1.0000001
A2867,GOUVERNEUR ELEMENTARY SCHOOL 111 GLEASON ST GOUVERNEUR,B1657,Gouverneur Elementary School 111 Gleason St Gouverneur,1.0000001
A2889,ARCADIA MIDDLE SCHOOL 130 ISLAND COTTAGE RD ROCHESTER,B169,Arcadia Middle School 130 Island Cottage Rd Rochester,1.0000001
A2928,SPRINGVILLE ELEMENTARY SCHOOL 283 NORTH ST SPRINGVILLE,B4608,Springville Elementary School 283 North St Springville,1.0000001
A2929,GROTON ELEMENTARY SCHOOL 516 ELM ST GROTON,B1729,Groton Elementary School 516 Elm St Groton,1.0000001
A2935,WESTMERE ELEMENTARY SCHOOL 6270 JOHNSTON RD ALBANY,B5307,Westmere Elementary School 6270 Johnston Rd Albany,1.0000001
A2946,OTSEGO ELEMENTARY SCHOOL 55 OTSEGO AVE DIX HILLS,B3151,Otsego Elementary School 55 Otsego Ave Dix Hills,1.0000001
A2956,HAMBURG HIGH SCHOOL 4111 LEGION DR HAMBURG,B1759,Hamburg  High School 4111 Legion Dr Hamburg,1.0000001
A3038,HIGHLAND HIGH SCHOOL 320 PANCAKE HOLLOW RD HIGHLAND,B1930,Highland High School 320 Pancake Hollow Rd Highland,1.0000001
A3039,HIGHLAND MIDDLE SCHOOL 71 MAIN ST HIGHLAND,B1931,Highland Middle School 71 Main St Highland,1.0000001
A3044,VILLAGE ELEMENTARY SCHOOL 100 SCHOOL LN HILTON,B5135,Village Elementary School 100 School Ln Hilton,1.0000001
A3046,MERTON WILLIAMS MIDDLE SCHOOL 200 SCHOOL LN HILTON,B2758,Merton Williams Middle School 200 School Ln Hilton,1.0000001
A3048,HINSDALE CENTRAL SCHOOL 3701 MAIN ST HINSDALE,B1949,Hinsdale Central School 3701 Main St Hinsdale,1.0000001
A3067,MANOR INTERMEDIATE SCHOOL 147 EAST ST HONEOYE FALLS,B2657,Manor Intermediate School 147 East St Honeoye Falls,1.0000001
A3151,ISLIP MIDDLE SCHOOL 211 MAIN ST ISLIP,B2159,Islip Middle School 211 Main St Islip,1.0000001
A3208,KENDALL ELEMENTARY SCHOOL 1932 KENDALL RD KENDALL,B2322,Kendall Elementary School 1932 Kendall Rd Kendall,1.0000001
A3211,BEN FRANKLIN MIDDLE SCHOOL 540 PARKHURST BLVD BUFFALO,B346,Ben Franklin Middle School 540 Parkhurst Blvd Buffalo,1.0000001
A3217,HOLMES ELEMENTARY SCHOOL 365 DUPONT AVE TONAWANDA,B1958,Holmes Elementary School 365 Dupont Ave Tonawanda,1.0000001
A3231,KINGSTON HIGH SCHOOL 403 BROADWAY KINGSTON,B2353,Kingston High School 403 Broadway Kingston,1.0000001
A3239,LACKAWANNA HIGH SCHOOL 550 MARTIN RD LACKAWANNA,B2394,Lackawanna High School 550 Martin Rd Lackawanna,1.0000001
A3241,LACKAWANNA MIDDLE SCHOOL 550 MARTIN RD LACKAWANNA,B2395,Lackawanna Middle School 550 Martin Rd Lackawanna,1.0000001
A3252,LAKE SHORE SENIOR HIGH SCHOOL 959 BEACH RD ANGOLA,B2404,Lake Shore Senior High School 959 Beach Rd Angola,1.0000001
A3266,LANCASTER HIGH SCHOOL 1 FORTON DR LANCASTER,B2413,Lancaster High School 1 Forton Dr Lancaster,1.0000001
A3269,LANSING HIGH SCHOOL 300 RIDGE RD LANSING,B2418,Lansing High School 300 Ridge Rd Lansing,1.0000001
A3271,KNICKERBACKER MIDDLE SCHOOL 320 7TH AVE TROY,B2375,Knickerbacker Middle School 320 7th Ave Troy,1.0000001
A3280,LAWRENCE SENIOR HIGH SCHOOL 2 REILLY RD CEDARHURST,B2432,Lawrence Senior High School 2 Reilly Rd Cedarhurst,1.0000001
A3282,WOLCOTT STREET SCHOOL 2-6 TRIGON PARK LE ROY,B5397,Wolcott Street School 2-6 Trigon Park Le Roy,1.0000001
A3288,LETCHWORTH MIDDLE SCHOOL 5550 SCHOOL RD GAINESVILLE,B2460,Letchworth Middle School 5550 School Rd Gainesville,1.0000001
A3289,LETCHWORTH ELEMENTARY SCHOOL 5550 SCHOOL RD GAINESVILLE,B2458,Letchworth Elementary School 5550 School Rd Gainesville,1.0000001
A3342,AARON MOSSELL JUNIOR HIGH SCHOOL 160 PASSAIC AVE LOCKPORT,B20,Aaron Mossell Junior High School 160 Passaic Ave Lockport,1.0000001
A3352,LIDO ELEMENTARY SCHOOL 237 LIDO BLVD LONG BEACH,B2474,Lido Elementary School 237 Lido Blvd Long Beach,1.0000001
A3358,LOWVILLE ELEMENTARY SCHOOL 7668 N STATE ST LOWVILLE,B2550,Lowville Elementary School 7668 N State St Lowville,1.0000001
A3362,LYNBROOK NORTH MIDDLE SCHOOL 529 MERRICK RD LYNBROOK,B2557,Lynbrook North Middle School 529 Merrick Rd Lynbrook,1.0000001
A3365,MARION STREET SCHOOL 100 MARION ST LYNBROOK,B2689,Marion Street School 100 Marion St Lynbrook,1.0000001
A3366,WAVERLY PARK SCHOOL 320 WAVERLY AVE EAST ROCKAWAY,B5224,Waverly Park School 320 Waverly Ave East Rockaway,1.0000001
A3404,MUNSEY PARK ELEMENTARY SCHOOL 1 HUNT LN MANHASSET,B2895,Munsey Park Elementary School 1 Hunt Ln Manhasset,1.0000001
A3410,WELLWOOD MIDDLE SCHOOL 700 S MANLIUS ST FAYETTEVILLE,B5251,Wellwood Middle School 700 S Manlius St Fayetteville,1.0000001
A3468,MEXICO MIDDLE SCHOOL 16 FRAVOR RD MEXICO,B2765,Mexico Middle School 16 Fravor Rd Mexico,1.0000001
A3473,CENTEREACH HIGH SCHOOL 14 43RD ST CENTEREACH,B782,Centereach High School 14 43rd St Centereach,1.0000001
A3482,SELDEN MIDDLE SCHOOL 22 JEFFERSON AVE CENTEREACH,B4457,Selden Middle School 22 Jefferson Ave Centereach,1.0000001
A3490,LONGWOOD JUNIOR HIGH SCHOOL 198 LONGWOOD RD MIDDLE ISLAND,B2541,Longwood Junior High School 198 Longwood Rd Middle Island,1.0000001
A3493,LONGWOOD MIDDLE SCHOOL 41 YAPHANK MIDDLE ISLAND RD MIDDLE ISLAND,B2542,Longwood Middle School 41 Yaphank Middle Island Rd Middle Island,1.0000001
A3500,MAPLE HILL ELEMENTARY SCHOOL 491 COUNTY RT 78 MIDDLETOWN,B2665,Maple Hill Elementary School 491 County Rt 78 Middletown,1.0000001
A3579,WESTLAKE HIGH SCHOOL 825 WESTLAKE DR THORNWOOD,B5305,Westlake High School 825 Westlake Dr Thornwood,1.0000001
A3580,WESTLAKE MIDDLE SCHOOL 825 WESTLAKE DR THORNWOOD,B5306,Westlake Middle School 825 Westlake Dr Thornwood,1.0000001
A3591,LAKEWOOD ELEMENTARY SCHOOL 77 LAKELAND AVE CONGERS,B2411,Lakewood Elementary School 77 Lakeland Ave Congers,1.0000001
A3594,LITTLE TOR ELEMENTARY SCHOOL 56 GREGORY ST NEW CITY,B2520,Little Tor Elementary School 56 Gregory St New City,1.0000001
A3597,WEST NYACK ELEMENTARY SCHOOL 661 W NYACK RD WEST NYACK,B5277,West Nyack Elementary School 661 W Nyack Rd West Nyack,1.0000001
A3601,FELIX FESTA DETERMINATION MIDDLE SCHOOL 30 PARROTT RD WEST NYACK,B1420,Felix Festa Determination Middle School 30 Parrott Rd West Nyack,1.0000001
A3621,DANIEL WEBSTER ELEMENTARY SCHOOL 95 GLENMORE DR NEW ROCHELLE,B1044,Daniel Webster Elementary School 95 Glenmore Dr New Rochelle,1.0000001
A3635,PERKINS ELEMENTARY SCHOOL 439 W MAPLE AVE NEWARK,B3998,Perkins Elementary School 439 W Maple Ave Newark,1.0000001
A3678,CRAIG ELEMENTARY SCHOOL 2566 BALLTOWN RD SCHENECTADY,B1013,Craig Elementary School 2566 Balltown Rd Schenectady,1.0000001
A3687,WOODS ROAD ELEMENTARY SCHOOL 110 WOODS RD NORTH BABYLON,B5411,Woods Road Elementary School 110 Woods Rd North Babylon,1.0000001
A3710,PEQUENAKONCK ELEMENTARY SCHOOL 173 JUNE RD NORTH SALEM,B3996,Pequenakonck Elementary School 173 June Rd North Salem,1.0000001
A3715,GILLETTE ROAD MIDDLE SCHOOL 6150 S BAY RD CICERO,B1612,Gillette Road Middle School 6150 S Bay Rd Cicero,1.0000001
A3719,ROXBORO ROAD MIDDLE SCHOOL 300 BERNARD ST SYRACUSE,B4313,Roxboro Road Middle School 300 Bernard St Syracuse,1.0000001
A3735,FIFTH AVENUE ELEMENTARY SCHOOL 1157 5TH AVE EAST NORTHPORT,B1425,Fifth Avenue Elementary School 1157 5th Ave East Northport,1.0000001
A3777,EAST VIEW ELEMENTARY SCHOOL 690 E SPRING ST OLEAN,B1224,East View Elementary School 690 E Spring St Olean,1.0000001
A3787,ROCKWELL ELEMENTARY SCHOOL 208 ROCKWELL RD NEDROW,B4280,Rockwell Elementary School 208 Rockwell Rd Nedrow,1.0000001
A3799,EGGERT ROAD ELEMENTARY SCHOOL 3580 EGGERT RD ORCHARD PARK,B1260,Eggert Road Elementary School 3580 Eggert Rd Orchard Park,1.0000001
A3812,LEIGHTON ELEMENTARY SCHOOL 1 BUCCANEER BLVD OSWEGO,B2449,Leighton Elementary School 1 Buccaneer Blvd Oswego,1.0000001
A3813,MINETTO ELEMENTARY SCHOOL 2411 COUNTY RT 8 MINETTO,B2813,Minetto Elementary School 2411 County Rt 8 Minetto,1.0000001
A3836,PANAMA K-6 SCHOOL 41 NORTH ST PANAMA,B3928,Panama K-6 School 41 North St Panama,1.0000001
A3853,PAWLING ELEMENTARY SCHOOL 7 HAIGHT ST PAWLING,B3965,Pawling Elementary School 7 Haight St Pawling,1.0000001
A3873,BAY TRAIL MIDDLE SCHOOL 1760 SCRIBNER RD PENFIELD,B293,Bay Trail Middle School 1760 Scribner Rd Penfield,1.0000001
A3874,COBBLES ELEMENTARY SCHOOL 140 GEBHARDT RD PENFIELD,B913,Cobbles Elementary School 140 Gebhardt Rd Penfield,1.0000001
A3879,PENN YAN ACADEMY 305 COURT ST PENN YAN,B3992,Penn Yan Academy 305 Court St Penn Yan,1.0000001
A3968,POUGHKEEPSIE MIDDLE SCHOOL 55 COLLEGE AVE POUGHKEEPSIE,B4073,Poughkeepsie Middle School 55 College Ave Poughkeepsie,1.0000001
A3982,G N CHAPMAN ELEMENTARY SCHOOL 22 MAIN ST RANDOLPH,B1547,G N Chapman Elementary School 22 Main St Randolph,1.0000001
A4016,RIVERHEAD MIDDLE SCHOOL 600 HARRISON AVE RIVERHEAD,B4238,Riverhead Middle School 600 Harrison Ave Riverhead,1.0000001
A4099,ULYSSES BYAS ELEMENTARY SCHOOL 60 UNDERHILL AVE ROOSEVELT,B5012,Ulysses Byas Elementary School 60 Underhill Ave Roosevelt,1.0000001
A4148,SAG HARBOR ELEMENTARY SCHOOL 68 HAMPTON ST SAG HARBOR,B4343,Sag Harbor Elementary School 68 Hampton St Sag Harbor,1.0000001
A4194,SCHALMONT HIGH SCHOOL 1 SABRE DR SCHENECTADY,B4393,Schalmont High School 1 Sabre Dr Schenectady,1.0000001
A4198,LINCOLN ELEMENTARY SCHOOL 2 ROBINSON ST SCHENECTADY,B2496,Lincoln Elementary School 2 Robinson St Schenectady,1.0000001
A4224,GLEN-WORDEN ELEMENTARY SCHOOL 30 WORDEN RD SCOTIA,B1619,Glen-Worden Elementary School 30 Worden Rd Scotia,1.0000001
A4235,MYNDERSE ACADEMY 105 TROY ST SENECA FALLS,B2906,Mynderse Academy 105 Troy St Seneca Falls,1.0000001
A4272,SIDNEY HIGH SCHOOL 95 W MAIN ST SIDNEY,B4502,Sidney High School 95 W Main St Sidney,1.0000001
A4287,DOGWOOD ELEMENTARY SCHOOL 50 DOGWOOD DR SMITHTOWN,B1113,Dogwood Elementary School 50 Dogwood Dr Smithtown,1.0000001
A4301,SOLVAY HIGH SCHOOL 600 GERTRUDE AVE SOLVAY,B4530,Solvay High School 600 Gertrude Ave Solvay,1.0000001
A4308,SAND CREEK MIDDLE SCHOOL 329 SAND CREEK RD ALBANY,B4360,Sand Creek Middle School 329 Sand Creek Rd Albany,1.0000001
A4314,SADDLEWOOD ELEMENTARY SCHOOL 100 LORALEE DR ALBANY,B4341,Saddlewood Elementary School 100 Loralee Dr Albany,1.0000001
A4349,A M COSGROVE MIDDLE SCHOOL 2749 SPENCERPORT RD SPENCERPORT,B14,A M Cosgrove Middle School 2749 Spencerport Rd Spencerport,1.0000001
A4353,WILLIAM C MUNN SCHOOL 2333 MANITOU RD SPENCERPORT,B5342,William C Munn School 2333 Manitou Rd Spencerport,1.0000001
A4376,KAPLAN CAREER ACADEMY 623 BLOOMING GROVE TURNPIKE NEW WINDSOR,B2314,Kaplan Career Academy 623 Blooming Grove Turnpike New Windsor,1.0000001
A4405,GLENDALE ELEMENTARY SCHOOL 101 GLENDALE DR TONAWANDA,B1622,Glendale Elementary School 101 Glendale Dr Tonawanda,1.0000001
A4407,MAPLEMERE ELEMENTARY SCHOOL 236 E MAPLEMERE RD AMHERST,B2669,Maplemere Elementary School 236 E Maplemere Rd Amherst,1.0000001
A4415,ROBBINS LANE ELEMENTARY SCHOOL 157 ROBBINS LN SYOSSET,B4246,Robbins Lane Elementary School 157 Robbins Ln Syosset,1.0000001
A4416,SOUTH GROVE ELEMENTARY SCHOOL 60 COLONY LN SYOSSET,B4555,South Grove Elementary School 60 Colony Ln Syosset,1.0000001
A4433,LINCOLN MIDDLE SCHOOL 1613 JAMES ST SYRACUSE,B2500,Lincoln Middle School 1613 James St Syracuse,1.0000001
A4436,NOTTINGHAM HIGH SCHOOL 3100 E GENESEE ST SYRACUSE,B3074,Nottingham High School 3100 E Genesee St Syracuse,1.0000001
A4440,SEYMOUR DUAL LANGUAGE ACADEMY 108 SHONNARD ST SYRACUSE,B4473,Seymour Dual Language Academy 108 Shonnard St Syracuse,1.0000001
A4441,VAN DUYN ELEMENTARY SCHOOL 401 LOOMIS AVE SYRACUSE,B5107,Van Duyn Elementary School 401 Loomis Ave Syracuse,1.0000001
A4459,TICONDEROGA ELEMENTARY SCHOOL 116 ALEXANDRIA AVE TICONDEROGA,B4957,Ticonderoga Elementary School 116 Alexandria Ave Ticonderoga,1.0000001
A4464,TONAWANDA  ELEMENTARY SCHOOL 555 FLETCHER ST TONAWANDA,B4974,Tonawanda Elementary School 555 Fletcher St Tonawanda,1.0000001
A4474,TROY HIGH SCHOOL 1950 BURDETT AVE TROY,B4993,Troy High School 1950 Burdett Ave Troy,1.0000001
A4485,TULLY JUNIOR-SENIOR HIGH SCHOOL 20 STATE ST TULLY,B4999,Tully Junior-Senior High School 20 State St Tully,1.0000001
A4506,ALBANY ELEMENTARY SCHOOL 1151 ALBANY ST UTICA,B104,Albany Elementary School 1151 Albany St Utica,1.0000001
A4521,HOWELL ROAD SCHOOL 1475 HOWELL RD VALLEY STREAM,B2007,Howell Road School 1475 Howell Rd Valley Stream,1.0000001
A4522,JAMES A DEVER SCHOOL 585 N CORONA AVE VALLEY STREAM,B2223,James A Dever School 585 N Corona Ave Valley Stream,1.0000001
A4542,VICTOR INTERMEDIATE SCHOOL 953 HIGH ST VICTOR,B5126,Victor Intermediate School 953 High St Victor,1.0000001
A4543,VICTOR JUNIOR HIGH SCHOOL 953 HIGH ST VICTOR,B5127,Victor Junior High School 953 High St Victor,1.0000001
A4544,VICTOR PRIMARY SCHOOL 953 HIGH ST VICTOR,B5128,Victor Primary School 953 High St Victor,1.0000001
A4581,WARSAW ELEMENTARY SCHOOL 153 W BUFFALO ST WARSAW,B5187,Warsaw Elementary School 153 W Buffalo St Warsaw,1.0000001
A4618,SPRY MIDDLE SCHOOL 119 SOUTH AVE WEBSTER,B4611,Spry Middle School 119 South Ave Webster,1.0000001
A4624,STATE ROAD ELEMENTARY SCHOOL 1401 STATE RD WEBSTER,B4737,State Road Elementary School 1401 State Rd Webster,1.0000001
A4649,SPLIT ROCK ELEMENTARY SCHOOL 4151 SPLIT ROCK RD CAMILLUS,B4602,Split Rock Elementary School 4151 Split Rock Rd Camillus,1.0000001
A4650,STONEHEDGE ELEMENTARY SCHOOL 400 SANDERSON DR CAMILLUS,B4757,Stonehedge Elementary School 400 Sanderson Dr Camillus,1.0000001
A4654,GEORGE WASHINGTON SCHOOL 347 WILLIAM ST WEST HEMPSTEAD,B1600,George Washington School 347 William St West Hempstead,1.0000001
A4670,WEST MIDDLE SCHOOL 395 CENTER RD WEST SENECA,B5276,West Middle School 395 Center Rd West Seneca,1.0000001
A4672,WINCHESTER-POTTERS ELEMENTARY SCHOOL 675 POTTERS RD WEST SENECA,B5385,Winchester-Potters Elementary School 675 Potters Rd West Seneca,1.0000001
A4682,WESTBURY MIDDLE SCHOOL 455 ROCKLAND ST WESTBURY,B5289,Westbury Middle School 455 Rockland St Westbury,1.0000001
A4686,WESTFIELD ELEMENTARY SCHOOL 203 E MAIN ST WESTFIELD,B5301,Westfield Elementary School 203 E Main St Westfield,1.0000001
A4701,RIDGEWAY SCHOOL 225 RIDGEWAY WHITE PLAINS,B4222,Ridgeway School 225 Ridgeway White Plains,1.0000001
A4723,DODGE ELEMENTARY SCHOOL 1900 DODGE RD EAST AMHERST,B1111,Dodge Elementary School 1900 Dodge Rd East Amherst,1.0000001
A4725,HEIM ELEMENTARY SCHOOL 155 HEIM RD WILLIAMSVILLE,B1845,Heim Elementary School 155 Heim Rd Williamsville,1.0000001
A4733,CASEY MIDDLE SCHOOL 105 CASEY RD EAST AMHERST,B737,Casey Middle School 105 Casey Rd East Amherst,1.0000001
A4740,HEWLETT ELEMENTARY SCHOOL 1570 BROADWAY HEWLETT,B1884,Hewlett Elementary School 1570 Broadway Hewlett,1.0000001
A4742,WOODMERE MIDDLE SCHOOL 1170 PENINSULA BLVD HEWLETT,B5408,Woodmere Middle School 1170 Peninsula Blvd Hewlett,1.0000001
A4784,YONKERS HIGH SCHOOL 150 ROCKLAND AVE YONKERS,B5452,Yonkers High School 150 Rockland Ave Yonkers,1.0000001
A4848,FAMILY LIFE ACADEMY CHARTER SCHOOLS HIGH SCHOOL 1401 INWOOD AVE BRONX,B1405,Family Life Academy Charter Schools High School 1401 Inwood Ave Bronx,1.0000001
A4854,BRICK BUFFALO ACADEMY CHARTER SCHOOL 30 RICH ST BUFFALO,B466,Brick Buffalo Academy Charter School 30 Rich St Buffalo,1.0000001
A4855,INNOVA GIRLS ACADEMY CHARTER SCHOOL 546 OXFORD ST ROCHESTER,B2117,Innova Girls Academy Charter School 546 Oxford St Rochester,1.0000001
A46,WATERLOO MIDDLE SCHOOL 65 CENTER ST WATERLOO,B5208,Waterloo Middle School 65 Center St Waterloo,1
A47,SKOI-YASE SCHOOL 65 FAYETTE ST WATERLOO,B4513,Skoi-Yase School 65 Fayette St Waterloo,1
A52,POESTENKILL ELEMENTARY SCHOOL 1 SCHOOL RD POESTENKILL,B4051,Poestenkill Elementary School 1 School Rd Poestenkill,1
A57,CHAUTAUQUA LAKE SECONDARY SCHOOL 100 N ERIE ST MAYVILLE,B831,Chautauqua Lake Secondary School 100 N Erie St Mayville,1
A193,MANHATTAN COMPREHENSIVE NIGHT AND DAY HIGH SCHOOL 240 2ND AVE NEW YORK,B2649,Manhattan Comprehensive Night And Day High School 240 2nd Ave New York,1
A222,SPRUCE STREET SCHOOL 12 SPRUCE ST NEW YORK,B4610,Spruce Street School 12 Spruce St New York,1
A414,BRONX LEADERSHIP ACADEMY II HIGH SCHOOL 730 CONCOURSE VILLAGE W BRONX,B539,Bronx Leadership Academy Ii High School 730 Concourse Village W Bronx,1
A429,MOTT HAVEN COMMUNITY HIGH SCHOOL 455 SOUTHERN BLVD BRONX,B2870,Mott Haven Community High School 455 Southern Blvd Bronx,1
A484,BRONX DELTA SCHOOL 650 HOLLYWOOD AVE BRONX,B518,Bronx Delta School 650  Hollywood Ave Bronx,1
A523,HIGH SCHOOL FOR VIOLIN AND DANCE 1100 BOSTON RD BRONX,B1913,High School For Violin And Dance 1100 Boston Rd Bronx,1
A551,LUCERO ELEMENTARY SCHOOL 1425 WALTON AVE BRONX,B2553,Lucero Elementary School 1425 Walton Ave Bronx,1
A622,THEATRE ARTS PRODUCTION COMPANY SCHOOL 2225 WEBSTER AVE BRONX,B4935,Theatre Arts Production Company School 2225 Webster Ave Bronx,1
A668,BRONX HIGH SCHOOL FOR THE VISUAL ARTS 2040 ANTIN PL BRONX,B530,Bronx High School For The Visual Arts 2040 Antin Pl Bronx,1
A698,BRONX ALLIANCE MIDDLE SCHOOL 3750 BAYCHESTER AVE BRONX,B495,Bronx Alliance Middle School 3750 Baychester Ave Bronx,1
A699,YOUNG VOICES ACADEMY OF THE BRONX 800 LYDIG AVE BRONX,B5462,Young Voices Academy Of The Bronx 800 Lydig Ave Bronx,1
A1223,NEW DORP HIGH SCHOOL 465 NEW DORP LN STATEN ISLAND,B2951,New Dorp High School 465 New Dorp Ln Staten Island,1
A1275,CSI HIGH SCHOOL FOR INTERNATIONAL STUDIES 100 ESSEX DR STATEN ISLAND,B1027,Csi High School For International Studies 100 Essex Dr Staten Island,1
A1287,PORT RICHMOND SCHOOL FOR VISIONARY LEARNING 1625 FOREST AVE STATEN ISLAND,B4064,Port Richmond School For Visionary Learning 1625 Forest Ave Staten Island,1
A1297,PHAROS ACADEMY CHARTER SCHOOL 1001 INTERVALE AVE BRONX,B4009,Pharos Academy Charter School 1001 Intervale Ave Bronx,1
A1303,PENINSULA PREPARATORY ACADEMY CHARTER SCHOOL 611 BEACH 19TH ST FAR ROCKAWAY,B3991,Peninsula Preparatory Academy Charter School 611 Beach 19th St Far Rockaway,1
A1533,CANISTEO-GREENWOOD HIGH SCHOOL 84 GREENWOOD ST CANISTEO,B690,Canisteo-Greenwood High School 84 Greenwood St Canisteo,1
A1726,BROOKLYN COLLEGE ACADEMY 350 CONEY ISLAND AVE BROOKLYN,B567,Brooklyn College Academy 350 Coney Island Ave Brooklyn,1
A1733,MIDWOOD HIGH SCHOOL 2839 BEDFORD AVE BROOKLYN,B2784,Midwood High School 2839 Bedford Ave Brooklyn,1
A1777,NEW HEIGHTS ACADEMY CHARTER SCHOOL 1818 AMSTERDAM AVE NEW YORK,B2955,New Heights Academy Charter School 1818 Amsterdam Ave New York,1
A1793,ICAHN CHARTER SCHOOL 3 1500 PELHAM PKWY S BRONX,B2095,Icahn Charter School 3 1500 Pelham Pkwy S Bronx,1
A1825,HEBREW LANGUAGE ACADEMY CHARTER SCHOOL 2186 MILL AVE BROOKLYN,B1844,Hebrew Language Academy Charter School 2186 Mill Ave Brooklyn,1
A1881,FAMILY LIFE ACADEMY CHARTER SCHOOL II 296 E 140TH ST BRONX,B1403,Family Life Academy Charter School Ii 296 E 140th St Bronx,1
A1921,RENAISSANCE ACADEMY CHARTER SCHOOL OF THE ARTS 299 KIRK RD ROCHESTER,B4196,Renaissance Academy Charter School Of The Arts 299 Kirk Rd Rochester,1
A1922,CENTRAL BROOKLYN ASCEND CHARTER SCHOOL 465 E 29TH ST BROOKLYN,B784,Central Brooklyn Ascend Charter School 465 E 29th St Brooklyn,1
A2002,DREAM CHARTER SCHOOL MOTT HAVEN 20 BRUCKNER BLVD BRONX,B1134,Dream Charter School Mott Haven 20 Bruckner Blvd Bronx,1
A2049,AKRON HIGH SCHOOL 47 BLOOMINGDALE AVE AKRON,B85,Akron High School 47 Bloomingdale Ave Akron,1
A2051,ALBANY HIGH SCHOOL 700 WASHINGTON AVE ALBANY,B105,Albany High School 700 Washington Ave Albany,1
A2054,PINE HILLS ELEMENTARY SCHOOL 41 N ALLEN ST ALBANY,B4023,Pine Hills Elementary School 41 N Allen St Albany,1
A2057,ALBANY SCHOOL OF HUMANITIES 108 WHITEHALL RD ALBANY,B107,Albany School Of Humanities 108 Whitehall Rd Albany,1
A2058,EAGLE POINT ELEMENTARY SCHOOL 1044 WESTERN AVE ALBANY,B1167,Eagle Point Elementary School 1044 Western Ave Albany,1
A2075,ALEXANDER ELEMENTARY SCHOOL 3314 BUFFALO ST ALEXANDER,B119,Alexander Elementary School 3314 Buffalo St Alexander,1
A2094,NORTHEAST SCHOOL 420 ALBANY AVE AMITYVILLE,B3042,Northeast School 420 Albany Ave Amityville,1
A2097,AMSTERDAM HIGH SCHOOL 140 SARATOGA AVE AMSTERDAM,B147,Amsterdam High School 140 Saratoga Ave Amsterdam,1
A2125,ATTICA ELEMENTARY SCHOOL 31 PROSPECT ST ATTICA,B199,Attica Elementary School 31 Prospect St Attica,1
A2139,BABYLON ELEMENTARY SCHOOL 171 RALPH AVE BABYLON,B240,Babylon Elementary School 171 Ralph Ave Babylon,1
A2145,BALDWIN MIDDLE SCHOOL 3211 SCHREIBER PL BALDWIN,B260,Baldwin Middle School 3211 Schreiber Pl Baldwin,1
A2146,BALDWIN SENIOR HIGH SCHOOL 841 E T KLOBERG DR BALDWIN,B261,Baldwin Senior High School 841 E T Kloberg Dr Baldwin,1
A2148,LENOX ELEMENTARY SCHOOL 551 LENOX RD BALDWIN,B2453,Lenox Elementary School 551 Lenox Rd Baldwin,1
A2149,MEADOW ELEMENTARY SCHOOL 880 JACKSON ST BALDWIN,B2741,Meadow Elementary School 880 Jackson St Baldwin,1
A2151,STEELE ELEMENTARY SCHOOL 860 CHURCH ST BALDWIN,B4744,Steele Elementary School 860 Church St Baldwin,1
A2166,PRATT ELEMENTARY SCHOOL 1628 QUAKER RD BARKER,B4076,Pratt Elementary School 1628 Quaker Rd Barker,1
A2168,BATAVIA HIGH SCHOOL 260 STATE ST BATAVIA,B284,Batavia High School 260 State St Batavia,1
A2177,BROOK AVENUE ELEMENTARY SCHOOL 45 BROOK AVE BAY SHORE,B555,Brook Avenue Elementary School 45 Brook Ave Bay Shore,1
A2179,GARDINER MANOR SCHOOL 125 WOHSEEPEE DR BAY SHORE,B1559,Gardiner Manor School 125 Wohseepee Dr Bay Shore,1
A2215,ELSMERE ELEMENTARY SCHOOL 247 DELAWARE AVE DELMAR,B1340,Elsmere Elementary School 247 Delaware Ave Delmar,1
A2251,LORETTA PARK ELEMENTARY SCHOOL 77 STAHLEY ST BRENTWOOD,B2543,Loretta Park Elementary School 77 Stahley St Brentwood,1
A2253,NORTH MIDDLE SCHOOL 350 WICKS RD BRENTWOOD,B3021,North Middle School 350 Wicks Rd Brentwood,1
A2255,OAK PARK ELEMENTARY SCHOOL 775 WISCONSIN AVE BAY SHORE,B3087,Oak Park Elementary School 775 Wisconsin Ave Bay Shore,1
A2256,PINE PARK ELEMENTARY SCHOOL 1 MUR PL BRENTWOOD,B4025,Pine Park Elementary School 1 Mur Pl Brentwood,1
A2258,SOUTHEAST ELEMENTARY SCHOOL 1 MELODY LN BRENTWOOD,B4579,Southeast Elementary School 1 Melody Ln Brentwood,1
A2260,TWIN PINES ELEMENTARY SCHOOL 2 MUR PL BRENTWOOD,B5008,Twin Pines Elementary School 2 Mur Pl Brentwood,1
A2283,FRED W HILL SCHOOL 40 ALLEN ST BROCKPORT,B1509,Fred W Hill School 40 Allen St Brockport,1
A2370,CAMBRIDGE ELEMENTARY SCHOOL 24 S PARK ST CAMBRIDGE,B668,Cambridge Elementary School 24 S Park St Cambridge,1
A2373,CAMDEN MIDDLE SCHOOL 32 UNION ST CAMDEN,B671,Camden Middle School 32 Union St Camden,1
A2381,CANANDAIGUA MIDDLE SCHOOL 215 GRANGER ST CANANDAIGUA,B680,Canandaigua Middle School 215 Granger St Canandaigua,1
A2415,CATSKILL MIDDLE SCHOOL 345 W MAIN ST CATSKILL,B751,Catskill Middle School 345 W Main St Catskill,1
A2454,CHATHAM MIDDLE SCHOOL 50 WOODBRIDGE AVE CHATHAM,B827,Chatham Middle School 50 Woodbridge Ave Chatham,1
A2467,CHERRY ROAD ELEMENTARY SCHOOL 201 CHERRY RD SYRACUSE,B849,Cherry Road Elementary School 201 Cherry Rd Syracuse,1
A2468,ONONDAGA HILL MIDDLE SCHOOL 4860 ONONDAGA RD SYRACUSE,B3124,Onondaga Hill Middle School 4860 Onondaga Rd Syracuse,1
A2471,CHESTER ELEMENTARY SCHOOL 2 HERBERT DR CHESTER,B851,Chester Elementary School 2 Herbert Dr Chester,1
A2481,CHURCHVILLE ELEMENTARY SCHOOL 36 W BUFFALO ST CHURCHVILLE,B869,Churchville Elementary School 36 W Buffalo St Churchville,1
A2497,CLEVELAND HILL HIGH SCHOOL 105 MAPLEVIEW RD CHEEKTOWAGA,B897,Cleveland Hill High School 105 Mapleview Rd Cheektowaga,1
A2503,CLINTON MIDDLE SCHOOL 75 CHENANGO AVE CLINTON,B902,Clinton Middle School 75 Chenango Ave Clinton,1
A2528,CONNETQUOT HIGH SCHOOL 190 7TH ST BOHEMIA,B969,Connetquot High School 190 7th St Bohemia,1
A2531,IDLE HOUR ELEMENTARY SCHOOL 334 IDLE HOUR BLVD OAKDALE,B2100,Idle Hour Elementary School 334 Idle Hour Blvd Oakdale,1
A2538,COOPERSTOWN ELEMENTARY SCHOOL 21 WALNUT ST COOPERSTOWN,B976,Cooperstown Elementary School 21 Walnut St Cooperstown,1
A2575,COXSACKIE ELEMENTARY SCHOOL 24 SUNSET BLVD COXSACKIE,B1008,Coxsackie Elementary School 24 Sunset Blvd Coxsackie,1
A2582,DANSVILLE HIGH SCHOOL 282 MAIN ST DANSVILLE,B1045,Dansville High School 282 Main St Dansville,1
A2583,ELLIS B HYDE ELEMENTARY SCHOOL 280 MAIN ST DANSVILLE,B1327,Ellis B Hyde Elementary School 280 Main St Dansville,1
A2590,ROBERT FROST MIDDLE SCHOOL 450 HALF HOLLOW RD DEER PARK,B4252,Robert Frost Middle School 450 Half Hollow Rd Deer Park,1
A2603,JAMESVILLE-DEWITT HIGH SCHOOL 6845 EDINGER DR DEWITT,B2237,Jamesville-Dewitt High School 6845 Edinger Dr Dewitt,1
A2625,DUNKIRK SENIOR HIGH SCHOOL 75 W 6TH ST DUNKIRK,B1148,Dunkirk Senior High School 75 W 6th St Dunkirk,1
A2634,COLUMBIA HIGH SCHOOL 962 LUTHER RD EAST GREENBUSH,B932,Columbia High School 962 Luther Rd East Greenbush,1
A2640,EAST HAMPTON MIDDLE SCHOOL 76 NEWTOWN LN EAST HAMPTON,B1192,East Hampton Middle School 76 Newtown Ln East Hampton,1
A2648,CONNETQUOT ELEMENTARY SCHOOL 1 MERRICK ST ISLIP TERRACE,B968,Connetquot Elementary School 1 Merrick St Islip Terrace,1
A2659,MEADOWBROOK ELEMENTARY SCHOOL 241 OLD WESTBURY RD EAST MEADOW,B2744,Meadowbrook Elementary School 241 Old Westbury Rd East Meadow,1
A2671,RHAME AVENUE ELEMENTARY SCHOOL 100 RHAME AVE EAST ROCKAWAY,B4209,Rhame Avenue Elementary School 100 Rhame Ave East Rockaway,1
A2674,EAST SYRACUSE ELEMENTARY SCHOOL 230 KINNE ST EAST SYRACUSE,B1222,East Syracuse Elementary School 230 Kinne St East Syracuse,1
A2678,PARK HILL SCHOOL 303 ROBY AVE EAST SYRACUSE,B3936,Park Hill School 303 Roby Ave East Syracuse,1
A2681,WILLETS ROAD SCHOOL 455 I U WILLETS RD ROSLYN HEIGHTS,B5336,Willets Road School 455 I U Willets Rd Roslyn Heights,1
A2702,ELLENVILLE ELEMENTARY SCHOOL 28 MAPLE AVE ELLENVILLE,B1322,Ellenville Elementary School 28 Maple Ave Ellenville,1
A2769,FORESTVILLE ELEMENTARY SCHOOL 12 WATER ST FORESTVILLE,B1466,Forestville Elementary School 12 Water St Forestville,1
A2771,FORT ANN ELEMENTARY SCHOOL 1 CATHERINE ST FORT ANN,B1469,Fort Ann Elementary School 1 Catherine St Fort Ann,1
A2798,FRIENDSHIP CENTRAL SCHOOL 46 W MAIN ST FRIENDSHIP,B1529,Friendship Central School 46 W Main St Friendship,1
A2816,GARDEN CITY MIDDLE SCHOOL 98 CHERRY VALLEY AVE GARDEN CITY,B1554,Garden City Middle School 98 Cherry Valley Ave Garden City,1
A2817,GARDEN CITY HIGH SCHOOL 170 ROCKAWAY AVE GARDEN CITY,B1553,Garden City High School 170 Rockaway Ave Garden City,1
A2821,STRATFORD AVENUE SCHOOL 97 STRATFORD AVE GARDEN CITY,B4762,Stratford Avenue School 97 Stratford Ave Garden City,1
A2838,NORTH STREET ELEMENTARY SCHOOL 400 W NORTH ST GENEVA,B3035,North Street Elementary School 400 W North St Geneva,1
A2839,WEST STREET ELEMENTARY SCHOOL 30 WEST ST GENEVA,B5285,West Street Elementary School 30 West St Geneva,1
A2845,GLEN COVE HIGH SCHOOL 150 DOSORIS LN GLEN COVE,B1617,Glen Cove High School 150 Dosoris Ln Glen Cove,1
A2850,GLENS FALLS MIDDLE SCHOOL 20 QUADE ST GLENS FALLS,B1626,Glens Falls Middle School 20 Quade St Glens Falls,1
A2860,MARCUS WHITMAN HIGH SCHOOL 4100 BALDWIN RD RUSHVILLE,B2676,Marcus Whitman High School 4100 Baldwin Rd Rushville,1
A2868,GOUVERNEUR HIGH SCHOOL 113 E BARNEY ST GOUVERNEUR,B1658,Gouverneur High School 113 E Barney St Gouverneur,1
A2880,GREAT NECK NORTH MIDDLE SCHOOL 77 POLO RD GREAT NECK,B1688,Great Neck North Middle School 77 Polo Rd Great Neck,1
A2881,GREAT NECK NORTH HIGH SCHOOL 35 POLO RD GREAT NECK,B1687,Great Neck North High School 35 Polo Rd Great Neck,1
A2886,EARLY CHILDHOOD CENTER 10 CAMPBELL ST NEW HYDE PARK,B1170,Early Childhood Center 10 Campbell St New Hyde Park,1
A2894,CRAIG HILL ELEMENTARY SCHOOL 320 W CRAIG HILL DR ROCHESTER,B1014,Craig Hill Elementary School 320 W Craig Hill Dr Rochester,1
A2896,ARCADIA HIGH SCHOOL 120 ISLAND COTTAGE RD ROCHESTER,B168,Arcadia High School 120 Island Cottage Rd Rochester,1
A2897,ATHENA HIGH SCHOOL 800 LONG POND RD ROCHESTER,B196,Athena High School 800 Long Pond Rd Rochester,1
A2899,HOLMES ROAD ELEMENTARY SCHOOL 300 HOLMES RD ROCHESTER,B1959,Holmes Road Elementary School 300 Holmes Rd Rochester,1
A2904,PADDY HILL ELEMENTARY SCHOOL 1801 LATTA RD ROCHESTER,B3909,Paddy Hill Elementary School 1801 Latta Rd Rochester,1
A2943,CANDLEWOOD MIDDLE SCHOOL 1200 CARLLS STRAIGHT PATH DIX HILLS,B686,Candlewood Middle School 1200 Carlls Straight Path Dix Hills,1
A2948,SIGNAL HILL ELEMENTARY SCHOOL 670 CALEDONIA RD DIX HILLS,B4503,Signal Hill Elementary School 670 Caledonia Rd Dix Hills,1
A2955,HAMBURG MIDDLE SCHOOL 360 DIVISION ST HAMBURG,B1760,Hamburg Middle School 360 Division St Hamburg,1
A2972,OLDFIELD MIDDLE SCHOOL 2 OLDFIELD RD GREENLAWN,B3113,Oldfield Middle School 2 Oldfield Rd Greenlawn,1
A2986,FLOYD HARWOOD ELEMENTARY SCHOOL 4704 STATE RT 149 HARTFORD,B1446,Floyd Harwood Elementary School 4704 State Rt 149 Hartford,1
A2998,STONY POINT ELEMENTARY SCHOOL 7 GURNEE DR STONY POINT,B4759,Stony Point Elementary School 7 Gurnee Dr Stony Point,1
A3004,CEDAR KNOLLS ACADEMY 226 LINDA AVE HAWTHORNE,B773,Cedar Knolls Academy 226 Linda Ave Hawthorne,1
A3022,CENTER STREET SCHOOL 240 CENTER ST WILLISTON PARK,B781,Center Street School 240 Center St Williston Park,1
A3032,HICKSVILLE MIDDLE SCHOOL 215 JERUSALEM AVE HICKSVILLE,B1888,Hicksville Middle School 215 Jerusalem Ave Hicksville,1
A3047,NORTHWOOD ELEMENTARY SCHOOL 433 N GREECE RD HILTON,B3060,Northwood Elementary School 433 N Greece Rd Hilton,1
A3080,HORSEHEADS MIDDLE SCHOOL 950 SING SING RD HORSEHEADS,B1996,Horseheads Middle School 950 Sing Sing Rd Horseheads,1
A3082,HORSEHEADS INTERMEDIATE SCHOOL 952 SING SING RD HORSEHEADS,B1995,Horseheads Intermediate School 952 Sing Sing Rd Horseheads,1
A3131,IRONDEQUOIT HIGH SCHOOL 260 COOPER RD ROCHESTER,B2140,Irondequoit High School 260 Cooper Rd Rochester,1
A3140,IRVINGTON MIDDLE SCHOOL 40 N BROADWAY IRVINGTON,B2146,Irvington Middle School 40 N Broadway Irvington,1
A3145,ISLAND TREES HIGH SCHOOL 59 STRAIGHT LN LEVITTOWN,B2154,Island Trees High School 59 Straight Ln Levittown,1
A3149,COMMACK ROAD ELEMENTARY SCHOOL 300 COMMACK RD ISLIP,B944,Commack Road Elementary School 300 Commack Rd Islip,1
A3150,ISLIP HIGH SCHOOL 2508 UNION BLVD ISLIP,B2158,Islip High School 2508 Union Blvd Islip,1
A3153,LEHMAN ALTERNATIVE COMMUNITY SCHOOL 111 CHESTNUT ST ITHACA,B2448,Lehman Alternative Community School 111 Chestnut St Ithaca,1
A3160,FALL CREEK ELEMENTARY SCHOOL 202 KING ST ITHACA,B1400,Fall Creek Elementary School 202 King St Ithaca,1
A3167,JAMESTOWN HIGH SCHOOL 350 E 2ND ST JAMESTOWN,B2235,Jamestown High School 350 E 2nd St Jamestown,1
A3210,BEN FRANKLIN ELEMENTARY SCHOOL 500 PARKHURST BLVD BUFFALO,B345,Ben Franklin Elementary School 500 Parkhurst Blvd Buffalo,1
A3264,COURT STREET ELEMENTARY SCHOOL 91 COURT ST LANCASTER,B1006,Court Street Elementary School 91 Court St Lancaster,1
A3274,TURNPIKE ELEMENTARY SCHOOL 55 NEW TURNPIKE RD TROY,B5002,Turnpike Elementary School 55 New Turnpike Rd Troy,1
A3300,LEWISTON PORTER MIDDLE SCHOOL 4061 CREEK RD YOUNGSTOWN,B2462,Lewiston Porter Middle School 4061 Creek Rd Youngstown,1
A3304,LIBERTY ELEMENTARY SCHOOL 201 N MAIN ST LIBERTY,B2469,Liberty Elementary School 201 N Main St Liberty,1
A3341,LOCKPORT HIGH SCHOOL 250 LINCOLN AVE LOCKPORT,B2527,Lockport High School 250 Lincoln Ave Lockport,1
A3347,LOCUST VALLEY HIGH SCHOOL 99 HORSE HOLLOW RD LOCUST VALLEY,B2529,Locust Valley High School 99 Horse Hollow Rd Locust Valley,1
A3354,LONG BEACH MIDDLE SCHOOL 239 LIDO BLVD LONG BEACH,B2533,Long Beach Middle School 239 Lido Blvd Long Beach,1
A3355,LONG BEACH HIGH SCHOOL 322 LAGOON DR W LONG BEACH,B2532,Long Beach High School 322 Lagoon Dr W Long Beach,1
A3364,LYNBROOK SOUTH MIDDLE SCHOOL 333 UNION AVE LYNBROOK,B2558,Lynbrook South Middle School 333 Union Ave Lynbrook,1
A3406,EAGLE HILL MIDDLE SCHOOL 4645 ENDERS RD MANLIUS,B1166,Eagle Hill Middle School 4645 Enders Rd Manlius,1
A3433,MASSAPEQUA HIGH SCHOOL 4925 MERRICK RD MASSAPEQUA,B2718,Massapequa High School 4925 Merrick Rd Massapequa,1
A3460,SANFORD H CALHOUN HIGH SCHOOL 1786 STATE ST MERRICK,B4363,Sanford H Calhoun High School 1786 State St Merrick,1
A3461,GRAND AVENUE MIDDLE SCHOOL 2301 GRAND AVE BELLMORE,B1671,Grand Avenue Middle School 2301 Grand Ave Bellmore,1
A3470,MEXICO HIGH SCHOOL 3338 MAIN ST MEXICO,B2764,Mexico High School 3338 Main St Mexico,1
A3474,DAWNWOOD MIDDLE SCHOOL 10 43RD ST CENTEREACH,B1053,Dawnwood Middle School 10 43rd St Centereach,1
A3477,JERICHO ELEMENTARY SCHOOL 34 N COLEMAN RD CENTEREACH,B2257,Jericho Elementary School 34 N Coleman Rd Centereach,1
A3550,FOX LANE HIGH SCHOOL PO BOX 390 BEDFORD,B1481,Fox Lane High School Po Box 390 Bedford,1
A3554,WEST PATENT ELEMENTARY SCHOOL 80 W PATENT RD BEDFORD HILLS,B5278,West Patent Elementary School 80 W Patent Rd Bedford Hills,1
A3587,NAPLES HIGH SCHOOL 136 N MAIN ST NAPLES,B2913,Naples High School 136 N Main St Naples,1
A3595,NEW CITY ELEMENTARY SCHOOL 60 CRESTWOOD DR NEW CITY,B2942,New City Elementary School 60 Crestwood Dr New City,1
A3598,WOODGLEN ELEMENTARY SCHOOL 121 PHILLIPS HILL RD NEW CITY,B5401,Woodglen Elementary School 121 Phillips Hill Rd New City,1
A3599,BIRCHWOOD SCHOOL 214 SICKLETOWN RD WEST NYACK,B395,Birchwood School 214 Sickletown Rd West Nyack,1
A3604,HUGHES ELEMENTARY SCHOOL 340 HIGBY RD NEW HARTFORD,B2018,Hughes Elementary School 340 Higby Rd New Hartford,1
A3608,PERRY JUNIOR HIGH SCHOOL 9499 WESTON RD NEW HARTFORD,B4002,Perry Junior High School 9499 Weston Rd New Hartford,1
A3619,ALBERT LEONARD MIDDLE SCHOOL 25 GERADA LN NEW ROCHELLE,B110,Albert Leonard Middle School 25 Gerada Ln New Rochelle,1
A3620,COLUMBUS ELEMENTARY SCHOOL 275 WASHINGTON AVE NEW ROCHELLE,B938,Columbus Elementary School 275 Washington Ave New Rochelle,1
A3623,HENRY BARNARD SCHOOL 129 BARNARD RD NEW ROCHELLE,B1860,Henry Barnard School 129 Barnard Rd New Rochelle,1
A3625,JEFFERSON ELEMENTARY SCHOOL 131 WEYMAN AVE NEW ROCHELLE,B2250,Jefferson Elementary School 131 Weyman Ave New Rochelle,1
A3627,TRINITY ELEMENTARY SCHOOL 180 PELHAM RD NEW ROCHELLE,B4992,Trinity Elementary School 180 Pelham Rd New Rochelle,1
A3631,LINCOLN ELEMENTARY SCHOOL 1014 N MAIN ST NEWARK,B2497,Lincoln Elementary School 1014 N Main St Newark,1
A3634,NORMAN R KELLEY INTERMEDIATE SCHOOL 316 W MILLER ST NEWARK,B3006,Norman R Kelley Intermediate School 316 W Miller St Newark,1
A3643,MEADOW HILL SCHOOL 124 MEADOW HILL RD NEWBURGH,B2742,Meadow Hill School 124 Meadow Hill Rd Newburgh,1
A3645,NEW WINDSOR SCHOOL 175 QUASSAICK AVE NEW WINDSOR,B2970,New Windsor School 175 Quassaick Ave New Windsor,1
A3649,VAILS GATE STEAM ACADEMY 400 OLD FORGE HILL RD NEW WINDSOR,B5090,Vails Gate Steam Academy 400 Old Forge Hill Rd New Windsor,1
A3650,HERITAGE MIDDLE SCHOOL 405 UNION AVE NEW WINDSOR,B1871,Heritage Middle School 405 Union Ave New Windsor,1
A3652,NEWFANE EARLY CHILDHOOD CENTER 6048 GODFREY RD BURT,B2990,Newfane Early Childhood Center 6048 Godfrey Rd Burt,1
A3663,BLONEVA BOND PRIMARY SCHOOL 2513 NIAGARA ST NIAGARA FALLS,B406,Bloneva Bond Primary School 2513 Niagara St Niagara Falls,1
A3666,NIAGARA FALLS HIGH SCHOOL 4455 PORTER RD NIAGARA FALLS,B2998,Niagara Falls High School 4455 Porter Rd Niagara Falls,1
A3677,VAN ANTWERP MIDDLE SCHOOL 2253 STORY AVE SCHENECTADY,B5103,Van Antwerp Middle School 2253 Story Ave Schenectady,1
A3795,ORCHARD PARK HIGH SCHOOL 4040 BAKER RD ORCHARD PARK,B3134,Orchard Park High School 4040 Baker Rd Orchard Park,1
A3819,APALACHIN ELEMENTARY SCHOOL 405 PENNSYLVANIA AVE APALACHIN,B163,Apalachin Elementary School 405 Pennsylvania Ave Apalachin,1
A3837,PANAMA HIGH SCHOOL 41 NORTH ST PANAMA,B3927,Panama High School 41 North St Panama,1
A3841,BAY ELEMENTARY SCHOOL 114 BAY AVE PATCHOGUE,B288,Bay Elementary School 114 Bay Ave Patchogue,1
A3845,OREGON MIDDLE SCHOOL 109 OREGON AVE MEDFORD,B3137,Oregon Middle School 109 Oregon Ave Medford,1
A3846,PATCHOGUE-MEDFORD HIGH SCHOOL 181 BUFFALO AVE MEDFORD,B3953,Patchogue-Medford High School 181 Buffalo Ave Medford,1
A3848,SAXTON MIDDLE SCHOOL 121 SAXTON ST PATCHOGUE,B4386,Saxton Middle School 121 Saxton St Patchogue,1
A3875,HARRIS HILL ELEMENTARY SCHOOL 2126 PENFIELD RD PENFIELD,B1804,Harris Hill Elementary School 2126 Penfield Rd Penfield,1
A3880,PENN YAN ELEMENTARY SCHOOL 3 SCHOOL DR PENN YAN,B3993,Penn Yan Elementary School 3 School Dr Penn Yan,1
A3910,BARKER ROAD MIDDLE SCHOOL 75 BARKER RD PITTSFORD,B278,Barker Road Middle School 75 Barker Rd Pittsford,1
A3944,PORT JEFFERSON MIDDLE SCHOOL 350 OLD POST RD PORT JEFFERSON,B4060,Port Jefferson Middle  School 350 Old Post Rd Port Jefferson,1
A3945,EARL L VANDERMEULEN HIGH SCHOOL 350 OLD POST RD PORT JEFFERSON,B1168,Earl L Vandermeulen High School 350 Old Post Rd Port Jefferson,1
A3964,G W KRIEGER SCHOOL 265 HOOKER AVE POUGHKEEPSIE,B1548,G W Krieger School 265 Hooker Ave Poughkeepsie,1
A3978,QUEENSBURY MIDDLE SCHOOL 455 AVIATION RD QUEENSBURY,B4152,Queensbury Middle School 455 Aviation Rd Queensbury,1
A4088,STOKES ELEMENTARY SCHOOL 9095 TURIN RD ROME,B4756,Stokes Elementary School 9095 Turin Rd Rome,1
A4110,ROYALTON-HARTLAND HIGH SCHOOL 54 STATE ST MIDDLEPORT,B4318,Royalton-Hartland High School 54 State St Middleport,1
A4140,SENECA MIDDLE SCHOOL 850 MAIN ST HOLBROOK,B4462,Seneca Middle School 850 Main St Holbrook,1
A4145,SACHEM HIGH SCHOOL EAST 177 GRANNY RD FARMINGVILLE,B4333,Sachem High School East 177 Granny Rd Farmingville,1
A4218,SCIO CENTRAL SCHOOL 3968 WASHINGTON ST SCIO,B4440,Scio Central School 3968 Washington St Scio,1
A4227,NORTH SHORE MIDDLE SCHOOL 505 GLEN COVE AVE GLEN HEAD,B3032,North Shore Middle School 505 Glen Cove Ave Glen Head,1
A4229,SEA CLIFF ELEMENTARY SCHOOL 280 CARPENTER AVE SEA CLIFF,B4446,Sea Cliff Elementary School 280 Carpenter Ave Sea Cliff,1
A4234,ELIZABETH CADY STANTON ELEMENTARY SCHOOL 38 GARDEN ST SENECA FALLS,B1318,Elizabeth Cady Stanton Elementary School 38 Garden St Seneca Falls,1
A4236,FRANK M KNIGHT ELEMENTARY SCHOOL 98 CLINTON ST SENECA FALLS,B1492,Frank M Knight Elementary School 98 Clinton St Seneca Falls,1
A4237,SENECA FALLS MIDDLE SCHOOL 95 TROY ST SENECA FALLS,B4460,Seneca Falls Middle School 95 Troy St Seneca Falls,1
A4242,SEWANHAKA HIGH SCHOOL 500 TULIP AVE FLORAL PARK,B4472,Sewanhaka High School 500 Tulip Ave Floral Park,1
A4247,CHANGO ELEMENTARY SCHOOL 100 CHANGO DR BALLSTON LAKE,B805,Chango Elementary School 100 Chango Dr Ballston Lake,1
A4251,OKTE ELEMENTARY SCHOOL 1581 CRESCENT RD CLIFTON PARK,B3109,Okte Elementary School 1581 Crescent Rd Clifton Park,1
A4286,ACCOMPSETT ELEMENTARY SCHOOL 1 LINCOLN ST SMITHTOWN,B67,Accompsett Elementary School 1 Lincoln St Smithtown,1
A4289,SMITHTOWN ELEMENTARY SCHOOL 51 LAWRENCE AVE SMITHTOWN,B4523,Smithtown Elementary School 51 Lawrence Ave Smithtown,1
A4291,TACKAN ELEMENTARY SCHOOL 99 MIDWOOD AVE NESCONSET,B4794,Tackan Elementary School 99 Midwood Ave Nesconset,1
A4310,VEEDER ELEMENTARY SCHOOL 25 VEEDER DR ALBANY,B5115,Veeder Elementary School 25 Veeder Dr Albany,1
A4312,FOREST PARK ELEMENTARY SCHOOL 100 FOREST DR ALBANY,B1463,Forest Park Elementary School 100 Forest Dr Albany,1
A4315,BALLARD ELEMENTARY SCHOOL 300 BALLARD RD WILTON,B262,Ballard Elementary School 300 Ballard Rd Wilton,1
A4325,OAKWOOD PRIMARY CENTER 264 W 22ND ST HUNTINGTON,B3094,Oakwood Primary Center 264 W 22nd St Huntington,1
A4331,SOUTH LEWIS ELEMENTARY SCHOOL 4264 EAST RD TURIN,B4560,South Lewis Elementary School 4264 East Rd Turin,1
A4336,SOUTHAMPTON ELEMENTARY SCHOOL 30 PINE ST SOUTHAMPTON,B4575,Southampton Elementary School 30 Pine St Southampton,1
A4350,SPENCERPORT HIGH SCHOOL 2707 SPENCERPORT RD SPENCERPORT,B4601,Spencerport High School 2707 Spencerport Rd Spencerport,1
A4356,ELMWOOD ELEMENTARY SCHOOL 43 ROBERT PITT DR MONSEY,B1336,Elmwood Elementary School 43 Robert Pitt Dr Monsey,1
A4357,FLEETWOOD ELEMENTARY SCHOOL 22 FLEETWOOD AVE CHESTNUT RIDGE,B1438,Fleetwood Elementary School 22 Fleetwood Ave Chestnut Ridge,1
A4358,GRANDVIEW ELEMENTARY SCHOOL 151 GRANDVIEW AVE MONSEY,B1681,Grandview Elementary School 151 Grandview Ave Monsey,1
A4378,STAMFORD CENTRAL SCHOOL 1 RIVER ST STAMFORD,B4731,Stamford Central School 1 River St Stamford,1
A4379,REGAN INTERMEDIATE SCHOOL 4363 MAPLETON RD LOCKPORT,B4191,Regan Intermediate School 4363 Mapleton Rd Lockport,1
A4408,SWEET HOME MIDDLE SCHOOL 4150 MAPLE RD AMHERST,B4784,Sweet Home Middle School 4150 Maple Rd Amherst,1
A4409,SWEET HOME SENIOR HIGH SCHOOL 1901 SWEET HOME RD AMHERST,B4785,Sweet Home Senior High School 1901 Sweet Home Rd Amherst,1
A4417,SOUTH WOODS MIDDLE SCHOOL 99 PELL LN SYOSSET,B4574,South Woods Middle School 99 Pell Ln Syosset,1
A4420,WALT WHITMAN ELEMENTARY SCHOOL 482 WOODBURY RD WOODBURY,B5169,Walt Whitman Elementary School 482 Woodbury Rd Woodbury,1
A4422,CLARY MIDDLE SCHOOL 100 AMIDON DR SYRACUSE,B892,Clary Middle School 100 Amidon Dr Syracuse,1
A4423,CORCORAN HIGH SCHOOL 919 GLENWOOD AVE SYRACUSE,B981,Corcoran High School 919 Glenwood Ave Syracuse,1
A4426,FRANKLIN ELEMENTARY SCHOOL 428 S ALVORD ST SYRACUSE,B1503,Franklin Elementary School 428 S Alvord St Syracuse,1
A4428,GRANT MIDDLE SCHOOL 2400 GRANT BLVD SYRACUSE,B1683,Grant Middle School 2400 Grant Blvd Syracuse,1
A4434,MCKINLEY-BRIGHTON ELEMENTARY SCHOOL 141 W NEWELL ST SYRACUSE,B2734,Mckinley-Brighton Elementary School 141 W Newell St Syracuse,1
A4437,PORTER ELEMENTARY SCHOOL 512 EMERSON AVE SYRACUSE,B4066,Porter Elementary School 512 Emerson Ave Syracuse,1
A4444,EXPEDITIONARY LEARNING MIDDLE SCHOOL 4942 S SALINA ST SYRACUSE,B1383,Expeditionary Learning Middle School 4942 S Salina St Syracuse,1
A4450,BRIGHTON ACADEMY 309 W BRIGHTON AVE SYRACUSE,B473,Brighton Academy 309 W Brighton Ave Syracuse,1
A4529,FOREST ROAD SCHOOL 16 FOREST RD VALLEY STREAM,B1464,Forest Road School 16 Forest Rd Valley Stream,1
A4530,SHAW AVENUE SCHOOL 99 SHAW AVE VALLEY STREAM,B4481,Shaw Avenue School 99 Shaw Ave Valley Stream,1
A4538,GLENWOOD ELEMENTARY SCHOOL 337 JONES RD VESTAL,B1628,Glenwood Elementary School 337 Jones Rd Vestal,1
A4561,WANTAGH MIDDLE SCHOOL 3299 BELTAGH AVE WANTAGH,B5176,Wantagh Middle School 3299 Beltagh Ave Wantagh,1
A4595,WATERFORD-HALFMOON JUNIOR-SENIOR HIGH SCHOOL 125 MIDDLETOWN RD WATERFORD,B5206,Waterford-Halfmoon Junior-Senior High School 125 Middletown Rd Waterford,1
A4602,NORTH ELEMENTARY SCHOOL 171 E HOARD ST WATERTOWN,B3016,North Elementary School 171 E Hoard St Watertown,1
A4603,STARBUCK ELEMENTARY SCHOOL 430 E HOARD ST WATERTOWN,B4733,Starbuck Elementary School 430 E Hoard St Watertown,1
A4610,ELM STREET ELEMENTARY SCHOOL 145 ELM ST WAVERLY,B1330,Elm Street Elementary School 145 Elm St Waverly,1
A4636,WELLSVILLE SECONDARY SCHOOL 126 W STATE ST WELLSVILLE,B5250,Wellsville Secondary School 126 W State St Wellsville,1
A4646,CAMILLUS MIDDLE SCHOOL 5525 IKE DIXON RD CAMILLUS,B673,Camillus Middle School 5525 Ike Dixon Rd Camillus,1
A4659,MANETUCK ELEMENTARY SCHOOL 800 VAN BUREN AVE WEST ISLIP,B2639,Manetuck Elementary School 800 Van Buren Ave West Islip,1
A4660,OQUENOCK ELEMENTARY SCHOOL 425 SPRUCE AVE WEST ISLIP,B3132,Oquenock Elementary School 425 Spruce Ave West Islip,1
A4694,T J CONNOR ELEMENTARY SCHOOL 13 BECKWITH AVE SCOTTSVILLE,B4793,T J Connor Elementary School 13 Beckwith Ave Scottsville,1
A4708,MARCY ELEMENTARY SCHOOL 9479 MAYNARD DR MARCY,B2678,Marcy Elementary School 9479 Maynard Dr Marcy,1
A4709,PARKWAY MIDDLE SCHOOL 65 ORISKANY BLVD WHITESBORO,B3946,Parkway Middle School 65 Oriskany Blvd Whitesboro,1
A4721,TRANSIT MIDDLE SCHOOL 8730 TRANSIT RD EAST AMHERST,B4984,Transit Middle School 8730 Transit Rd East Amherst,1
A4726,HEIM MIDDLE SCHOOL 175 HEIM RD WILLIAMSVILLE,B1846,Heim Middle School 175 Heim Rd Williamsville,1
A4730,WILLIAMSVILLE EAST HIGH SCHOOL 151 PARADISE RD EAST AMHERST,B5369,Williamsville East High School 151 Paradise Rd East Amherst,1
A4741,OGDEN ELEMENTARY SCHOOL 875 LONGVIEW AVE VALLEY STREAM,B3104,Ogden Elementary School 875 Longview Ave Valley Stream,1
A4750,RIVERSIDE HIGH SCHOOL 565 WARBURTON AVE YONKERS,B4241,Riverside High School 565 Warburton Ave Yonkers,1
A4755,PAIDEIA SCHOOL 24 50 COLIN ST YONKERS,B3911,Paideia School 24 50 Colin St Yonkers,1
A4756,PAIDEIA SCHOOL 15 175 WESTCHESTER AVE YONKERS,B3910,Paideia School 15 175 Westchester Ave Yonkers,1
A4759,LINCOLN HIGH SCHOOL 375 KNEELAND AVE YONKERS,B2499,Lincoln High School 375 Kneeland Ave Yonkers,1
A4762,CROSS HILL ACADEMY 160 BOLMER AVE YONKERS,B1022,Cross Hill Academy 160 Bolmer Ave Yonkers,1
A4777,MUSEUM SCHOOL 25 579 WARBURTON AVE YONKERS,B2900,Museum School 25 579 Warburton Ave Yonkers,1
A4779,MONTESSORI SCHOOL 27 132 VALENTINE LN YONKERS,B2833,Montessori School 27 132 Valentine Ln Yonkers,1
A4800,CUBA-RUSHFORD ELEMENTARY SCHOOL 15 ELM ST CUBA,B1028,Cuba-Rushford Elementary School 15 Elm St Cuba,1
A4844,ROCHESTER ACADEMY OF SCIENCE CHARTER SCHOOL 545 HUMBOLDT ST ROCHESTER,B4267,Rochester Academy Of Science Charter School 545 Humboldt St Rochester,1
A4849,OUR WORLD NEIGHBORHOOD CHARTER SCHOOL 3 108-68 ROOSEVELT AVE CORONA,B3179,Our World Neighborhood Charter School 3 108-68 Roosevelt Ave Corona,1
A17,BELLPORT MIDDLE SCHOOL 35 KREAMER ST BELLPORT,B340,Bellport Middle School 35 Kreamer St Bellport,0.99999994
A62,CAMPBELL-SAVONA ELEMENTARY SCHOOL 64 E LAMOKA AVE SAVONA,B675,Campbell-Savona Elementary School 64 E Lamoka Ave Savona,0.99999994
A95,BRONX CHARTER SCHOOL FOR THE ARTS 950 LONGFELLOW AVE BRONX,B509,Bronx Charter School For The Arts 950 Longfellow Ave Bronx,0.99999994
A396,HEALTH OPPORTUNITIES HIGH SCHOOL 350 GERARD AVE BRONX,B1831,Health Opportunities High School 350 Gerard Ave Bronx,0.99999994
A527,COMPREHENSIVE MODEL SCHOOL PROJECT MS 327 1501 JEROME AVE BRONX,B956,Comprehensive Model School Project Ms 327 1501 Jerome Ave Bronx,0.99999994
A635,HIGH SCHOOL FOR ENERGY AND TECHNOLOGY 2474 CROTONA AVE BRONX,B1897,High School For Energy And Technology 2474 Crotona Ave Bronx,0.99999994
A975,EVERGREEN MIDDLE SCHOOL FOR URBAN EXPLORATION 125 COVERT ST BROOKLYN,B1377,Evergreen Middle School For Urban Exploration 125 Covert St Brooklyn,0.99999994
A1269,TOTTENVILLE HIGH SCHOOL 100 LUTEN AVE STATEN ISLAND,B4979,Tottenville High School 100 Luten Ave Staten Island,0.99999994
A1281,PS 78 100 TOMPKINS AVE STATEN ISLAND,B4110,Ps 78 100 Tompkins Ave Staten Island,0.99999994
A1343,TRANSIT TECH CAREER AND TECHNICAL EDUCATION HIGH SCHOOL 1 WELLS ST BROOKLYN,B4985,Transit Tech Career And Technical Education High School 1 Wells St Brooklyn,0.99999994
A1382,SPRING CREEK COMMUNITY SCHOOL 1065 ELTON ST BROOKLYN,B4603,Spring Creek Community School 1065 Elton St Brooklyn,0.99999994
A1537,DAYTON AVENUE SCHOOL 151 DAYTON AVE MANORVILLE,B1054,Dayton Avenue School 151 Dayton Ave Manorville,0.99999994
A1720,HIGH SCHOOL OF SPORTS MANAGEMENT 2630 BENSON AVE BROOKLYN,B1923,High School Of Sports Management 2630 Benson Ave Brooklyn,0.99999994
A2072,ALDEN SENIOR HIGH SCHOOL 13190 PARK ST ALDEN,B117,Alden Senior High School 13190 Park St Alden,0.99999994
A2095,NORTHWEST ELEMENTARY SCHOOL 450 COUNTY LINE RD AMITYVILLE,B3056,Northwest Elementary School 450 County Line Rd Amityville,0.99999994
A2109,ARDSLEY MIDDLE SCHOOL 700 ASHFORD AVE ARDSLEY,B175,Ardsley Middle School 700 Ashford Ave Ardsley,0.99999994
A2169,BATAVIA MIDDLE SCHOOL 96 ROSS ST BATAVIA,B285,Batavia Middle School 96 Ross St Batavia,0.99999994
A2172,HAVERLING SENIOR HIGH SCHOOL 25 ELLAS AVE BATH,B1824,Haverling Senior High School 25 Ellas Ave Bath,0.99999994
A2173,VERNON E WIGHTMAN PRIMARY SCHOOL 216 MAPLE HTS BATH,B5117,Vernon E Wightman Primary School 216 Maple Hts Bath,0.99999994
A2279,BARCLAY ELEMENTARY SCHOOL 40 ALLEN ST BROCKPORT,B271,Barclay Elementary School 40 Allen St Brockport,0.99999994
A2358,PASHLEY ELEMENTARY SCHOOL 30 PASHLEY RD SCOTIA,B3951,Pashley Elementary School 30 Pashley Rd Scotia,0.99999994
A2581,DANSVILLE PRIMARY SCHOOL 284 MAIN ST DANSVILLE,B1046,Dansville Primary School 284 Main St Dansville,0.99999994
A2624,DUNKIRK INTERMEDIATE SCHOOL 525 EAGLE ST DUNKIRK,B1147,Dunkirk Intermediate School 525 Eagle St Dunkirk,0.99999994
A2784,FREDONIA ELEMENTARY SCHOOL 425 E MAIN ST FREDONIA,B1518,Fredonia Elementary School 425 E Main St Fredonia,0.99999994
A2812,JOSEPH HENRY ELEMENTARY SCHOOL 5317 SACANDAGA RD GALWAY,B2309,Joseph Henry Elementary School 5317 Sacandaga Rd Galway,0.99999994
A2820,STEWART SCHOOL 501 STEWART AVE GARDEN CITY,B4751,Stewart School 501 Stewart Ave Garden City,0.99999994
A2891,AUTUMN LANE ELEMENTARY SCHOOL 2089 MAIDEN LN ROCHESTER,B211,Autumn Lane Elementary School 2089 Maiden Ln Rochester,0.99999994
A2898,ATHENA MIDDLE SCHOOL 800 LONG POND RD ROCHESTER,B197,Athena Middle School 800 Long Pond Rd Rochester,0.99999994
A2901,LAKESHORE ELEMENTARY SCHOOL 1200 LATTA RD ROCHESTER,B2407,Lakeshore Elementary School 1200 Latta Rd Rochester,0.99999994
A2934,LYNNWOOD ELEMENTARY SCHOOL 8 REGINA DR SCHENECTADY,B2564,Lynnwood Elementary School 8 Regina Dr Schenectady,0.99999994
A2974,WASHINGTON DRIVE PRIMARY SCHOOL 95 WASHINGTON DR CENTERPORT,B5191,Washington Drive Primary School 95 Washington Dr Centerport,0.99999994
A3010,JACKSON MAIN ELEMENTARY SCHOOL 451 JACKSON ST HEMPSTEAD,B2216,Jackson  Main Elementary School 451 Jackson St Hempstead,0.99999994
A3073,HORNELL INTERMEDIATE SCHOOL 71 BUFFALO ST HORNELL,B1993,Hornell Intermediate School 71 Buffalo St Hornell,0.99999994
A3130,DAKE JUNIOR HIGH SCHOOL 350 COOPER RD ROCHESTER,B1040,Dake Junior High School 350 Cooper Rd Rochester,0.99999994
A3132,IROQUOIS MIDDLE SCHOOL 150 COLEBROOK DR ROCHESTER,B2144,Iroquois Middle School 150 Colebrook Dr Rochester,0.99999994
A3216,HERBERT HOOVER MIDDLE SCHOOL 249 THORNCLIFF RD BUFFALO,B1869,Herbert Hoover Middle School 249 Thorncliff Rd Buffalo,0.99999994
A3222,FORT SALONGA ELEMENTARY SCHOOL 39 SUNKEN MEADOW RD NORTHPORT,B1477,Fort Salonga Elementary School 39 Sunken Meadow Rd Northport,0.99999994
A3325,LIVERPOOL HIGH SCHOOL 4338 WETZEL RD LIVERPOOL,B2522,Liverpool High School 4338 Wetzel Rd Liverpool,0.99999994
A3351,EAST ELEMENTARY SCHOOL 456 NEPTUNE BLVD LONG BEACH,B1185,East Elementary School 456 Neptune Blvd Long Beach,0.99999994
A3368,KINDERGARTEN CENTER 111 ATLANTIC AVE LYNBROOK,B2343,Kindergarten Center 111 Atlantic Ave Lynbrook,0.99999994
A3507,MILLER PLACE HIGH SCHOOL 15 MEMORIAL DR MILLER PLACE,B2802,Miller Place High School 15 Memorial Dr Miller Place,0.99999994
A3510,SOUND BEACH SCHOOL 197 N COUNTRY RD MILLER PLACE,B4535,Sound Beach School 197 N Country Rd Miller Place,0.99999994
A3596,STRAWTOWN ELEMENTARY SCHOOL 413 STRAWTOWN RD WEST NYACK,B4764,Strawtown Elementary School 413 Strawtown Rd West Nyack,0.99999994
A3653,NEWFANE ELEMENTARY SCHOOL 2909 TRANSIT RD NEWFANE,B2991,Newfane Elementary School 2909 Transit Rd Newfane,0.99999994
A3655,NEWFANE SENIOR HIGH SCHOOL 1 PANTHER DR NEWFANE,B2993,Newfane Senior High School 1 Panther Dr Newfane,0.99999994
A3669,CATARACT ELEMENTARY SCHOOL 6431 GIRARD AVE NIAGARA FALLS,B743,Cataract Elementary School 6431 Girard Ave Niagara Falls,0.99999994
A3815,OSWEGO HIGH SCHOOL 2 BUCCANEER BLVD OSWEGO,B3147,Oswego High School 2 Buccaneer Blvd Oswego,0.99999994
A3850,TREMONT ELEMENTARY SCHOOL 143 TREMONT AVE MEDFORD,B4988,Tremont Elementary School 143 Tremont Ave Medford,0.99999994
A3967,POUGHKEEPSIE HIGH SCHOOL 70 FORBUS ST POUGHKEEPSIE,B4072,Poughkeepsie High School 70 Forbus St Poughkeepsie,0.99999994
A3977,QUEENSBURY ELEMENTARY SCHOOL 431 AVIATION RD QUEENSBURY,B4150,Queensbury Elementary School 431 Aviation Rd Queensbury,0.99999994
A4052,SCHOOL OF THE ARTS 45 PRINCE ST ROCHESTER,B4427,School Of The Arts 45 Prince St Rochester,0.99999994
A4150,PROSPECT ELEMENTARY SCHOOL 300 PROSPECT AVE SALAMANCA,B4097,Prospect Elementary School 300 Prospect Ave Salamanca,0.99999994
A4302,SOLVAY MIDDLE SCHOOL 299 BURY DR SYRACUSE,B4531,Solvay Middle School 299 Bury Dr Syracuse,0.99999994
A4362,MARGETTS ELEMENTARY SCHOOL 25 MARGETTS RD MONSEY,B2681,Margetts Elementary School 25 Margetts Rd Monsey,0.99999994
A4412,BAYLIS ELEMENTARY SCHOOL 580 WOODBURY RD PLAINVIEW,B296,Baylis Elementary School 580 Woodbury Rd Plainview,0.99999994
A4430,HENNINGER HIGH SCHOOL 600 ROBINSON ST SYRACUSE,B1858,Henninger High School 600 Robinson St Syracuse,0.99999994
A4447,DELAWARE PRIMARY SCHOOL 900 S GEDDES ST SYRACUSE,B1069,Delaware Primary School 900 S Geddes St Syracuse,0.99999994
A4525,BROOKLYN AVENUE SCHOOL 24 BROOKLYN AVE VALLEY STREAM,B563,Brooklyn Avenue School 24 Brooklyn Ave Valley Stream,0.99999994
A4536,VESTAL MIDDLE SCHOOL 600 S BENITA BLVD VESTAL,B5123,Vestal Middle School 600 S Benita Blvd Vestal,0.99999994
A4540,VESTAL HILLS ELEMENTARY SCHOOL 709 COUNTRY CLUB RD VESTAL,B5122,Vestal Hills Elementary School 709 Country Club Rd Vestal,0.99999994
A4609,WATKINS GLEN ELEMENTARY SCHOOL 612 S DECATUR ST WATKINS GLEN,B5217,Watkins Glen Elementary School 612 S Decatur St Watkins Glen,0.99999994
A4729,MILL MIDDLE SCHOOL 505 MILL ST WILLIAMSVILLE,B2790,Mill Middle School 505 Mill St Williamsville,0.99999994
A4842,CITIZENSHIP AND SCIENCE ACADEMY OF ROCHESTER CHARTER SCHOOL 151 E HENRIETTA RD ROCHESTER,B877,Citizenship And Science Academy Of Rochester Charter School 151 E Henrietta Rd Rochester,0.99999994
A34,COHOCTON ELEMENTARY SCHOOL 30 PARK AVE COHOCTON,B917,Cohocton Elementary School 30 Park Ave Cohocton,0.9999999
A78,KING CENTER CHARTER SCHOOL 156 NEWBURGH AVE BUFFALO,B2344,King Center Charter School 156 Newburgh Ave Buffalo,0.9999999
A345,EAGLE ACADEMY FOR YOUNG MEN OF HARLEM 6 EDGECOMBE AVE NEW YORK,B1162,Eagle Academy For Young Men Of Harlem 6 Edgecombe Ave New York,0.9999999
A412,COMMUNITY SCHOOL FOR SOCIAL JUSTICE 350 GERARD AVE BRONX,B952,Community School For Social Justice 350 Gerard Ave Bronx,0.9999999
A686,CORNERSTONE ACADEMY FOR SOCIAL ACTION 3441 STEENWICK AVE BRONX,B987,Cornerstone Academy For Social Action 3441 Steenwick Ave Bronx,0.9999999
A841,GLOBAL INNOVATORS ACADEMY 4222 4TH AVE BROOKLYN,B1632,Global Innovators Academy 4222 4th Ave Brooklyn,0.9999999
A1296,ACCESS BRONX CHARTER SCHOOL 388 WILLIS AVE BRONX,B65,Access Bronx Charter School 388 Willis Ave Bronx,0.9999999
A1417,CHRISTOPHER AVENUE COMMUNITY SCHOOL 51 CHRISTOPHER AVE BROOKLYN,B866,Christopher Avenue Community School 51 Christopher Ave Brooklyn,0.9999999
A1838,CHALLENGE PREPARATORY CHARTER SCHOOL 710 HARTMAN LANE FAR ROCKAWAY,B802,Challenge Preparatory Charter School 710 Hartman Lane Far Rockaway,0.9999999
A1873,NEW DAWN CHARTER HIGH SCHOOL 242 HOYT ST BROOKLYN,B2945,New Dawn Charter High School 242 Hoyt St Brooklyn,0.9999999
A1886,GLOBAL COMMUNITY CHARTER SCHOOL 2350 5TH AVE NEW YORK,B1630,Global Community Charter School 2350 5th Ave New York,0.9999999
A1979,REACH ACADEMY CHARTER SCHOOL 115 ASH ST BUFFALO,B4179,Reach Academy Charter School 115 Ash St Buffalo,0.9999999
A1990,EMBLAZE ACADEMY CHARTER SCHOOL 1164 GARRISON AVE BRONX,B1343,Emblaze Academy Charter School 1164 Garrison Ave Bronx,0.9999999
A1999,NEIGHBORHOOD CHARTER SCHOOL-BRONX 411 WALES AVE BRONX,B2931,Neighborhood Charter School - Bronx 411 Wales Ave Bronx,0.9999999
A2003,UNIVERSITY PREP CHARTER MIDDLE SCHOOL 470 JACKSON AVE BRONX,B5044,University Prep Charter Middle School 470 Jackson Ave Bronx,0.9999999
A2006,BRONX CHARTER SCHOOL FOR EXCELLENCE 5 1946 BATHGATE AVE BRONX,B508,Bronx Charter School For Excellence 5 1946 Bathgate Ave Bronx,0.9999999
A2185,BLUE POINT ELEMENTARY SCHOOL 212 BLUE POINT AVE BLUE POINT,B413,Blue Point Elementary School 212 Blue Point Ave Blue Point,0.9999999
A2218,SLINGERLANDS ELEMENTARY SCHOOL 25 UNION AVE DELMAR,B4515,Slingerlands Elementary School 25 Union Ave Delmar,0.9999999
A2223,JOHN F KENNEDY MIDDLE SCHOOL 500 BROADWAY BETHPAGE,B2278,John F Kennedy Middle School 500 Broadway Bethpage,0.9999999
A2238,BINGHAMTON HIGH SCHOOL 31 MAIN ST BINGHAMTON,B389,Binghamton High School 31 Main St Binghamton,0.9999999
A2280,BROCKPORT HIGH SCHOOL 40 ALLEN ST BROCKPORT,B483,Brockport High School 40 Allen St Brockport,0.9999999
A2418,BURTON STREET ELEMENTARY SCHOOL 37 BURTON ST CAZENOVIA,B634,Burton Street Elementary School 37 Burton St Cazenovia,0.9999999
A2491,LEDGEVIEW ELEMENTARY SCHOOL 5150 OLD GOODRICH RD CLARENCE,B2442,Ledgeview Elementary School 5150 Old Goodrich Rd Clarence,0.9999999
A2622,DUNDEE ELEMENTARY SCHOOL 55 WATER ST DUNDEE,B1145,Dundee Elementary School 55 Water St Dundee,0.9999999
A2629,EAST AURORA MIDDLE SCHOOL 430 MAIN ST EAST AURORA,B1178,East Aurora Middle School 430 Main St East Aurora,0.9999999
A2639,EAST HAMPTON HIGH SCHOOL 2 LONG LN EAST HAMPTON,B1191,East Hampton High School 2 Long Ln East Hampton,0.9999999
A2645,IVAN L GREEN PRIMARY SCHOOL 800 BROWN RD ROCHESTER,B2161,Ivan L Green Primary School 800 Brown Rd Rochester,0.9999999
A2649,EAST ISLIP HIGH SCHOOL 1 REDMEN ST ISLIP TERRACE,B1198,East Islip High School 1 Redmen St Islip Terrace,0.9999999
A2662,WOODLAND MIDDLE SCHOOL 690 WENWOOD DR EAST MEADOW,B5405,Woodland Middle School 690 Wenwood Dr East Meadow,0.9999999
A2690,EDEN ELEMENTARY SCHOOL 8289 N MAIN ST EDEN,B1236,Eden Elementary School 8289 N Main St Eden,0.9999999
A2691,EDEN MIDDLE & HIGH SCHOOL 3150 SCHOOLVIEW RD EDEN,B1237,Eden Middle & High School 3150 Schoolview Rd Eden,0.9999999
A2708,ERNIE DAVIS ACADEMY 933 HOFFMAN ST ELMIRA,B1364,Ernie Davis Academy 933 Hoffman St Elmira,0.9999999
A2715,THOMAS K BEECHER SCHOOL 310 SULLIVAN ST ELMIRA,B4950,Thomas K Beecher School 310 Sullivan St Elmira,0.9999999
A2717,COHEN ELEMENTARY SCHOOL 100 ROBINWOOD AVE ELMIRA HEIGHTS,B916,Cohen Elementary School 100 Robinwood Ave Elmira Heights,0.9999999
A2757,FARMINGDALE SENIOR HIGH SCHOOL 150 LINCOLN ST FARMINGDALE,B1411,Farmingdale Senior High School 150 Lincoln St Farmingdale,0.9999999
A2802,CLOVERBANK ELEMENTARY SCHOOL 2761 CLOVERBANK RD HAMBURG,B907,Cloverbank Elementary School 2761 Cloverbank Rd Hamburg,0.9999999
A2831,DEXTER ELEMENTARY SCHOOL 415 E GROVE ST DEXTER,B1090,Dexter Elementary School 415 E Grove St Dexter,0.9999999
A2837,GENEVA HIGH SCHOOL 101 CARTER RD GENEVA,B1585,Geneva High School 101 Carter Rd Geneva,0.9999999
A2843,CONNOLLY SCHOOL 100 RIDGE DR GLEN COVE,B970,Connolly School 100 Ridge Dr Glen Cove,0.9999999
A2869,GOUVERNEUR MIDDLE SCHOOL 25 WILSON ST GOUVERNEUR,B1659,Gouverneur Middle School 25 Wilson St Gouverneur,0.9999999
A2876,GRANVILLE ELEMENTARY SCHOOL 61 QUAKER ST GRANVILLE,B1684,Granville Elementary School 61 Quaker St Granville,0.9999999
A2941,HALDANE HIGH SCHOOL 15 CRAIGSIDE DR COLD SPRING,B1755,Haldane High School 15 Craigside Dr Cold Spring,0.9999999
A3011,BARACK OBAMA ELEMENTARY SCHOOL 176 WILLIAM ST HEMPSTEAD,B269,Barack Obama Elementary School 176 William St Hempstead,0.9999999
A3134,ROGERS MIDDLE SCHOOL 219 NORTHFIELD RD ROCHESTER,B4286,Rogers Middle School 219 Northfield Rd Rochester,0.9999999
A3158,DEWITT MIDDLE SCHOOL 560 WARREN RD ITHACA,B1089,Dewitt Middle School 560 Warren Rd Ithaca,0.9999999
A3249,HIGHLAND ELEMENTARY SCHOOL 6745 ERIE RD DERBY,B1928,Highland Elementary School 6745 Erie Rd Derby,0.9999999
A3356,WEST ELEMENTARY SCHOOL 91 MARYLAND AVE LONG BEACH,B5259,West Elementary School 91 Maryland Ave Long Beach,0.9999999
A3372,LYONS ELEMENTARY SCHOOL 98 WILLIAM ST LYONS,B2567,Lyons Elementary School 98 William St Lyons,0.9999999
A3423,MARYVALE MIDDLE SCHOOL 1050 MARYVALE DR CHEEKTOWAGA,B2714,Maryvale Middle School 1050 Maryvale Dr Cheektowaga,0.9999999
A3431,FAIRFIELD ELEMENTARY SCHOOL 330 MASSAPEQUA AVE MASSAPEQUA,B1395,Fairfield Elementary School 330 Massapequa Ave Massapequa,0.9999999
A3441,WILLIAM FLOYD HIGH SCHOOL 240 MASTIC BEACH RD MASTIC BEACH,B5347,William Floyd High School 240 Mastic Beach Rd Mastic Beach,0.9999999
A3531,MONTGOMERY ELEMENTARY SCHOOL 141 UNION ST MONTGOMERY,B2836,Montgomery Elementary School 141 Union St Montgomery,0.9999999
A3534,WALDEN ELEMENTARY SCHOOL 75 ORCHARD ST WALDEN,B5161,Walden Elementary School 75 Orchard St Walden,0.9999999
A3588,BARDONIA ELEMENTARY SCHOOL 31 BARDONIA RD BARDONIA,B276,Bardonia Elementary School 31 Bardonia Rd Bardonia,0.9999999
A3600,FELIX FESTA CHARACTER MIDDLE SCHOOL 30 PARROTT RD WEST NYACK,B1419,Felix Festa Character Middle School 30 Parrott Rd West Nyack,0.9999999
A3640,FOSTERTOWN SCHOOL 364 FOSTERTOWN RD NEWBURGH,B1480,Fostertown School 364 Fostertown Rd Newburgh,0.9999999
A3648,TEMPLE HILL SCHOOL 525 UNION AVE NEW WINDSOR,B4817,Temple Hill School 525 Union Ave New Windsor,0.9999999
A3681,NISKAYUNA HIGH SCHOOL 1626 BALLTOWN RD SCHENECTADY,B3002,Niskayuna High School 1626 Balltown Rd Schenectady,0.9999999
A3863,PEEKSKILL HIGH SCHOOL 1072 ELM ST PEEKSKILL,B3978,Peekskill High School 1072 Elm St Peekskill,0.9999999
A3866,PEEKSKILL MIDDLE SCHOOL 212 RINGGOLD ST PEEKSKILL,B3979,Peekskill Middle School 212 Ringgold St Peekskill,0.9999999
A4107,ROSLYN MIDDLE SCHOOL 375 LOCUST LN ROSLYN HEIGHTS,B4310,Roslyn Middle School 375 Locust Ln Roslyn Heights,0.9999999
A4151,SALAMANCA HIGH SCHOOL 50 IROQUOIS DR SALAMANCA,B4347,Salamanca High School 50 Iroquois Dr Salamanca,0.9999999
A4192,JEFFERSON ELEMENTARY SCHOOL 100 PRINCETOWN RD SCHENECTADY,B2251,Jefferson Elementary School 100 Princetown Rd Schenectady,0.9999999
A4193,SCHALMONT MIDDLE SCHOOL 2 SABRE DR SCHENECTADY,B4394,Schalmont Middle School 2 Sabre Dr Schenectady,0.9999999
A4217,SCHUYLERVILLE MIDDLE SCHOOL 14 SPRING ST SCHUYLERVILLE,B4434,Schuylerville Middle School 14 Spring St Schuylerville,0.9999999
A4348,SPENCER-VAN ETTEN ELEMENTARY SCHOOL 7 LANGFORD ST VAN ETTEN,B4598,Spencer-Van Etten Elementary School 7 Langford St Van Etten,0.9999999
A4355,ELDORADO ELEMENTARY SCHOOL 5 ELDORADO DR CHESTNUT RIDGE,B1266,Eldorado Elementary School 5 Eldorado Dr Chestnut Ridge,0.9999999
A4361,LIME KILN ELEMENTARY SCHOOL 35 LIME KILN RD SUFFERN,B2492,Lime Kiln Elementary School 35 Lime Kiln Rd Suffern,0.9999999
A4424,DR WEEKS ELEMENTARY SCHOOL 710 HAWLEY AVE SYRACUSE,B1126,Dr Weeks Elementary School 710 Hawley Ave Syracuse,0.9999999
A4432,LEMOYNE ELEMENTARY SCHOOL 1528 LEMOYNE AVE SYRACUSE,B2450,Lemoyne Elementary School 1528 Lemoyne Ave Syracuse,0.9999999
A4442,WEBSTER ELEMENTARY SCHOOL 500 WADSWORTH ST SYRACUSE,B5239,Webster Elementary School 500 Wadsworth St Syracuse,0.9999999
A4475,TROY MIDDLE SCHOOL 1976 BURDETT AVE TROY,B4994,Troy Middle School 1976 Burdett Ave Troy,0.9999999
A4545,VICTOR SENIOR HIGH SCHOOL 953 HIGH ST VICTOR,B5129,Victor Senior High School 953 High St Victor,0.9999999
A4647,EAST HILL ELEMENTARY SCHOOL 401 BLACKMORE RD CAMILLUS,B1196,East Hill Elementary School 401 Blackmore Rd Camillus,0.9999999
A4657,BAYVIEW ELEMENTARY SCHOOL 165 SNEDECOR AVE WEST ISLIP,B300,Bayview Elementary School 165 Snedecor Ave West Islip,0.9999999
A4679,DREXEL AVENUE SCHOOL 161 DREXEL AVE WESTBURY,B1137,Drexel Avenue School 161 Drexel Ave Westbury,0.9999999
A4711,WHITESBORO MIDDLE SCHOOL 75 ORISKANY BLVD WHITESBORO,B5328,Whitesboro Middle School 75 Oriskany Blvd Whitesboro,0.9999999
A4728,MAPLE WEST ELEMENTARY SCHOOL 851 MAPLE RD WILLIAMSVILLE,B2667,Maple West Elementary School 851 Maple Rd Williamsville,0.9999999
A4760,YONKERS MONTESSORI ACADEMY 160 WOODLAWN AVE YONKERS,B5453,Yonkers Montessori Academy 160 Woodlawn Ave Yonkers,0.9999999
A1327,PROGRESS HIGH SCHOOL FOR PROFESSIONAL CAREERS 850 GRAND ST BROOKLYN,B4095,Progress High School For Professional Careers 850 Grand St Brooklyn,0.9999998
A2048,AKRON ELEMENTARY SCHOOL 47 BLOOMINGDALE AVE AKRON,B84,Akron Elementary School 47 Bloomingdale Ave Akron,0.9999998
A2470,WALBERTA PARK PRIMARY SCHOOL 400 WALBERTA RD SYRACUSE,B5159,Walberta Park Primary School 400 Walberta Rd Syracuse,0.9999998
A2554,ERWIN VALLEY ELEMENTARY SCHOOL 16 BEARTOWN RD PAINTED POST,B1366,Erwin Valley Elementary School 16 Beartown Rd Painted Post,0.9999998
A2606,TECUMSEH ELEMENTARY SCHOOL 901 NOTTINGHAM RD JAMESVILLE,B4815,Tecumseh Elementary School 901 Nottingham Rd Jamesville,0.9999998
A2856,GLOVERSVILLE HIGH SCHOOL 199 LINCOLN ST GLOVERSVILLE,B1633,Gloversville High School 199 Lincoln St Gloversville,0.9999998
A3262,LANCASTER MIDDLE SCHOOL 148 AURORA ST LANCASTER,B2414,Lancaster Middle School 148 Aurora St Lancaster,0.9999998
A3426,MARYVALE INTERMEDIATE SCHOOL 1050 MARYVALE DR CHEEKTOWAGA,B2713,Maryvale Intermediate School 1050 Maryvale Dr Cheektowaga,0.9999998
A3434,UNQUA ELEMENTARY SCHOOL 350 UNQUA RD MASSAPEQUA,B5046,Unqua Elementary School 350 Unqua Rd Massapequa,0.9999998
A3834,PALMYRA-MACEDON MIDDLE SCHOOL 163 HYDE PKWY PALMYRA,B3923,Palmyra-Macedon Middle School 163 Hyde Pkwy Palmyra,0.9999998
A3881,PENN YAN MIDDLE SCHOOL 515 LIBERTY ST PENN YAN,B3994,Penn Yan Middle School 515 Liberty St Penn Yan,0.9999998
A3965,GOV GEORGE CLINTON SCHOOL 100 MONTGOMERY ST POUGHKEEPSIE,B1660,Gov George Clinton School 100 Montgomery St Poughkeepsie,0.9999998
A4126,DANIEL WARREN ELEMENTARY SCHOOL 1310 HARRISON AVE MAMARONECK,B1043,Daniel Warren Elementary School 1310 Harrison Ave Mamaroneck,0.9999998
A4346,SPENCER-VAN ETTEN MIDDLE SCHOOL 1 CENTER ST SPENCER,B4600,Spencer-Van Etten Middle School 1 Center St Spencer,0.9999998
A4414,H B THOMPSON MIDDLE SCHOOL 98 ANN DR SYOSSET,B1746,H B Thompson Middle School 98 Ann Dr Syosset,0.9999998
A4511,KERNAN ELEMENTARY SCHOOL 929 YORK ST UTICA,B2338,Kernan Elementary School 929 York St Utica,0.9999998
A4579,WARRENSBURG ELEMENTARY SCHOOL 1 JAMES ST WARRENSBURG,B5184,Warrensburg Elementary School 1 James St Warrensburg,0.9999998
A4687,WESTFIELD HIGH SCHOOL 203 E MAIN ST WESTFIELD,B5302,Westfield High School 203 E Main St Westfield,0.9999998
A19,BROOKHAVEN ELEMENTARY SCHOOL 101 FIREPLACE NECK RD BROOKHAVEN,B557,Brookhaven Elementary School 101 Fireplace Neck Rd Brookhaven,0.99999976
A556,BRONX DEBATE ACADEMY 1302 EDWARD L GRANT HWY BRONX,B517,Bronx Debate Academy 1302 Edward L Grant Hwy Bronx,0.99999976
A1773,INTERNATIONAL LEADERSHIP CHARTER  HIGH SCHOOL 3030 RIVERDALE AVE BRONX,B2131,International Leadership Charter High School 3030 Riverdale Ave Bronx,0.99999976
A2933,FARNSWORTH MIDDLE SCHOOL 6072 STATE FARM RD GUILDERLAND,B1412,Farnsworth Middle School 6072 State Farm Rd Guilderland,0.99999976
A2936,PINE BUSH ELEMENTARY SCHOOL 3437 CARMAN RD SCHENECTADY,B4018,Pine Bush Elementary School 3437 Carman Rd Schenectady,0.99999976
A3050,HOLLAND HIGH SCHOOL 103 CANADA ST HOLLAND,B1951,Holland High School 103 Canada St Holland,0.99999976
A3243,LAKE GEORGE ELEMENTARY SCHOOL 69 SUN VALLEY DR LAKE GEORGE,B2399,Lake George Elementary School 69 Sun Valley Dr Lake George,0.99999976
A3305,LIBERTY HIGH SCHOOL 125 BUCKLEY ST LIBERTY,B2471,Liberty High School 125 Buckley St Liberty,0.99999976
A3688,NORTH BABYLON HIGH SCHOOL 1 PHELPS LN NORTH BABYLON,B3009,North Babylon High School 1 Phelps Ln North Babylon,0.99999976
A4083,GANSEVOORT ELEMENTARY SCHOOL 758 W LIBERTY ST ROME,B1552,Gansevoort Elementary School 758 W Liberty St Rome,0.99999976
A4401,BROOKSIDE ELEMENTARY SCHOOL 3849 SADDLEMIRE RD BINGHAMTON,B609,Brookside Elementary School 3849 Saddlemire Rd Binghamton,0.99999976
A4502,UNIONDALE HIGH SCHOOL 933 GOODRICH ST UNIONDALE,B5023,Uniondale High School 933 Goodrich St Uniondale,0.99999976
A4535,AFRICAN ROAD ELEMENTARY SCHOOL 600 S BENITA BLVD VESTAL,B79,African Road Elementary School 600 S Benita Blvd Vestal,0.99999976
A4572,OAK GROVE ELEMENTARY SCHOOL 40 KERR RD POUGHKEEPSIE,B3085,Oak Grove Elementary School 40 Kerr Rd Poughkeepsie,0.99999976
A3753,NYACK MIDDLE SCHOOL 98 S HIGHLAND AVE NYACK,B3078,Nyack Middle School 98 S Highland Ave Nyack,0.9999997
A529,FREDERICK DOUGLASS ACADEMY III SECONDARY SCHOOL 3630 3RD AVE BRONX,B1513,Frederick Douglass Academy Iii Secondary School 3630 Third Ave Bronx,0.99937654
A421,SOUTH BRONX ACADEMY FOR APPLIED MEDIA 778 FOREST AVE BRONX,B4539,South Bronx Academy For Applied Media 778 Forest Avenue Bronx,0.9987471
A1954,SOUTH BRONX COMMUNITY CHARTER HIGH SCHOOL 1110 WASHINGTON AVE BRONX,B4545,South Bronx Community Charter High School 1110 Washington Avenue Bronx,0.9987254
A1290,SYRACUSE ACADEMY OF SCIENCE CHARTER SCHOOL 1001 PARK AVE SYRACUSE,B4790,Syracuse Academy Of Science Charter School 1001 Park Avenue Syracuse,0.9986491
A1335,WILLIAMSBURG HIGH SCHOOL FOR ARCHITECTURE AND DESIGN 257 N 6TH ST BROOKLYN,B5363,Williamsburg High School For Architecture And Design 257 N 6th Street Brooklyn,0.99859774
A615,BRONX DANCE ACADEMY SCHOOL 3617 BAINBRIDGE AVE BRONX,B516,Bronx Dance Academy School 3617 Bainbridge Avenue Bronx,0.99850583
A949,EBC HIGH SCHOOL FOR PUBLIC SERVICE-BUSHWICK 1155 DEKALB AVE BROOKLYN,B1234,Ebc High School For Public Service - Bushwick 1155 Dekalb Avenue Brooklyn,0.9985013
A4352,TERRY TAYLOR ELEMENTARY SCHOOL 399 OGDEN PARMA TOWN LINE RD SPENCERPORT,B4818,Terry Taylor Elementary School 399 Ogden Parma Townline Rd Spencerport,0.99848044
A737,PAN AMERICAN INTERNATIONAL HIGH SCHOOL AT MONROE 1300 BOYNTON AVE BRONX,B3926,Pan American International High School At Monroe 1300 Boynton Avenue Bronx,0.9984751
A535,EXIMIUS COLLEGE PREPARATORY ACADEMY:  A COLLEGE BOARD SCHOOL 1363 FULTON AVE BRONX,B1382,Eximius College Preparatory Academy: A College  Board School 1363 Fulton Avenue Bronx,0.9984565
A1962,WHIN MUSIC COMMUNITY CHARTER SCHOOL 528 W 162ND ST NEW YORK,B5320,Whin Music Community Charter School 528 West 162nd St New York,0.9984548
A1910,BROOKLYN URBAN GARDEN CHARTER SCHOOL 500 19TH ST BROOKLYN,B605,Brooklyn Urban Garden Charter School 500 Nineteenth St Brooklyn,0.9984243
A413,MOTT HAVEN VILLAGE PREPARATORY HIGH SCHOOL 701 ST ANNS AVE BRONX,B2871,Mott Haven Village Preparatory High School 701 St Anns Avenue Bronx,0.99841565
A1775,LEADERS IN OUR NEIGHBORHOOD CHARTER SCHOOL 730 BRYANT AVE BRONX,B2437,Leaders In Our Neighborhood Charter School 730 Bryant Avenue Bronx,0.9984117
A612,BRONX THEATRE HIGH SCHOOL 99 TERRACE VIEW AVE BRONX,B548,Bronx Theatre High School 99 Terrace View Avenue Bronx,0.998402
A971,BUSHWICK LEADERS HIGH SCHOOL FOR ACADEMIC EXCELLENCE 797 BUSHWICK AVE BROOKLYN,B638,Bushwick Leaders High School For Academic Excellence 797 Bushwick Avenue Brooklyn,0.9983962
A669,PELHAM PREPARATORY ACADEMY 925 ASTOR AVE BRONX,B3986,Pelham Preparatory Academy 925 Astor Avenue Bronx,0.9983614
A481,PELHAM LAB HIGH SCHOOL 3000 E TREMONT AVE BRONX,B3983,Pelham Lab High School 3000 East Tremont Ave Bronx,0.9983322
A482,SCHUYLERVILLE PREPARATORY HIGH SCHOOL 3000 E TREMONT AVE BRONX,B4435,Schuylerville Preparatory High School 3000 East Tremont Ave Bronx,0.99832046
A913,BROOKLYN ARTS AND SCIENCE ELEMENTARY SCHOOL 443 ST MARKS AVE BROOKLYN,B561,Brooklyn Arts And Science Elementary School 443 St Marks Avenue Brooklyn,0.9983164
A1380,EAST NEW YORK ELEMENTARY SCHOOL OF EXCELLENCE 605 SHEPHERD AVE BROOKLYN,B1209,East New York Elementary School Of Excellence 605 Shepherd Avenue Brooklyn,0.99829435
A687,CORNERSTONE ACADEMY FOR SOCIAL ACTION MIDDLE SCHOOL (CASA) 3441 STEENWICK AVE BRONX,B988,Cornerstone Academy For Social Action Middle School (Casa) 3441 Steenwick Avenue Bronx,0.9982862
A776,BROOKLYN ACADEMY HIGH SCHOOL 832 MARCY AVE BROOKLYN,B558,Brooklyn Academy High School 832 Marcy Avenue Brooklyn,0.9982727
A679,ASTOR COLLEGIATE ACADEMY 925 ASTOR AVE BRONX,B190,Astor Collegiate Academy 925 Astor Avenue Bronx,0.9982679
A3870,PELHAM MEMORIAL HIGH SCHOOL 575 COLONIAL AVE PELHAM,B3984,Pelham Memorial High School 575 Colonial Avenue Pelham,0.9982419
A862,MADIBA PREP MIDDLE SCHOOL 1014 LAFAYETTE AVE BROOKLYN,B2612,Madiba Prep Middle School 1010 Lafayette Ave Brooklyn,0.99824154
A694,BRONXDALE HIGH SCHOOL 925 ASTOR AVE BRONX,B551,Bronxdale High School 925 Astor Avenue Bronx,0.9982411
A618,BRONX ENGINEERING AND TECHNOLOGY ACADEMY 99 TERRACE VIEW AVE BRONX,B523,Bronx Engineering And Technology Academy 99 Terrace View Avenue Bronx,0.9982139
A937,BROOKLYN THEATRE ARTS HIGH SCHOOL 6565 FLATLANDS AVE BROOKLYN,B604,Brooklyn Theatre Arts High School 6565 Flatlands Avenue Brooklyn,0.9981312
A1982,KIPP FREEDOM CHARTER SCHOOL 2246 JEROME AVE BRONX,B2363,Kipp Freedom Charter School 2246 Jerome Avenue Bronx,0.9981284
A3018,HENDRICK HUDSON HIGH SCHOOL 2166 ALBANY POST RD MONTROSE,B1856,Hendrick Hudson High School 2166 Albany Post Road Montrose,0.9981258
A4205,WOODLAWN ELEMENTARY SCHOOL 3311 WELLS AVE SCHENECTADY,B5407,Woodlawn Elementary School 3311 Wells Avenue Schenectady,0.9981205
A1903,ICAHN CHARTER SCHOOL 7 1535 STORY AVE BRONX,B2099,Icahn Charter School 7 1535 Story Avenue Bronx,0.99809843
A87,ICAHN CHARTER SCHOOL 1 1525 BROOK AVE BRONX,B2092,Icahn Charter School 1 1525 Brook Avenue Bronx,0.9980854
A2673,FREMONT ELEMENTARY SCHOOL 115 RICHMOND RD W EAST SYRACUSE,B1524,Fremont Elementary School 115 W Richmond Rd East Syracuse,0.99803686
A677,COLLEGIATE INSTITUTE FOR MATH AND SCIENCE 925 ASTOR AVE BRONX,B927,Collegiate Institute For Math And Science 925 Astor Avenue Bronx,0.998021
A1984,ELM COMMUNITY CHARTER SCHOOL 79-17 51ST AVE ELMHURST,B1328,Elm Community Charter School 79-17 51st Avenue Elmhurst,0.9980134
A775,BEDFORD ACADEMY HIGH SCHOOL 1119 BEDFORD AVE BROOKLYN,B317,Bedford Academy High School 1119 Bedford Avenue Brooklyn,0.998005
A1336,WILLIAMSBURG PREPARATORY SCHOOL 257 N 6TH ST BROOKLYN,B5365,Williamsburg Preparatory School 257 N 6th Street Brooklyn,0.9979967
A1846,BEDFORD STUYVESANT NEW BEGINNINGS CHARTER SCHOOL 82 LEWIS AVE BROOKLYN,B322,Bedford Stuyvesant New Beginnings Charter School 82 Lewis Avenue Brooklyn,0.9979949
A554,SOUTH BRONX INTERNATIONAL MIDDLE SCHOOL 1000 TELLER AVE BRONX,B4547,South Bronx International Middle School 1000 Teller Avenue Bronx,0.99797684
A3734,EAST NORTHPORT MIDDLE SCHOOL 1075 5TH AVE EAST NORTHPORT,B1212,East Northport Middle School 1157 5th Ave East Northport,0.99794054
A688,PELHAM ACADEMY OF ACADEMICS AND COMMUNITY ENGAGEMENT 2441 WALLACE AVE BRONX,B3980,Pelham Academy Of Academics And Community Engagement 2441 Wallace Avenue Bronx,0.9979252
A1383,BROOKLYN GARDENS ELEMENTARY SCHOOL 574 DUMONT AVE BROOKLYN,B576,Brooklyn Gardens Elementary School 574 Dumont Avenue Brooklyn,0.99791974
A3255,GEORGE WASHINGTON ELEMENTARY SCHOOL 3634 LEXINGTON AVE MOHEGAN LAKE,B1597,George Washington Elementary School 3634 Lexington Avenue Mohegan Lake,0.9978975
A2653,TIMBER POINT ELEMENTARY SCHOOL 200 TIMBER POINT RD EAST ISLIP,B4959,Timber Point Elementary School 200 Timberpoint Rd East Islip,0.99788463
A633,CROTONA INTERNATIONAL HIGH SCHOOL 2474 CROTONA AVE BRONX,B1024,Crotona International High School 2474 Crotona Avenue Bronx,0.9978785
A693,ONE WORLD MIDDLE SCHOOL AT EDENWALD 3750 BAYCHESTER AVE BRONX,B3120,One World Middle School At Edenwald 3750 Baychester Avenue Bronx,0.9978614
A3931,PLEASANTVILLE HIGH SCHOOL 60 ROMER AVE PLEASANTVILLE,B4048,Pleasantville High School 60 Romer Avenue Pleasantville,0.9978568
A1722,LIFE ACADEMY HIGH SCHOOL FOR FILM AND MUSIC 2630 BENSON AVE BROOKLYN,B2475,Life Academy High School For Film And Music 2630 Benson Avenue Brooklyn,0.99785495
A692,BAYCHESTER MIDDLE SCHOOL 3750 BAYCHESTER AVE BRONX,B295,Baychester Middle School 3750 Baychester Avenue Bronx,0.9978353
A531,EAGLE ACADEMY FOR YOUNG MEN 4143 3RD AVE BRONX,B1159,Eagle Academy For Young Men 4143 Third Avenue Bronx,0.9978291
A896,INTERNATIONAL HIGH SCHOOL AT PROSPECT HEIGHTS 883 CLASSON AVE BROOKLYN,B2128,International High School At Prospect Heights 883 Classon Avenue Brooklyn,0.9978229
A4196,HOWE ELEMENTARY SCHOOL 1065 BAKER AVE SCHENECTADY,B2006,Howe Elementary School 1065 Baker Avenue Schenectady,0.9978142
A1373,FREDERICK DOUGLASS ACADEMY VIII MIDDLE SCHOOL 1400 PENNSYLVANIA AVE BROOKLYN,B1517,Frederick Douglass Academy Viii Middle School 1400 Pennsylvania Avenue Brooklyn,0.9978064
A2599,DEPEW MIDDLE SCHOOL 5201 S TRANSIT RD DEPEW,B1081,Depew Middle School 5201 Transit Rd Depew,0.99778783
A785,BROOKLYN HIGH SCHOOL FOR LEADERSHIP AND COMMUNITY SERVICE 300 WILLOUGHBY AVE BROOKLYN,B579,Brooklyn High School For Leadership And Community Service 300 Willoughby Avenue Brooklyn,0.99778485
A537,BRONX CENTER FOR SCIENCE AND MATHEMATICS 1363 FULTON AVE BRONX,B500,Bronx Center For Science And Mathematics 1363 Fulton Avenue Bronx,0.99776375
A1719,RACHEL CARSON HIGH SCHOOL FOR COASTAL STUDIES 521 WEST AVE BROOKLYN,B4156,Rachel Carson High School For Coastal Studies 521 West Avenue Brooklyn,0.99776065
A947,BROOKLYN SCIENCE AND ENGINEERING ACADEMY 5404 TILDEN AVE BROOKLYN,B600,Brooklyn Science And Engineering Academy 5404 Tilden Avenue Brooklyn,0.9977544
A1882,MOTT HALL CHARTER SCHOOL 1260 FRANKLIN AVE BRONX,B2861,Mott Hall Charter School 1260 Franklin Avenue Bronx,0.99775183
A1378,EAST NEW YORK MIDDLE SCHOOL OF EXCELLENCE 605 SHEPHERD AVE BROOKLYN,B1211,East New York Middle School Of Excellence 605 Shepherd Avenue Brooklyn,0.9977498
A1806,BRONX COMMUNITY CHARTER SCHOOL 3170 WEBSTER AVE BRONX,B512,Bronx Community Charter School 3170 Webster Avenue Bronx,0.9977354
A93,RIVERHEAD CHARTER SCHOOL 3685 MIDDLE COUNTRY RD CALVERTON,B4236,Riverhead Charter School 3685 Middle Country Road Calverton,0.99773145
A1992,URBAN DOVE TEAM CHARTER SCHOOL II 671 PROSPECT AVE BRONX,B5065,Urban Dove Team Charter School Ii 671 Prospect Avenue Bronx,0.997728
A695,BRONX PARK MIDDLE SCHOOL 2441 WALLACE AVE BRONX,B541,Bronx Park Middle School 2441 Wallace Avenue Bronx,0.9977038
A4798,YORKTOWN HIGH SCHOOL 2727 CROMPOND RD YORKTOWN HEIGHTS,B5457,Yorktown High School 2727 Crompond Road Yorktown Heights,0.9976798
A867,MEDGAR EVERS COLLEGE PREPARATORY SCHOOL 1186 CARROLL ST BROOKLYN,B2749,Medgar Evers College Preparatory School 1186 Carroll Street Brooklyn,0.997672
A1938,SOUTH BRONX EARLY COLLEGE ACADEMY CHARTER SCHOOL 801 E 156TH ST BRONX,B4546,South Bronx Early College Academy Charter School 801 East 156th Street Bronx,0.9976668
A2598,DEPEW HIGH SCHOOL 5201 S TRANSIT RD DEPEW,B1080,Depew High School 5201 Transit Rd Depew,0.9976461
A425,JILL CHAIFETZ TRANSFER HIGH SCHOOL 778 FOREST AVE BRONX,B2261,Jill Chaifetz Transfer High School 778 Forest Avenue Bronx,0.9976271
A2490,HARRIS HILL ELEMENTARY SCHOOL 4260 S HARRIS HILL RD WILLIAMSVILLE,B1803,Harris Hill Elementary School 4260 Harris Hill Rd Williamsville,0.9975765
A625,KINGSBRIDGE INTERNATIONAL HIGH SCHOOL 2780 RESERVOIR AVE BRONX,B2351,Kingsbridge International High School 2780 Reservoir Avenue Bronx,0.9975744
A4653,CORNWELL AVENUE SCHOOL 250 CORNWELL AVE WEST HEMPSTEAD,B996,Cornwell Avenue School 250 Cornwell Avenue West Hempstead,0.99757123
A740,BRONX CAREER AND COLLEGE PREPARATORY HIGH SCHOOL 800 HOME ST BRONX,B499,Bronx Career And College Preparatory High School 800 Home Street Bronx,0.99756336
A1266,PORT RICHMOND HIGH SCHOOL 85 ST JOSEPHS AVE STATEN ISLAND,B4063,Port Richmond High School 85 Saint Josephs Ave Staten Island,0.99754834
A673,BRONX HEALTH SCIENCES HIGH SCHOOL 750 BAYCHESTER AVE BRONX,B529,Bronx Health Sciences High School 750 Baychester Avenue Bronx,0.9975424
A932,KURT HAHN EXPEDITIONARY LEARNING SCHOOL 5800 TILDEN AVE BROOKLYN,B2382,Kurt Hahn Expeditionary Learning School 5800 Tilden Avenue Brooklyn,0.9975349
A1298,GRAND CONCOURSE ACADEMY CHARTER SCHOOL 625 BOLTON AVE BRONX,B1672,Grand Concourse Academy Charter School 625 Bolton Avenue Bronx,0.9975321
A545,SHERIDAN ACADEMY FOR YOUNG LEADERS 1116 SHERIDAN AVE BRONX,B4491,Sheridan Academy For Young Leaders 1116 Sheridan Avenue Bronx,0.99752605
A830,WEST BROOKLYN COMMUNITY HIGH SCHOOL 1053 41ST ST BROOKLYN,B5256,West Brooklyn Community High School 1053 41st Street Brooklyn,0.9974923
A4202,PAIGE ELEMENTARY SCHOOL 104 ELLIOTT AVE SCHENECTADY,B3912,Paige Elementary School 104 Elliott Avenue Schenectady,0.9974899
A641,HARRY S TRUMAN HIGH SCHOOL 750 BAYCHESTER AVE BRONX,B1814,Harry S Truman High School 750 Baychester Avenue Bronx,0.99748135
A1640,FORT HAMILTON HIGH SCHOOL 8301 SHORE RD BROOKLYN,B1473,Fort Hamilton High School 8301 Shore Road Brooklyn,0.9974621
A1789,ROCHESTER ACADEMY CHARTER SCHOOL 841 GENESEE ST ROCHESTER,B4264,Rochester Academy Charter School 841 Genesee Street Rochester,0.9974563
A689,BAYCHESTER ACADEMY 3500 EDSON AVE BRONX,B294,Baychester Academy 3500 Edson Avenue Bronx,0.9974437
A3605,MYLES ELEMENTARY SCHOOL 100 CLINTON RD NEW HARTFORD,B2905,Myles Elementary School 110 Clinton Rd New Hartford,0.99740404
A3181,CANTIAGUE ELEMENTARY SCHOOL 678 CANTIAGUE ROCK RD JERICHO,B691,Cantiague Elementary School 698 Cantiague Rock Rd Jericho,0.9973912
A1879,URBAN DOVE TEAM CHARTER SCHOOL III 31-20 37TH ST ASTORIA,B5067,Urban Dove Team Iii Charter School 31-20 37th St Astoria,0.99736106
A684,BRONX GREEN MIDDLE SCHOOL 2441 WALLACE AVE BRONX,B526,Bronx Green Middle School 2441 Wallace Avenue Bronx,0.99735856
A483,BRONX RIVER HIGH SCHOOL 3000 E TREMONT AVE BRONX,B544,Bronx River High School 3000 East Tremont Ave Bronx,0.99733275
A546,MOUNT EDEN CHILDREN'S ACADEMY 1501 JEROME AVE BRONX,B2873,Mount Eden Children'S Academy 1501 Jerome Avenue Bronx,0.9973228
A614,DISCOVERY HIGH SCHOOL 2780 RESERVOIR AVE BRONX,B1097,Discovery High School 2780 Reservoir Avenue Bronx,0.9973044
A1718,INTERNATIONAL HIGH SCHOOL AT LAFAYETTE 2630 BENSON AVE BROOKLYN,B2126,International High School At Lafayette 2630 Benson Avenue Brooklyn,0.99730146
A1282,NAPLES STREET ELEMENTARY SCHOOL 1055 TARGEE ST STATEN ISLAND,B2914,Naples Street Elementary School 1055 Targee Street Staten Island,0.99729407
A1840,HEALTH SCIENCES CHARTER SCHOOL 1140 ELLICOTT ST BUFFALO,B1832,Health Sciences Charter School 1140 Ellicott Street Buffalo,0.99727917
A1371,WORLD ACADEMY FOR TOTAL COMMUNITY HEALTH HIGH SCHOOL 400 PENNSYLVANIA AVE BROOKLYN,B5416,World Academy For Total Community Health High School 400 Pennsylvania Avenue Brooklyn,0.9972774
A900,BROWNSVILLE ACADEMY HIGH SCHOOL 1150 E NEW YORK AVE BROOKLYN,B613,Brownsville Academy High School 1150 East New York Avenue Brooklyn,0.9972594
A477,BRONX ARENA HIGH SCHOOL 1440 STORY AVE BRONX,B496,Bronx Arena High School 1440 Story Avenue Bronx,0.9972451
A1862,ICAHN CHARTER SCHOOL 5 1500 PELHAM PKWY S BRONX,B2095,Icahn Charter School 3 1500 Pelham Pkwy S Bronx,0.9972422
A474,SOUNDVIEW ACADEMY FOR CULTURE AND SCHOLARSHIP 885 BOLTON AVE BRONX,B4536,Soundview Academy For Culture And Scholarship 885 Bolton Avenue Bronx,0.99722534
A4195,HAMILTON ELEMENTARY SCHOOL 1091 WEBSTER ST SCHENECTADY,B1763,Hamilton Elementary School 1091 Webster Street Schenectady,0.9972179
A1788,PAVE ACADEMY CHARTER SCHOOL 732 HENRY ST BROOKLYN,B3963,Pave Academy Charter School 732 Henry Street Brooklyn,0.9972035
A424,ACADEMY OF APPLIED MATHEMATICS AND TECHNOLOGY 345 BROOK AVE BRONX,B51,Academy Of Applied Mathematics And Technology 345 Brook Avenue Bronx,0.99719924
A935,BROOKLYN BRIDGE ACADEMY 6565 FLATLANDS AVE BROOKLYN,B565,Brooklyn Bridge Academy 6565 Flatlands Avenue Brooklyn,0.99719703
A1413,BROOKLYN DEMOCRACY ACADEMY 985 ROCKAWAY AVE BROOKLYN,B571,Brooklyn Democracy Academy 985 Rockaway Avenue Brooklyn,0.9971962
A1341,BROOKLYN ARBOR ELEMENTARY SCHOOL 325 S 3RD ST BROOKLYN,B560,Brooklyn Arbor Elementary School 325 South 3rd St Brooklyn,0.99719477
A626,INTERNATIONAL SCHOOL FOR LIBERAL ARTS 2780 RESERVOIR AVE BRONX,B2132,International School For Liberal Arts 2780 Reservoir Avenue Bronx,0.9971943
A3265,HILLVIEW ELEMENTARY SCHOOL 11 PLEASANTVIEW DR LANCASTER,B1947,Hillview Elementary School 11 Pleasant View Dr Lancaster,0.9971717
A1333,CONSELYEA PREPARATORY SCHOOL 208 N 5TH ST BROOKLYN,B971,Conselyea Preparatory School 208 N 5 St Brooklyn,0.9971437
A4188,HEATHCOTE SCHOOL 26 PALMER AVE SCARSDALE,B1833,Heathcote School 26 Palmer Avenue Scarsdale,0.9971396
A738,URBAN SCHOLARS COMMUNITY SCHOOL 1180 TINTON AVE BRONX,B5070,Urban Scholars Community School 1180 Tinton Avenue Bronx,0.9971329
A3121,INDIAN RIVER INTERMEDIATE SCHOOL 32430 US RT 11 PHILADELPHIA,B2114,Indian River Intermediate School 32430 Us Route 11 Philadelphia,0.99713194
A2608,SPRINGHURST ELEMENTARY SCHOOL 175 WALGROVE AVE DOBBS FERRY,B4607,Springhurst Elementary School 175 Walgrove Avenue Dobbs Ferry,0.99711686
A968,ALL CITY LEADERSHIP SECONDARY SCHOOL 321 PALMETTO ST BROOKLYN,B128,All City Leadership Secondary School 321 Palmetto Street Brooklyn,0.9971122
A4201,MONT PLEASANT MIDDLE SCHOOL 1121 FOREST RD SCHENECTADY,B2830,Mont Pleasant Middle School 1121 Forest Road Schenectady,0.99708027
A3974,PUTNAM VALLEY ELEMENTARY SCHOOL 171 OSCAWANA LAKE RD PUTNAM VALLEY,B4128,Putnam Valley Elementary School 171 Oscawana Lake Road Putnam Valley,0.9970645
A1868,CENTRAL QUEENS ACADEMY CHARTER SCHOOL 88-14 JUSTICE AVE ELMHURST,B790,Central Queens Academy Charter School 88-14 Justice Avenue Elmhurst,0.997053
A3932,PLEASANTVILLE MIDDLE SCHOOL 40 ROMER AVE PLEASANTVILLE,B4049,Pleasantville Middle School 40 Romer Avenue Pleasantville,0.99704295
A3933,POCANTICO HILLS CENTRAL SCHOOL 599 BEDFORD RD SLEEPY HOLLOW,B4050,Pocantico Hills Central School 599 Bedford Road Sleepy Hollow,0.99703956
A1766,CHARTER SCHOOL OF EDUCATIONAL EXCELLENCE 260 WARBURTON AVE YONKERS,B824,Charter School Of Educational Excellence 260 Warburton Avenue Yonkers,0.9970343
A941,CULTURAL ACADEMY FOR THE ARTS AND SCIENCES 5800 TILDEN AVE BROOKLYN,B1032,Cultural Academy For The Arts And Sciences 5800 Tilden Avenue Brooklyn,0.9970094
A4745,MILTON L OLIVE MIDDLE SCHOOL 140 GARDEN CITY AVE WYANDANCH,B2806,Milton L Olive Middle School 140 Garden City Avenue Wyandanch,0.9970051
A475,MOTT HALL COMMUNITY SCHOOL 650 HOLLYWOOD AVE BRONX,B2862,Mott Hall Community School 650 Hollywood Avenue Bronx,0.99699897
A696,PELHAM GARDENS MIDDLE SCHOOL 2545 GUNTHER AVE BRONX,B3982,Pelham Gardens Middle School 2545 Gunther Avenue Bronx,0.99699837
A462,BRONX STUDIO SCHOOL FOR WRITERS AND ARTISTS 928 SIMPSON ST BRONX,B547,Bronx Studio School For Writers And Artists 928 Simpson Street Bronx,0.9969921
A1370,PERFORMING ARTS AND TECHNOLOGY HIGH SCHOOL 400 PENNSYLVANIA AVE BROOKLYN,B3997,Performing Arts And Technology High School 400 Pennsylvania Avenue Brooklyn,0.99697036
A4206,YATES ELEMENTARY SCHOOL 725 SALINA ST SCHENECTADY,B5421,Yates Elementary School 725 Salina Street Schenectady,0.99695665
A936,IT TAKES A VILLAGE ACADEMY 5800 TILDEN AVE BROOKLYN,B2160,It Takes A Village Academy 5800 Tilden Avenue Brooklyn,0.99692035
A1388,HIGHLAND PARK COMMUNITY SCHOOL 528 RIDGEWOOD AVE BROOKLYN,B1932,Highland Park Community School 528 Ridgewood Avenue Brooklyn,0.99688673
A898,HIGH SCHOOL FOR YOUTH AND COMMUNITY DEVELOPMENT AT ERASMUS 911 FLATBUSH AVE BROOKLYN,B1914,High School For Youth And Community Development At Erasmus 911 Flatbush Avenue Brooklyn,0.9968836
A628,AMPARK NEIGHBORHOOD 3961 HILLMAN AVE BRONX,B146,Ampark Neighborhood 3961 Hillman Avenue Bronx,0.99684787
A2270,TODD ELEMENTARY SCHOOL 45 INGHAM RD BRIARCLIFF MANOR,B4966,Todd Elementary School 45 Ingham Road Briarcliff Manor,0.9968047
A1414,METROPOLITAN DIPLOMA PLUS HIGH SCHOOL 985 ROCKAWAY AVE BROOKLYN,B2761,Metropolitan Diploma Plus High School 985 Rockaway Avenue Brooklyn,0.99676466
A3017,FURNACE WOODS ELEMENTARY SCHOOL 239 WATCH HILL RD CORTLANDT MANOR,B1546,Furnace Woods Elementary School 239 Watch Hill Road Cortlandt Manor,0.99674964
A870,CLARA BARTON HIGH SCHOOL 901 CLASSON AVE BROOKLYN,B882,Clara Barton High School 901 Classon Avenue Brooklyn,0.9967427
A2952,ARMOR ELEMENTARY SCHOOL 5301 ABBOTT RD HAMBURG,B180,Armor Elementary School 5301 Abbott Road Hamburg,0.99673927
A639,BEDFORD PARK ELEMENTARY SCHOOL 3177 WEBSTER AVE BRONX,B319,Bedford Park Elementary School 3177 Webster Avenue Bronx,0.9967345
A72,CHARTER SCHOOL FOR APPLIED TECHNOLOGIES 2303 KENMORE AVE BUFFALO,B823,Charter School For Applied Technologies 2303 Kenmore Avenue Buffalo,0.99672925
A724,SCHOOL OF PERFORMING ARTS 977 FOX ST BRONX,B4423,School Of Performing Arts 977 Fox Street Bronx,0.9967128
A1762,PROFESSIONAL PATHWAYS HIGH SCHOOL 3000 AVE X BROOKLYN,B4092,Professional Pathways High School 3000 Avenue X Brooklyn,0.9967119
A1823,ACADEMIC LEADERSHIP CHARTER SCHOOL 677 E 141ST ST BRONX,B37,Academic Leadership Charter School 677 East 141st Street Bronx,0.996706
A4108,ROXBURY CENTRAL SCHOOL 53729 NYS RT 30 ROXBURY,B4314,Roxbury Central School 53729 Nys Route 30 Roxbury,0.9967055
A859,BRIGHTER CHOICE COMMUNITY SCHOOL 280 HART ST BROOKLYN,B472,Brighter Choice Community School 280 Hart Street Brooklyn,0.9966688
A905,ACADEMY OF HOSPITALITY AND TOURISM 911 FLATBUSH AVE BROOKLYN,B55,Academy Of Hospitality And Tourism 911 Flatbush Avenue Brooklyn,0.99664545
A4698,GEORGE WASHINGTON SCHOOL 100 ORCHARD ST WHITE PLAINS,B1599,George Washington School 100 Orchard Street White Plains,0.9966079
A1900,UNITED CHARTER HIGH SCHOOL FOR ADVANCED MATH AND SCIENCE III 3000 AVE X BROOKLYN,B5027,United Charter High School For Advanced Math & Science Iii 3000 Avenue X Brooklyn,0.99657345
A3976,PUTNAM VALLEY HIGH SCHOOL 146 PEEKSKILL HOLLOW RD PUTNAM VALLEY,B4129,Putnam Valley High School 146 Peekskill Hollow Road Putnam Valley,0.9965633
A3817,SOUTH SENECA ELEMENTARY SCHOOL 8326 MAIN ST INTERLAKEN,B4568,South Seneca Elementary School 8326 Main Street Interlaken,0.99655306
A1318,JOHN ERICSSON MIDDLE SCHOOL 126 424 LEONARD ST BROOKLYN,B2271,John Ericsson Middle School 126 424 Leonard Street Brooklyn,0.9965466
A1387,SCHOOL OF THE FUTURE BROOKLYN 574 DUMONT AVE BROOKLYN,B4428,School Of The Future Brooklyn 574 Dumont Avenue Brooklyn,0.9965413
A3585,HIGHVIEW ELEMENTARY SCHOOL 24 HIGHVIEW AVE NANUET,B1934,Highview Elementary School 24 Highview Avenue Nanuet,0.99653816
A611,HIGH SCHOOL OF AMERICAN STUDIES AT LEHMAN COLLEGE 2925 GOULDEN AVE BRONX,B1917,High School Of American Studies At Lehman College 2925 Goulden Avenue Bronx,0.9964849
A2965,HAMPTON BAYS MIDDLE SCHOOL 70 PONQUOGUE AVE HAMPTON BAYS,B1771,Hampton Bays Middle School 70 Ponquogue Avenue Hampton Bays,0.9964832
A938,VICTORY COLLEGIATE HIGH SCHOOL 6565 FLATLANDS AVE BROOKLYN,B5130,Victory Collegiate High School 6565 Flatlands Avenue Brooklyn,0.996482
A1785,HENRY JOHNSON CHARTER SCHOOL 30 WATERVLIET AVE ALBANY,B1862,Henry Johnson Charter School 30 Watervliet Avenue Albany,0.99647516
A2989,HILLSIDE ELEMENTARY SCHOOL 120 LEFURGY AVE HASTINGS ON HUDSON,B1944,Hillside Elementary School 120 Lefurgy Avenue Hastings On Hudson,0.9964566
A1332,BROOKLYN PREPARATORY HIGH SCHOOL 257 N 6TH ST BROOKLYN,B590,Brooklyn Preparatory High School 257 N 6 St Brooklyn,0.99645525
A1883,UNITED CHARTER HIGH SCHOOL FOR ADVANCED MATH AND SCIENCE II 900 TINTON AVE BRONX,B5026,United Charter High School For Advanced Math & Science Ii 900 Tinton Avenue Bronx,0.9964516
A422,ACADEMY OF PUBLIC RELATIONS 778 FOREST AVE BRONX,B59,Academy Of Public Relations 778 Forest Avenue Bronx,0.9964498
A1292,WESTERN NEW YORK MARITIME CHARTER SCHOOL 2219 S PARK AVE BUFFALO,B5294,Western New York Maritime Charter School 2219 South Park Ave Buffalo,0.99638164
A3693,PARK AVENUE SCHOOL 1599 PARK AVE NORTH MERRICK,B3933,Park Avenue School 1599 Park Avenue North Merrick,0.9963216
A1774,NIAGARA CHARTER SCHOOL 2077 LOCKPORT RD NIAGARA FALLS,B2997,Niagara Charter School 2077 Lockport Road Niagara Falls,0.9963095
A894,BROOKLYN ACADEMY OF SCIENCE AND THE ENVIRONMENT 883 CLASSON AVE BROOKLYN,B559,Brooklyn Academy Of Science And The Environment 883 Classon Avenue Brooklyn,0.9962851
A3858,PEARL RIVER MIDDLE SCHOOL 520 GILBERT AVE PEARL RIVER,B3976,Pearl River Middle School 520 Gilbert Avenue Pearl River,0.9962784
A833,RED HOOK NEIGHBORHOOD SCHOOL 27 HUNTINGTON ST BROOKLYN,B4184,Red Hook Neighborhood School 27 Huntington Street Brooklyn,0.9962741
A427,BRONX HAVEN HIGH SCHOOL 333 E 151ST ST BRONX,B528,Bronx Haven High School 333 E. 151st  Street Bronx,0.9962727
A4187,GREENACRES SCHOOL 41 HUNTINGTON AVE SCARSDALE,B1702,Greenacres School 41 Huntington Avenue Scarsdale,0.99626434
A1415,EAGLE ACADEMY FOR YOUNG MEN II 1137 HERKIMER ST BROOKLYN,B1160,Eagle Academy For Young Men Ii 1137 Herkimer Street Brooklyn,0.99625564
A1410,FREDERICK DOUGLASS ACADEMY VII HIGH SCHOOL 226 BRISTOL ST BROOKLYN,B1516,Frederick Douglass Academy Vii High School 226 Bristol Street Brooklyn,0.9962432
A2978,HARRISON HIGH SCHOOL 255 UNION AVE HARRISON,B1807,Harrison High School 255 Union Avenue Harrison,0.9962425
A3975,PUTNAM VALLEY MIDDLE SCHOOL 142 PEEKSKILL HOLLOW RD PUTNAM VALLEY,B4130,Putnam Valley Middle School 142 Peekskill Hollow Road Putnam Valley,0.99622416
A1821,SUMMIT ACADEMY CHARTER SCHOOL 27 HUNTINGTON ST BROOKLYN,B4772,Summit Academy Charter School 27 Huntington Street Brooklyn,0.9962189
A864,NELSON MANDELA HIGH SCHOOL 1700 FULTON ST BROOKLYN,B2937,Nelson Mandela High School 1700 Fulton Street Brooklyn,0.9961967
A80,TAPESTRY CHARTER SCHOOL 65 GREAT ARROW AVE BUFFALO,B4809,Tapestry Charter School 65 Great Arrow Avenue Buffalo,0.996191
A423,INTERNATIONAL COMMUNITY HIGH SCHOOL 345 BROOK AVE BRONX,B2125,International Community High School 345 Brook Avenue Bronx,0.99617124
A3258,THOMAS JEFFERSON ELEMENTARY SCHOOL 3636 GOMER ST YORKTOWN HEIGHTS,B4949,Thomas Jefferson Elementary School 3636 Gomer Street Yorktown Heights,0.99611104
A4290,SAINT JAMES ELEMENTARY SCHOOL 580 LAKE AVE SAINT JAMES,B4650,St James Elementary School 580 Lake Ave Saint James,0.9961092
A1416,MOTT HALL BRIDGES ACADEMY 210 CHESTER ST BROOKLYN,B2859,Mott Hall Bridges Academy 210 Chester Street Brooklyn,0.9961063
A2716,PARLEY COBURN SCHOOL 216 MT ZOAR ST ELMIRA,B3947,Parley Coburn School 216 Mount Zoar St Elmira,0.99605095
A476,BRONX BRIDGES HIGH SCHOOL 1980 LAFAYETTE AVE BRONX,B498,Bronx Bridges High School 1980 Lafayette Avenue Bronx,0.9960462
A2196,BEAVER RIVER MIDDLE SCHOOL 9508 ARTZ RD BEAVER FALLS,B308,Beaver River Middle School 9508 Artz Road Beaver Falls,0.9960226
A3090,HUDSON FALLS INTERMEDIATE SCHOOL 139 MAPLE ST HUDSON FALLS,B2010,Hudson Falls Intermediate School 135 Maple St Hudson Falls,0.9960129
A2909,EARLY CHILDHOOD PROGRAM 475 W HARTSDALE AVE HARTSDALE,B1171,Early Childhood Program 475 West Hartsdale Avenue Hartsdale,0.99598485
A97,GLOBAL CONCEPTS CHARTER SCHOOL 1001 RIDGE RD LACKAWANNA,B1631,Global Concepts Charter School 1001 Ridge Road Lackawanna,0.9959824
A3396,CENTRAL SCHOOL 1100 PALMER AVE LARCHMONT,B792,Central School 1100 Palmer Avenue Larchmont,0.99597
A1424,ROBERT F KENNEDY COMMUNITY HIGH SCHOOL 75-40 PARSONS BLVD FLUSHING,B4250,Robert F. Kennedy Community High School 75-40  Parsons Blvd Flushing,0.9959506
A1782,ICAHN CHARTER SCHOOL 2 1640 BRONXDALE AVE BRONX,B2094,Icahn Charter School 2 1640 Bronx Dale Ave Bronx,0.9959482
A479,WESTCHESTER SQUARE ACADEMY 3000 E TREMONT AVE BRONX,B5293,Westchester Square Academy 3000 East Tremont Avenue Bronx,0.9959381
A707,HIGH SCHOOL OF WORLD CULTURES 1300 BOYNTON AVE BRONX,B1925,High School Of World Cultures 1300 Boynton Avenue Bronx,0.9959369
A904,RONALD EDMONDS LEARNING CENTER II 430 HOWARD AVE BROOKLYN,B4292,Ronald Edmonds Learning Center Ii 430 Howard Avenue Brooklyn,0.99591565
A2027,BRILLA CARITAS CHARTER SCHOOL 2336 ANDREWS AVE BRONX,B475,Brilla Caritas Charter School 2336 Andrews Avenue N Bronx,0.9958801
A972,BUSHWICK COMMUNITY HIGH SCHOOL 231 PALMETTO ST BROOKLYN,B637,Bushwick Community High School 231 Palmetto Street Brooklyn,0.9958239
A4419,VILLAGE ELEMENTARY SCHOOL 90 CONVENT RD SYOSSET,B5136,Village Elementary School 90 Convent Road Syosset,0.9958226
A2032,PRIMARY HALL PREPARATORY CHARTER SCHOOL 2408 MAIN ST BUFFALO,B4086,Primary Hall Preparatory Charter School 2408 Main Street Buffalo,0.9958147
A4468,TRI-VALLEY SECONDARY SCHOOL 34 MOORE HILL RD GRAHAMSVILLE,B4990,Tri-Valley Secondary School 34 Moore Hill Road Grahamsville,0.99581367
A829,SUNSET PARK PREP 4004 4TH AVE BROOKLYN,B4780,Sunset Park Prep 4004 4th Avenue Brooklyn,0.9958002
A3882,PERRY ELEMENTARY SCHOOL 50 OLIN AVE PERRY,B4000,Perry Elementary School 50 Olin Avenue Perry,0.9957865
A2265,BREWSTER HIGH SCHOOL 50 FOGGINTOWN RD BREWSTER,B461,Brewster High School 50 Foggintown Road Brewster,0.99578595
A3387,DAVIS ELEMENTARY SCHOOL 183 WEBSTER ST MALONE,B1051,Davis Elementary School 179 Webster St Malone,0.99577546
A3552,MOUNT KISCO ELEMENTARY SCHOOL 47 W HYATT AVE MOUNT KISCO,B2890,Mt Kisco Elementary School 47 W Hyatt Ave Mount Kisco,0.9957751
A1386,LIBERTY AVENUE MIDDLE SCHOOL 350 LINWOOD ST BROOKLYN,B2468,Liberty Avenue Middle School 350 Linwood Street Brooklyn,0.99573314
A733,FANNIE LOU HAMER MIDDLE SCHOOL 1001 JENNINGS ST BRONX,B1408,Fannie Lou Hamer Middle School 1001 Jennings Street Bronx,0.99572575
A697,LINDEN TREE ELEMENTARY SCHOOL 1560 PURDY ST BRONX,B2508,Linden Tree Elementary School 1560 Purdy Street Bronx,0.9956979
A1898,HARRY M FISHER ELEMENTARY SCHOOL 10 FISHER AVE MOHAWK,B1813,Harry M Fisher Elementary School 10 Fisher Avenue Mohawk,0.9956906
A3524,MONROE-WOODBURY HIGH SCHOOL 155 DUNDERBERG RD CENTRAL VALLEY,B2829,Monroe-Woodbury Sr High School 155 Dunderberg Rd Central Valley,0.99567324
A4332,SOUTH ORANGETOWN MIDDLE SCHOOL 160 VAN WYCK RD BLAUVELT,B4566,South Orangetown Middle School 160 Van Wyck Road Blauvelt,0.99559337
A3349,BAYVILLE INTERMEDIATE SCHOOL 50 MOUNTAIN AVE BAYVILLE,B301,Bayville Intermediate School 50 Mountain Avenue Bayville,0.99557453
A3401,MURRAY AVENUE SCHOOL 250 MURRAY AVE LARCHMONT,B2896,Murray Avenue School 250 Murray Avenue Larchmont,0.9955745
A2132,HERMAN AVENUE ELEMENTARY SCHOOL 2 N HERMAN AVE AUBURN,B1876,Herman Ave Elementary School 2 N Herman Ave Auburn,0.9955483
A468,URBAN INSTITUTE OF MATHEMATICS 650 HOLLYWOOD AVE BRONX,B5069,Urban Institute Of Mathematics 650 Hollywood Avenue Bronx,0.99554485
A1369,HIGH SCHOOL FOR CIVIL RIGHTS 400 PENNSYLVANIA AVE BROOKLYN,B1892,High School For Civil Rights 400 Pennsylvania Avenue Brooklyn,0.9955402
A705,FANNIE LOU HAMER FREEDOM HIGH SCHOOL 1021 JENNINGS ST BRONX,B1407,Fannie Lou Hamer Freedom High School 1021 Jennings Street Bronx,0.9955374
A2683,EASTCHESTER MIDDLE SCHOOL 550 WHITE PLAINS RD EASTCHESTER,B1227,Eastchester Middle School 550 White Plains Road Eastchester,0.9955169
A395,HOSTOS-LINCOLN ACADEMY OF SCIENCE 600 ST ANNS AVE BRONX,B2000,Hostos-Lincoln Academy Of Science 600 St Ann'S Ave Bronx,0.99551576
A4182,SAYVILLE HIGH SCHOOL 20 BROOK ST WEST SAYVILLE,B4388,Sayville High School 20 Brook Street West Sayville,0.9955114
A1419,BROWNSVILLE COLLABORATIVE MIDDLE SCHOOL 85 WATKINS ST BROOKLYN,B615,Brownsville Collaborative Middle School 85 Watkins Street Brooklyn,0.99548864
A4190,SCARSDALE MIDDLE SCHOOL 134 MAMARONECK RD SCARSDALE,B4391,Scarsdale Middle School 134 Mamaroneck Road Scarsdale,0.9954606
A2143,GREENLAWN ELEMENTARY SCHOOL 43 GREENLAWN AVE BAINBRIDGE,B1711,Greenlawn Elementary School 43 Greenlawn Avenue Bainbridge,0.99546033
A2126,ATTICA JUNIOR HIGH SCHOOL 3338 E MAIN ST ATTICA,B200,Attica Junior High School 3338 E Main Street Rd Attica,0.99545646
A23,MORRISONVILLE ELEMENTARY SCHOOL 47 SAND RD MORRISONVILLE,B2846,Morrisonville Elementary School 47 Sand Road Morrisonville,0.9954518
A3256,LAKELAND HIGH SCHOOL 1349 E MAIN ST SHRUB OAK,B2406,Lakeland High School 1349 East Main Street Shrub Oak,0.9954401
A843,BOYS AND GIRLS HIGH SCHOOL 1700 FULTON ST BROOKLYN,B451,Boys & Girls High School 1700 Fulton St Brooklyn,0.9954123
A1376,BROOKLYN LAB SCHOOL 999 JAMAICA AVE BROOKLYN,B584,Brooklyn Lab School 999 Jamaica Avenue Brooklyn,0.9953879
A4204,VAN CORLAER ELEMENTARY SCHOOL 2310 GUILDERLAND AVE SCHENECTADY,B5105,Van Corlaer Elementary School 2300 Guilderland Ave Schenectady,0.9953562
A911,BROOKLYN INSTITUTE FOR LIBERAL ARTS 600 KINGSTON AVE BROOKLYN,B581,Brooklyn Institute For Liberal Arts 600 Kingston Avenue Brooklyn,0.99533606
A2443,SEVEN BRIDGES MIDDLE SCHOOL 222 SEVEN BRIDGES RD CHAPPAQUA,B4469,Seven Bridges Middle School 222 Seven Bridges Road Chappaqua,0.9953024
A3674,TUSCARORA ELEMENTARY SCHOOL 2015 MT HOPE RD LEWISTON,B5004,Tuscarora Elementary School 2015 Mount Hope Rd Lewiston,0.99528813
A2729,JAMES H BOYD ELEMENTARY SCHOOL 286 CUBA HILL RD HUNTINGTON,B2226,James Boyd Elementary School 286 Cuba Hill Rd Huntington,0.9952849
A863,RESEARCH AND SERVICE HIGH SCHOOL 1700 FULTON ST BROOKLYN,B4203,Research And Service High School 1700 Fulton Street Brooklyn,0.99526715
A2460,CHENANGO FORKS ELEMENTARY SCHOOL 6 PATCH RD BINGHAMTON,B841,Chenango Forks Elementary School 6 Patch Road Binghamton,0.99526423
A2735,JENNIE F SNAPP MIDDLE SCHOOL 101 LODER AVE ENDICOTT,B2256,Jennie F Snapp Middle School 101 S Loder Ave Endicott,0.9952393
A3928,STAFFORD MIDDLE SCHOOL 15 BROAD ST PLATTSBURGH,B4729,Stafford Middle School 17 Broad St Plattsburgh,0.99523747
A1418,RIVERDALE AVENUE COMMUNITY SCHOOL 76 RIVERDALE AVE BROOKLYN,B4232,Riverdale Avenue Community School 76 Riverdale Avenue Brooklyn,0.99522233
A621,PROVIDING URBAN LEARNERS SUCCESS IN EDUCATION HIGH SCHOOL 560 E 179TH ST BRONX,B4101,Providing Urban Learners Success In Education High School 560 East 179th Street Bronx,0.9951925
A2423,CENTER MORICHES MIDDLE SCHOOL 311 FROWEIN RD CENTER MORICHES,B779,Center Moriches Middle School 311 Frowein Road Center Moriches,0.99514866
A827,PARK SLOPE COLLEGIATE 237 7TH AVE BROOKLYN,B3939,Park Slope Collegiate 237 7th Avenue Brooklyn,0.9951295
A2951,SUNQUAM ELEMENTARY SCHOOL 515 SWEET HOLLOW RD MELVILLE,B4776,Sunquam Elementary School 515 Sweet Hollow Road Melville,0.99510163
A2128,AUBURN HIGH SCHOOL 250 LAKE AVE AUBURN,B202,Auburn High School 250 Lake Avenue Auburn,0.99510103
A4144,SACHEM HIGH SCHOOL NORTH 212 SMITH RD LAKE RONKONKOMA,B4334,Sachem High School North 212 Smith Rd Lake Ronkonkom,0.99509275
A2131,GENESEE STREET ELEMENTARY SCHOOL 244 GENESEE ST AUBURN,B1579,Genesee Street Elementary School 244 Genesee Street Auburn,0.99508065
A4320,TANGLEWOOD ELEMENTARY SCHOOL 60 TANGLEWOOD DR SOUTH GLENS FALLS,B4808,Tanglewood Elementary School 60 Tanglewood Dr Glens Falls,0.99503994
A2728,CARL L DIXSON ELEMENTARY SCHOOL 22 S HILLSIDE AVE ELMSFORD,B722,Carl L Dixson Elementary School 22 South Hillside Avenue Elmsford,0.99501914
A2117,NOXON ROAD ELEMENTARY SCHOOL 4 OLD NOXON RD POUGHKEEPSIE,B3075,Noxon Road Elementary School 4 Old Noxon Road Poughkeepsie,0.9950029
A526,BRONX WRITING ACADEMY 270 E 167TH ST BRONX,B549,Bronx Writing Academy 270 East 167th Street Bronx,0.9949999
A2259,SOUTHWEST ELEMENTARY SCHOOL 1095 JOSELSEN AVE BAY SHORE,B4587,Southwest Elementary School 1095 Joselson Ave Bay Shore,0.99499875
A910,PATHWAYS IN TECHNOLOGY EARLY COLLEGE HIGH SCHOOL (P-TECH) 150 ALBANY AVE BROOKLYN,B3955,Pathways In Technology Early College High School (P-Tech) 150 Albany Avenue Brooklyn,0.9949987
A3584,NANUET SENIOR HIGH SCHOOL 103 CHURCH ST NANUET,B2911,Nanuet Senior High School 103 Church Street Nanuet,0.99499077
A1602,QUEENS TRANSITION CENTER 142-10 LINDEN BLVD JAMAICA,B4147,Queens Transition Center 14210 Linden Blvd Jamaica,0.9949708
A1422,RIVERDALE AVENUE MIDDLE SCHOOL 76 RIVERDALE AVE BROOKLYN,B4233,Riverdale Avenue Middle School 76 Riverdale Avenue Brooklyn,0.99496245
A4604,WATERVILLE JR/SR HIGH SCHOOL 381 MADISON ST WATERVILLE,B5212,Waterville Jr-Sr High School 381 Madison St Waterville,0.9949488
A2950,WEST HOLLOW MIDDLE SCHOOL 250 OLD E NECK RD MELVILLE,B5271,West Hollow Middle School 250 Old East Neck Rd Melville,0.99493194
A2439,HORACE GREELEY HIGH SCHOOL 70 ROARING BROOK RD CHAPPAQUA,B1990,Horace Greeley High School 70 Roaring Brook Road Chappaqua,0.9949242
A4683,WESTBURY HIGH SCHOOL 1 POST RD OLD WESTBURY,B5288,Westbury High School 1 Post Rd Westbury,0.9949094
A3397,CHATSWORTH AVENUE SCHOOL 34 CHATSWORTH AVE LARCHMONT,B828,Chatsworth Avenue School 34 Chatsworth Avenue Larchmont,0.9948984
A3103,JACK ABRAMS STEM MAGNET SCHOOL 155 LOWNDES AVE HUNTINGTON STATION,B2214,Jack Abrams Stem Magnet School 155 Lowndes Avenue Huntington Station,0.994887
A542,SCIENCE AND TECHNOLOGY ACADEMY:  A MOTT HALL SCHOOL 250 E 164TH ST BRONX,B4437,Science And Technology Academy:  A Mott Hall School 250 East 164 Street Bronx,0.9948849
A672,BRONX AEROSPACE HIGH SCHOOL 800 E GUN HILL RD BRONX,B494,Bronx Aerospace High School 800 East Gun Hill Road Bronx,0.9948734
A2949,VANDERBILT ELEMENTARY SCHOOL 350 DEER PARK AVE DIX HILLS,B5111,Vanderbilt Elementary School 350 Deer Park Rd Dix Hills,0.99484605
A3571,TRAPHAGEN SCHOOL 72 LEXINGTON AVE MOUNT VERNON,B4986,Traphagen School 72 Lexington Avenue Mount Vernon,0.9948421
A4678,DRYDEN STREET SCHOOL 545 DRYDEN ST WESTBURY,B1140,Dryden Street School 545 Dryden Street Westbury,0.9948358
A101,ENTERPRISE CHARTER SCHOOL 275 OAK ST BUFFALO,B1354,Enterprise Charter School 275 Oak Street Buffalo,0.9948191
A2061,MONTESSORI MAGNET SCHOOL 45 TREMONT ST ALBANY,B2832,Montessori Magnet School 45 Tremont Street Albany,0.99479204
A4680,PARK AVENUE SCHOOL 955 PARK AVE WESTBURY,B3934,Park Avenue School 955 Park Avenue Westbury,0.9947891
A681,NEW WORLD HIGH SCHOOL 921 E 228TH ST BRONX,B2971,New World High School 921 East 228th Street Bronx,0.99476117
A4656,CHESTNUT STREET SCHOOL 252 CHESTNUT ST WEST HEMPSTEAD,B855,Chestnut Street School 252 Chestnut Street West Hempstead,0.9947609
A892,BROOKLYN SCHOOL FOR MUSIC & THEATER 883 CLASSON AVE BROOKLYN,B598,Brooklyn School For Music & Theatre 883 Classon Avenue Brooklyn,0.99474174
A4528,CLEARSTREAM AVENUE SCHOOL 60 CLEARSTREAM AVE VALLEY STREAM,B895,Clearstream Ave School 60 Clearstream Ave Valley Stream,0.9947189
A3466,CHATTERTON SCHOOL 108 N MERRICK AVE MERRICK,B829,Chatterton School 108 Merrick Ave N Merrick,0.9947051
A3577,COLUMBUS ELEMENTARY SCHOOL 580 COLUMBUS AVE THORNWOOD,B937,Columbus Elementary School 580 Columbus Avenue Thornwood,0.9946796
A50,ALGONQUIN MIDDLE SCHOOL 333 NY RT 351 AVERILL PARK,B126,Algonquin Middle School 333 Ny 351 Averill Park,0.994657
A426,YOUNG LEADERS ELEMENTARY SCHOOL 468 E 140TH ST BRONX,B5460,Young Leaders Elementary School 468 East 140 Street Bronx,0.9946554
A834,BROOKLYN FRONTIERS HIGH SCHOOL 112 SCHERMERHORN ST BROOKLYN,B575,Brooklyn Frontiers High School 112 Schermerhorn Street Brooklyn,0.9946378
A4189,QUAKER RIDGE SCHOOL 125 WEAVER ST SCARSDALE,B4132,Quaker Ridge School 125 Weaver Street Scarsdale,0.9946258
A2115,ARLINGTON HIGH SCHOOL 1157 RT 55 LAGRANGEVILLE,B179,Arlington High School 1157 Route 55 Lagrangeville,0.9946184
A533,MORRIS ACADEMY FOR COLLABORATIVE STUDIES 1110 BOSTON RD BRONX,B2844,Morris Academy For Collaborative Studies 1110 Boston Road Bronx,0.99459374
A2987,FARRAGUT MIDDLE SCHOOL 27 FARRAGUT AVE HASTINGS ON HUDSON,B1413,Farragut Middle School 27 Farragut Avenue Hastings On Hudson,0.9945835
A783,URBAN ASSEMBLY INSTITUTE OF MATH AND SCIENCE FOR YOUNG WOMEN 283 ADAMS ST BROOKLYN,B5054,Urban Assembly Institute Of Math And Science For Young Women 283 Adams Street Brooklyn,0.99457836
A2551,CORINTH ELEMENTARY SCHOOL 356 CENTER ST CORINTH,B983,Corinth Elementary School 356 Center Street Corinth,0.9945608
A2159,VAN BUREN ELEMENTARY SCHOOL 14 FORD ST BALDWINSVILLE,B5104,Van Buren Elementary School 20 Ford St Baldwinsville,0.99453646
A909,ACADEMY FOR HEALTH CAREERS 150 ALBANY AVE BROOKLYN,B43,Academy For Health Careers 150 Albany Avenue Brooklyn,0.99452996
A3020,HERKIMER ELEMENTARY SCHOOL 255 GROS BLVD HERKIMER,B1874,Herkimer Elementary School 301 Gros Blvd Herkimer,0.99452627
A2529,EDITH L SLOCUM ELEMENTARY SCHOOL 2460 SYCAMORE AVE RONKONKOMA,B1244,Edith L. Slocum Elementary School 2460 Sycamore Ave Ronkonkoma,0.99451023
A675,BRONX LAB SCHOOL 800 E GUN HILL RD BRONX,B536,Bronx Lab School 800 East Gun Hill Road Bronx,0.9944767
A1798,MOTT HAVEN ACADEMY CHARTER SCHOOL 170 BROWN PL BRONX,B2868,Mott Haven Academy Charter School 170 Brown Place Bronx,0.99447453
A2383,CANASTOTA HIGH SCHOOL 101 ROBERTS ST CANASTOTA,B685,Canastota High School 102 Roberts St Canastota,0.99447083
A674,BRONX HIGH SCHOOL FOR WRITING AND COMMUNICATION ARTS 800 E GUN HILL RD BRONX,B531,Bronx High School For Writing And Communication Arts 800 East Gun Hill Road Bronx,0.9944344
A1765,NEW YORK STATE SCHOOL FOR THE DEAF 401 TURIN ST ROME,B2979,New York State School For Deaf 401 Turin St Rome,0.99443424
A706,WINGS ACADEMY 1122 E 180TH ST BRONX,B5393,Wings Academy 1122 E 180 Street Bronx,0.9944117
A3593,LINK ELEMENTARY SCHOOL 51 RED HILL RD NEW CITY,B2512,Link Elementary School 55 Red Hill Rd New City,0.9943981
A4574,SHEAFE ROAD ELEMENTARY SCHOOL 287 SHEAFE RD WAPPINGERS FALLS,B4483,Sheafe Road Elementary School 287 Sheafe Road Wappingers Falls,0.99439263
A2286,BRONXVILLE ELEMENTARY SCHOOL 177 PONDFIELD RD BRONXVILLE,B552,Bronxville Elementary School 177 Pondfield Road Bronxville,0.994388
A605,HIGH SCHOOL FOR TEACHING AND THE PROFESSIONS 2780 RESEVOIR AVE BRONX,B1912,High School For Teaching And The Professions 2780 Resevoir Avenue Bronx,0.99438256
A3567,MOUNT VERNON HIGH SCHOOL 100 CALIFORNIA RD MOUNT VERNON,B2884,Mount Vernon High School 100 California Road Mount Vernon,0.99437916
A4311,LISHA KILL MIDDLE SCHOOL 68 WATERMAN AVE ALBANY,B2515,Lisha Kill Middle School 100 Waterman Ave Albany,0.9943738
A4208,CENTRAL PARK MIDDLE SCHOOL 421 ELM ST SCHENECTADY,B789,Central Park Middle School 421 Elm Street Schenectady,0.99437153
A548,YOUNG WOMEN'S LEADERSHIP SCHOOL OF THE BRONX 1865 MORRIS AVE BRONX,B5468,Young Womens Leadership School Of The Bronx 1865 Morris Avenue Bronx,0.99435025
A539,BRONX EARLY COLLEGE ACADEMY FOR TEACHING AND LEARNING 250 E 164TH ST BRONX,B521,Bronx Early College Academy For Teaching & Learning 250 East 164 Street Bronx,0.9943453
A2136,AVON PRIMARY SCHOOL 161 CLINTON ST AVON,B216,Avon Primary School 161 Clinton Street Avon,0.9943272
A939,OLYMPUS ACADEMY 755 E 100TH ST BROOKLYN,B3119,Olympus Academy 755 East 100 Street Brooklyn,0.99432707
A2112,ARGYLE ELEMENTARY SCHOOL 5023 STATE RT 40 ARGYLE,B176,Argyle Elementary School 5023 State Route 40 Argyle,0.9943249
A3675,WEST STREET ELEMENTARY SCHOOL 5700 WEST ST SANBORN,B5286,West Street Elementary School 5700   West Street Sanborn,0.9943046
A832,SUNSET PARK HIGH SCHOOL 153 35TH ST BROOKLYN,B4779,Sunset Park High School 153 35th Street Brooklyn,0.99424726
A574,THOMAS C GIORDANO MIDDLE SCHOOL 45 2502 LORILLARD PL BRONX,B4943,Thomas C. Giordano Middle School 45 2502 Lorillard Pl Bronx,0.994235
A530,BRONX COLLEGIATE ACADEMY 240 E 172ND ST BRONX,B511,Bronx Collegiate Academy 240 East 172 Street Bronx,0.99422807
A2243,ADIRONDACK HIGH SCHOOL 8181 STATE RT 294 BOONVILLE,B75,Adirondack High School 8181 State Rte 294 Boonville,0.9942243
A1802,DREAM CHARTER SCHOOL EAST HARLEM 1991 2ND AVE NEW YORK,B1133,Dream Charter School East Harlem 1991 Second Avenue New York,0.99421483
A791,ALBEE SQUARE MONTESSORI PUBLIC SCHOOL 424 ALBEE SQUARE WEST BROOKLYN,B108,Albee Square Montessori Public School 424 Albee Sq Brooklyn,0.99419826
A1639,FRANKLIN DELANO ROOSEVELT HIGH SCHOOL 5800 20TH AVE BROOKLYN,B1501,Franklin Delano Roosevelt High School 5800 20 Avenue Brooklyn,0.99419683
A1374,MULTICULTURAL HIGH SCHOOL 999 JAMAICA AVE BROOKLYN,B2893,Multicultural High School 999 Jamaica Avenue Brooklyn,0.9941651
A1385,VISTA ACADEMY 350 LINWOOD ST BROOKLYN,B5140,Vista Academy 350 Linwood Street Brooklyn,0.9941398
A1989,OUR WORLD NEIGHBORHOOD CHARTER SCHOOL 2 135-25 79TH ST HOWARD BEACH,B3178,Our World Neighborhood Charter School 2 13525 79th St Howard Beach,0.994114
A2695,GREENVILLE SCHOOL 100 GLENDALE RD SCARSDALE,B1715,Greenville School 100 Glendale Road Scarsdale,0.99409807
A1737,SCHOOL OF SCIENCE &TECHNOLOGY 725 E 23RD ST BROOKLYN,B4425,School Of Science & Technology 725 E 23 St Brooklyn,0.99409294
A1624,MANHATTAN CHARTER SCHOOL 100 ATTORNEY ST NEW YORK,B2646,Manhattan Charter School 100 Attorney Street New York,0.9940911
A794,MAGNET SCHOOL OF MATH SCIENCE & DESIGN TECHNOLOGY 511 7TH AVE BROOKLYN,B2622,"Magnet School Of Math, Science And Design Technology 511 7th Ave Brooklyn",0.9940795
A1714,WILLIAM E GRADY CAREER AND TECHNICAL EDUCATION HIGH SCHOOL 25 BRIGHTON 4TH RD BROOKLYN,B5345,William E. Grady Career And Technical Education High School 25 Brighton 4th Rd Brooklyn,0.9940277
A4662,UDALL ROAD MIDDLE SCHOOL 900 UDALL RD WEST ISLIP,B5010,Udall Road Middle School 650 Udall Rd West Islip,0.99402213
A2067,DUAL LANGUAGE PROGRAM AT ALBANY INTERNATIONAL ACADEMY 50 LARK ST ALBANY,B1141,Dual Language Program At Albany International Academy 50 North Lark Street Albany,0.993999
A242,URBAN ASSEMBLY MAKER ACADEMY 411 PEARL ST NEW YORK,B5055,Urban Assembly Maker Academy 411 Pearl Street New York,0.9939756
A678,BRONX ACADEMY OF HEALTH CAREERS 800 E GUN HILL RD BRONX,B492,Bronx Academy Of Health Careers 800 East Gun Hill Road Bronx,0.99395025
A1669,PS/IS 30 MARY WHITE OVINGTON 7002 4TH AVE BROOKLYN,B4116,Ps/Is 30 Mary White Ovington 7002 4th Avenue Brooklyn,0.99394846
A943,ACADEMY FOR CONSERVATION AND THE ENVIRONMENT 6565 FLATLANDS AVE BROOKLYN,B41,Academy For Conservation And The Environment 6565 Flatlands Avenue Brooklyn,0.9939406
A1268,SUSAN E WAGNER HIGH SCHOOL 1200 MANOR RD STATEN ISLAND,B4781,Susan E. Wagner High School 1200 Manor Rd Staten Island,0.99393135
A428,BRONX DESIGN AND CONSTRUCTION ACADEMY 333 E 151ST ST BRONX,B519,Bronx Design And Construction Academy 333 East 151st St. Bronx,0.99392366
A2144,GUILFORD ELEMENTARY SCHOOL 138 SCHOOL ST GUILFORD,B1744,Guilford Elementary School 138 School Street Guilford,0.99389607
A2925,COLDEN ELEMENTARY SCHOOL 8263 BOSTON-COLDEN RD COLDEN,B922,Colden Elementary School 8263 Boston Colden Rd Colden,0.99389565
A2682,ANNE HUTCHINSON SCHOOL 60 MILL RD EASTCHESTER,B158,Anne Hutchinson School 60 Mill Road Eastchester,0.99383837
A4830,ROCKLAND BOCES 65 PARROTT RD WEST NYACK,B4277,Rockland Boces 65 Parrott Road West Nyack,0.9938025
A4317,MOREAU ELEMENTARY SCHOOL 76 BLUEBIRD RD SOUTH GLENS FALLS,B2841,Moreau Elementary School 76 Bluebird Rd S Glens Falls,0.9937893
A3724,NORTH TONAWANDA INTERMEDIATE SCHOOL 1500 VANDERBILT AVE NORTH TONAWANDA,B3036,North Tonawanda Intermediate School 1500 Vanderbilt Ave N Tonawanda,0.9937238
A4840,LITTLE WATER PREPARATORY CHARTER SCHOOL 68 DUTCHESS AVE POUGHKEEPSIE,B2521,Little Water Prep Charter School 68 Dutchess Ave Poughkeepsie,0.9936929
A2288,BRONXVILLE MIDDLE SCHOOL 177 PONDFIELD RD BRONXVILLE,B554,Bronxville Middle School 177 Pondfield Road Bronxville,0.9936821
A2536,HELEN B DUFFIELD ELEMENTARY SCHOOL 600 1ST ST RONKONKOMA,B1847,Helen B. Duffield Elementary School 600 1st St Ronkonkoma,0.99365306
A1314,JUAN MOREL CAMPOS SECONDARY SCHOOL 215 HEYWARD ST BROOKLYN,B2310,Juan Morel Campos Secondary School 215 Heyward Street Brooklyn,0.99365157
A2762,FISHERS ISLAND SCHOOL 78 GREENWOOD RD #600 FISHERS ISLAND,B1431,Fishers Island Central School 78 Greenwood Rd #600 Fishers Island,0.9936321
A2219,EAGLE ELEMENTARY SCHOOL 27 VAN DYKE RD DELMAR,B1165,Eagle Elementary School 17 Van Dyke Road Delmar,0.9936293
A1641,NEW UTRECHT HIGH SCHOOL 1601 80TH ST BROOKLYN,B2967,New Utrecht High School 1601 80 Street Brooklyn,0.9936025
A540,DREAMYARD PREPARATORY SCHOOL 240 E 172ND ST BRONX,B1135,Dreamyard Preparatory School 240 East 172 Street Bronx,0.9935906
A2799,BIG TREE ELEMENTARY SCHOOL S 4460 BAY VIEW RD HAMBURG,B388,Big Tree Elementary School 4460 Bay View Rd Hamburg,0.9935417
A1818,ICAHN CHARTER SCHOOL 4 1500 PELHAM PKWY SOUTH BRONX,B2095,Icahn Charter School 3 1500 Pelham Pkwy S Bronx,0.99352753
A3822,OWEGO ELEMENTARY SCHOOL 2 SHELDON GUILE BLVD OWEGO,B3182,Owego Elementary School 2 Sheldon Guile Blvd. Owego,0.9934685
A1996,ACADEMY OF HEALTH SCIENCES CHARTER SCHOOL 1151 RIDGEWAY AVE ROCHESTER,B54,Academy Of Health Sciences Charter School 1151 Ridgeway Ave. Rochester,0.99346536
A610,MARBLE HILL HIGH SCHOOL OF INTERNATIONAL STUDIES 99 TERRACE VIEW AVE BRONX,B2672,Marble Hill High School For International Studies 99 Terrace View Avenue Bronx,0.99346226
A4345,SOUTHWESTERN ELEMENTARY SCHOOL 600 HUNT RD W JAMESTOWN,B4589,Southwestern Elementary School 600 Hunt Rd Jamestown,0.9934569
A3,SAUQUOIT VALLEY HIGH SCHOOL 2601 ONEIDA ST SAUQUOIT,B4383,Sauquoit Valley Sr High School 2601 Oneida St Sauquoit,0.99344283
A3378,AUSTIN ROAD ELEMENTARY SCHOOL 390 AUSTIN RD MAHOPAC,B209,Austin Road Elementary School 390 Austin Road Mahopac,0.99343973
A1724,LIBERATION DIPLOMA PLUS 2865 W 19TH ST BROOKLYN,B2467,Liberation Diploma Plus 2865 West 19th Street Brooklyn,0.9933946
A4520,KENSICO SCHOOL 320 COLUMBUS AVE VALHALLA,B2332,Kensico School 320 Columbus Avenue Valhalla,0.99336934
A4523,WHEELER AVENUE SCHOOL 1 W WHEELER AVE VALLEY STREAM,B5317,Wheeler Avenue School 1 Wheeler Ave W Valley Stream,0.993364
A397,ALFRED E SMITH CAREER AND TECHNICAL EDUCATION HIGH SCHOOL 333 E 151ST ST BRONX,B124,Alfred E. Smith Career And Technical Education High School 333 E 151st St Bronx,0.99335134
A1959,GROWING UP GREEN CHARTER SCHOOL II 84-35 152ND ST JAMAICA,B1735,Growing Up Green Charter School Ii 84-35 152nd Street Jamaica,0.99334806
A2803,FRONTIER SENIOR HIGH SCHOOL S 4432 BAY VIEW RD HAMBURG,B1531,Frontier Senior High School 4432 Bay View Rd Hamburg,0.9933305
A634,ACADEMY FOR PERSONAL LEADERSHIP AND EXCELLENCE 120 E 184TH ST BRONX,B46,Academy For Personal Leadership And Excellence 120 East 184 Street Bronx,0.9933277
A2565,CORNWALL MIDDLE SCHOOL 122 MAIN ST CORNWALL,B994,Cornwall Middle School 122 Main Street Cornwall,0.9933251
A4796,MILDRED E STRANG MIDDLE SCHOOL 2701 CROMPOND RD YORKTOWN HEIGHTS,B2785,Mildred E. Strang Middle School 2701 Crompond Road Yorktown Heights,0.993274
A519,BRONX HIGH SCHOOL OF BUSINESS 240 E 172ND ST BRONX,B532,Bronx High School Of Business 240 East 172 Street Bronx,0.99323463
A2836,GENEVA MIDDLE SCHOOL 101 CARTER RD GENEVA,B1586,Geneva Middle School 101 Carter Road Geneva,0.9932073
A630,SCHOOL FOR ENVIRONMENTAL CITIZENSHIP 125 E 181ST ST BRONX,B4413,School For Environmental Citizenship 125 East 181st Street Bronx,0.9931896
A2862,MARCUS WHITMAN MIDDLE SCHOOL 4100 BALDWIN RD RUSHVILLE,B2677,Marcus Whitman Middle School 4100 Baldwin Road Rushville,0.99318326
A3622,GEORGE M DAVIS ELEMENTARY SCHOOL 80 ISELIN DR NEW ROCHELLE,B1592,George M. Davis Elementary School 80 Iselin Dr New Rochelle,0.9931756
A4746,WYANDANCH MEMORIAL HIGH SCHOOL 54 S 32ND ST WYANDANCH,B5419,Wyandanch Memorial High School 54 South 32nd Street Wyandanch,0.9931617
A3628,WILLIAM B WARD ELEMENTARY SCHOOL 311 BROADFIELD RD NEW ROCHELLE,B5339,William B. Ward Elementary School 311 Broadfield Rd New Rochelle,0.99312985
A3821,OWEGO-APALACHIN MIDDLE SCHOOL 3 SHELDON GUILE BLVD OWEGO,B3184,Owego-Apalachin Middle School 3 Sheldon Guile Blvd. Owego,0.99311274
A1274,SPACE SHUTTLE COLUMBIA SCHOOL 77 MARSH AVE STATEN ISLAND,B4592,Space Shuttle Columbia School 77 Marsh Avenue Staten Island,0.9931035
A2129,CASEY PARK ELEMENTARY SCHOOL 101 PULASKI ST AUBURN,B738,Casey Park Elementary School 103 Pulaski St Auburn,0.9930159
A4123,OSBORN SCHOOL 10 OSBORN RD RYE,B3143,Osborn School 10 Osborn Road Rye,0.9930018
A2108,ARDSLEY HIGH SCHOOL 300 FARM RD ARDSLEY,B174,Ardsley High School 300 Farm Road Ardsley,0.99295944
A4157,SALMON RIVER HIGH SCHOOL 637 COUNTY RT 1 FORT COVINGTON,B4353,Salmon River High School 637 County Route 1 Fort Covington,0.9929228
A2764,JOHN LEWIS CHILDS SCHOOL 10 ELIZABETH ST FLORAL PARK,B2291,John Lewis Childs Elem School 10 Elizabeth St Floral Park,0.9928241
A3993,LINDEN AVENUE MIDDLE SCHOOL 65 W MARKET ST RED HOOK,B2506,Linden Ave Middle School 65 W Market St Red Hook,0.99276584
A4375,CLARK ACADEMY 71 S BROADWAY DOBBS FERRY,B889,Clark Academy 71 Broadway Dobbs Ferry,0.99275184
A243,MANHATTAN EARLY COLLEGE SCHOOL FOR ADVERTISING 411 PEARL ST NEW YORK,B2651,Manhattan Early College School For Advertising 411 Pearl Street New York,0.99269736
A4562,WANTAGH SENIOR HIGH SCHOOL 3297 BELTAGH AVE WANTAGH,B5177,Wantagh Senior High School 3303 Beltagh Ave Wantagh,0.9926964
A2818,HOMESTEAD SCHOOL 2 HOMESTEAD AVE GARDEN CITY,B1979,Homestead School 2 Homestead Avenue Garden City,0.99267936
A676,HIGH SCHOOL OF COMPUTERS AND TECHNOLOGY 800 E GUN HILL RD BRONX,B1919,High School Of Computers And Technology 800 East Gun Hill Road Bronx,0.9926539
A744,BRONX ENVISION ACADEMY 1619 BOSTON RD BRONX,B524,Bronx Envision Academy 1619 Boston Rd. Bronx,0.992653
A3000,WEST HAVERSTRAW ELEMENTARY SCHOOL 71 BLAUVELT AVE WEST HAVERSTRAW,B5268,West Haverstraw Elementary School 71 Blauvelt Ave W Haverstraw,0.99265146
A670,HIGH SCHOOL FOR CONTEMPORARY ARTS 800 E GUN HILL RD BRONX,B1895,High School For Contemporary Arts 800 East Gun Hill Road Bronx,0.9926225
A4186,FOX MEADOW SCHOOL 59 BREWSTER RD SCARSDALE,B1484,Fox Meadow School 59 Brewster Road Scarsdale,0.99261045
A2477,CHITTENANGO HIGH SCHOOL 150 W GENESEE ST CHITTENANGO,B862,Chittenango High School 150 Genesee St Chittenango,0.9926068
A1727,LEON M GOLDSTEIN HIGH SCHOOL FOR THE SCIENCES 1830 SHORE BLVD BROOKLYN,B2456,Leon M. Goldstein High School For The Sciences 1830 Nshore Blvd Brooklyn,0.99257785
A3859,PEARL RIVER HIGH SCHOOL 275 E CENTRAL AVE PEARL RIVER,B3975,Pearl River High School 275 East Central Avenue Pearl River,0.9925302
A2530,EDWARD J BOSTI ELEMENTARY SCHOOL 50 BOURNE BLVD BOHEMIA,B1253,Edward J. Bosti Elementary School 50 Bourne Blvd Bohemia,0.99250364
A4702,WHITE PLAINS SENIOR HIGH SCHOOL 550 NORTH ST WHITE PLAINS,B5323,White Plains Senior High School 550 North Street White Plains,0.9924884
A4156,SALMON RIVER ELEMENTARY SCHOOL 637 COUNTY RT 1 FORT COVINGTON,B4352,Salmon River Elementary School 637 County Route 1 Fort Covington,0.99246734
A3563,HAMILTON SCHOOL 20 OAK ST MOUNT VERNON,B1767,Hamilton School 20 Oak Street Mount Vernon,0.9924283
A543,GRANT AVENUE ELEMENTARY SCHOOL 250 E 164TH ST BRONX,B1682,Grant Avenue Elementary School 250 East 164 Street Bronx,0.99242014
A4864,CENTRAL QUEENS ACADEMY CHARTER SCHOOL II 88-14 JUSTICE AVE ELMHURST,B790,Central Queens Academy Charter School 88-14 Justice Avenue Elmhurst,0.99240696
A4699,MAMARONECK AVENUE SCHOOL 7 NOSBAND AVE WHITE PLAINS,B2635,Mamaroneck Avenue School 7 Nosband Avenue White Plains,0.9923547
A4077,WILLIAM S COVERT SCHOOL 379 WILLOW ST SOUTH HEMPSTEAD,B5357,William S Covert School 397 Willow St S Hempstead,0.992321
A3726,OHIO ELEMENTARY SCHOOL 625 OHIO AVE NORTH TONAWANDA,B3106,Ohio Elementary School 625 Ohio St N Tonawanda,0.9923052
A4159,SALMON RIVER MIDDLE SCHOOL 637 COUNTY RT 1 FORT COVINGTON,B4354,Salmon River Middle School 637 County Route 1 Fort Covington,0.99226475
A3285,NORTH ROSE-WOLCOTT HIGH SCHOOL 11631 SALTER-COLVIN RD WOLCOTT,B3028,North Rose-Wolcott High School 11631 Salter Colvin Rd Wolcott,0.99226123
A536,MOTT HALL BRONX HIGH SCHOOL 1595 BATHGATE AVE BRONX,B2860,Mott Hall Bronx High School 1595 Bathgate Av Bronx,0.99225605
A79,SOUTH BUFFALO CHARTER SCHOOL 154 S OGDEN ST BUFFALO,B4551,South Buffalo Charter School 154 South Ogden Street Buffalo,0.99220854
A1277,GAYNOR MCCOWN EXPEDITIONARY LEARNING SCHOOL 100 ESSEX DR STATEN ISLAND,B1570,Gaynor Mccown Expeditionary Learning School 100 Essex Drive Staten Island,0.9921911
A541,ACADEMY FOR LANGUAGE AND TECHNOLOGY 1700 MACOMBS RD BRONX,B44,Academy For Language And Technology 1700 Macombs Road Bronx,0.99218446
A2000,CREO COLLEGE PREPARATORY CHARTER SCHOOL 524 COURTLANDT AVE BRONX,B1015,Creo College Prep Charter School 524 Courtlandt Avenue Bronx,0.9921816
A1841,NEW YORK FRENCH-AMERICAN CHARTER SCHOOL 311 W 120TH ST NEW YORK,B2975,New York French American Charter School 311 W 120th St New York,0.99212134
A241,CITY KNOLL MIDDLE SCHOOL 440 W 53RD ST NEW YORK,B879,City Knoll Middle School 440 West 53 Street New York,0.9921084
A3930,BEDFORD ROAD SCHOOL 289 BEDFORD RD PLEASANTVILLE,B320,Bedford Road School 289 Bedford Road Pleasantville,0.9920688
A1384,VAN SICLEN COMMUNITY MIDDLE SCHOOL 800 VAN SICLEN AVE BROOKLYN,B5109,Van Siclen Community Middle School 800 Van Siden Ave Brooklyn,0.99205595
A3399,MAMARONECK AVENUE SCHOOL 850 MAMARONECK AVE MAMARONECK,B2636,Mamaroneck Avenue School 850 Mamaroneck Avenue Mamaroneck,0.99204475
A2005,BRONX ARTS AND SCIENCE CHARTER SCHOOL 925 HUTCHINSON RIVER PKWAY BRONX,B497,Bronx Arts And Science Charter School 915 Hutchinson River Parkway Bronx,0.9920188
A1998,STOREFRONT ACADEMY HARLEM CHARTER SCHOOL 445 E 115TH ST NEW YORK,B4760,Storefront Academy Charter School Harlem 445 East 115th Street New York,0.9919426
A1914,OPPENHEIM-EPHRATAH-ST JOHNSVILLE ELEMENTARY SCHOOL 6486 STATE HWY 29 ST JOHNSVILLE,B3130,Oppenheim-Ephrata-St Johnsville Elementary School 6486 State Hwy 29 St Johnsville,0.99192023
A3711,ALLEN ROAD ELEMENTARY SCHOOL 803 ALLEN RD NORTH SYRACUSE,B135,Allen Road Elementary School 803 Allen Rd Syracuse,0.9919025
A270,COMMUNITY ACTION SCHOOL-MS 258 154 W 93RD ST NEW YORK,B945,Community Action School-Ms 258 154 West 93 Street New York,0.99190235
A2964,HAMPTON BAYS HIGH SCHOOL 88 ARGONNE RD HAMPTON BAYS,B1770,Hampton Bays High School 88 E. Argonne Rd Hampton Bays,0.9918597
A824,NEW VOICES SCHOOL OF ACADEMIC AND CREATIVE ARTS 330 18TH ST BROOKLYN,B2969,New Voices School Of Academic & Creative Arts 330 18 Street Brooklyn,0.9918333
A3532,VALLEY CENTRAL MIDDLE SCHOOL 1189 STATE RT 17K MONTGOMERY,B5095,Valley Central Middle School 1189 State Route 17k Montgomery,0.9918175
A4343,SOUTHWESTERN MIDDLE SCHOOL 600 HUNT RD W JAMESTOWN,B4590,Southwestern Middle School 600 Hunt Rd Jamestown,0.99178296
A3810,FITZHUGH PARK ELEMENTARY SCHOOL 195 EAST BRIDGE ST OSWEGO,B1434,Fitzhugh Park Elementary School 195 E Bridge St Oswego,0.9917064
A899,HIGH SCHOOL FOR SERVICE AND LEARNING AT ERASMUS 911 FLATBUSH AVE BROOKLYN,B1911,High School For Service & Learning At Erasmus 911 Flatbush Avenue Brooklyn,0.99165785
A3533,VALLEY CENTRAL HIGH SCHOOL 1175 STATE RT 17K MONTGOMERY,B5094,Valley Central High School 1175 State Route 17k Montgomery,0.9916519
A912,NEW HEIGHTS MIDDLE SCHOOL 790 E NEW YORK AVE BROOKLYN,B2956,New Heights Middle School 790 East New York Avenue Brooklyn,0.9916208
A2133,OWASCO ELEMENTARY SCHOOL 66 LETCHWORTH ST AUBURN,B3181,Owasco Elementary School 3 Letchworth St Auburn,0.99161655
A2114,ARTHUR S MAY SCHOOL 601 DUTCHESS TURNPIKE POUGHKEEPSIE,B184,Arthur S. May School 601 Dutchess Turnpike Poughkeepsie,0.9915537
A623,JONAS BRONCK ACADEMY 400 E FORDHAM RD BRONX,B2304,Jonas Bronck Academy 400 East Fordham Road Bronx,0.99152213
A4364,RAMAPO HIGH SCHOOL 400 VIOLA RD SPRING VALLEY,B4163,Ramapo Sr High School 400 Viola Rd Spring Valley,0.99150705
A1899,GREGORY B JARVIS MIDDLE SCHOOL 28 GROVE ST MOHAWK,B1724,Gregory B Jarvis Middle School 28 Grove St. Mohawk,0.9914897
A3573,BENJAMIN TURNER ACADEMY 624 S 3RD AVE MOUNT VERNON,B354,Benjamin Turner Academy 624 South 3rd Avenue Mount Vernon,0.991472
A3720,SMITH ROAD ELEMENTARY SCHOOL 5959 SMITH RD NORTH SYRACUSE,B4519,Smith Road Elementary School 5959 Smith Rd Syracuse,0.99145615
A632,CRESTON ACADEMY 125 E 181ST ST BRONX,B1016,Creston Academy 125 East 181 Street Bronx,0.9914324
A4253,SHENENDEHOWA HIGH SCHOOL 970 RT 146 CLIFTON PARK,B4487,Shenendehowa High School 970 Route 146 Clifton Park,0.991416
A2013,FLATBUSH ASCEND CHARTER SCHOOL 123 LINDEN BLVD BROOKLYN,B1437,Flatbush Ascend Charter School 123 Linden Boulevard Brooklyn,0.9914007
A1509,FREDERICK DOUGLASS ACADEMY VI HIGH SCHOOL 8-21 BAY 25TH ST FAR ROCKAWAY,B1515,Frederick Douglass Academy Vi High School 821 Bay 25th St Far Rockaway,0.9912742
A2473,RANDOLPH ACADEMY 336 MAIN ST RANDOLPH,B4169,Randolph Academy 336 W Main Street Randolph,0.99125457
A940,HIGH SCHOOL FOR MEDICAL PROFESSIONS 1600 ROCKAWAY PKWY BROOKLYN,B1909,High School For Medical Professions 1600 Rockaway Parkway Brooklyn,0.9912517
A202,URBAN ASSEMBLY NEW YORK HARBOR SCHOOL 10 SOUTH ST-SLIP 7 NEW YORK,B5056,Urban Assembly New York Harbor School 10 South St Slip 7 New York,0.99123025
A691,HIGH SCHOOL FOR LANGUAGE AND INNOVATION 925 ASTOR AVE BRONX,B1922,High School Of Language And Innovation 925 Astor Avenue Bronx,0.99122846
A1965,LEGACY COLLEGE PREPARATORY CHARTER SCHOOL 400 E 145TH ST BRONX,B2447,Legacy College Prep Charter School 400 E 149th St Bronx,0.9911818
A3617,NEW PALTZ MIDDLE SCHOOL 196 MAIN ST NEW PALTZ,B2963,New Paltz Middle School 196 Main Street New Paltz,0.99113184
A3624,ISAAC E YOUNG MIDDLE SCHOOL 270 CENTRE AVE NEW ROCHELLE,B2149,Isaac E. Young Middle School 270 Centre Ave New Rochelle,0.9911115
A1638,HIGH SCHOOL OF TELECOMMUNICATION ARTS AND TECHNOLOGY 350 67TH ST BROOKLYN,B1924,High School Of Telecommunication Arts And Technology 350 67 Street Brooklyn,0.99111104
A944,HIGH SCHOOL FOR INNOVATION IN ADVERTISING AND MEDIA 1600 ROCKAWAY PKWY BROOKLYN,B1902,High School For Innovation In Advertising And Media 1600 Rockaway Parkway Brooklyn,0.99109197
A945,EAST BROOKLYN COMMUNITY HIGH SCHOOL 9517 KINGS HWY BROOKLYN,B1183,East Brooklyn Community High School 7517 Kings Highway Brooklyn,0.99107605
A1869,URBAN DOVE TEAM CHARTER SCHOOL IV 240 EAST 123RD ST NEW YORK,B5068,Urban Dove Team Iv Charter School 240 E. 123rd Street New York,0.9910542
A2028,BRILLA PAX CHARTER SCHOOL 2336 ANDREWS AVE BRONX,B477,Brilla Pax Charter School 1248 Nelson Ave Bronx,0.9910306
A4486,L P QUINN ELEMENTARY SCHOOL 294 HOSLEY AVE TUPPER LAKE,B2385,L P Quinn Elementary School 294 Hosley Ave. Tupper Lake,0.99101233
A3590,CLARKSTOWN SOUTH SENIOR HIGH SCHOOL 31 DEMAREST MILL RD WEST NYACK,B891,Clarkstown South High School 31 Demarest Mill Rd West Nyack,0.9909817
A51,AVERILL PARK HIGH SCHOOL 146 GETTLE RD AVERILL PARK,B212,Averill Park High School 146 Gettle Rd # 2 Averill Park,0.99094427
A3684,BELMONT ELEMENTARY SCHOOL 108 BARNUM ST NORTH BABYLON,B341,Belmont Elementary School 108 Barnum St West Babylon,0.99092716
A3087,HUDSON FALLS PRIMARY SCHOOL 47 VAUGHN RD HUDSON FALLS,B2012,Hudson Falls Primary School 47 Vaughn Road Hudson Falls,0.9909044
A3529,BEREA ELEMENTARY SCHOOL 946 STATE RT 17K MONTGOMERY,B358,Berea Elementary School 946 State Route 17k Montgomery,0.9908707
A3807,PARK SCHOOL 22 EDWARD ST OSSINING,B3938,Park School 22 Edward Street Ossining,0.9908631
A3806,OSSINING HIGH SCHOOL 29 S HIGHLAND AVE OSSINING,B3144,Ossining High School 29 South Highland Avenue Ossining,0.99077547
A2402,KENT ELEMENTARY SCHOOL 1091 RT 52 CARMEL,B2334,Kent Elementary School 1091 Route 52 Carmel,0.990735
A736,EMOLIOR ACADEMY 1970 W FARMS RD BRONX,B1347,Emolior Academy 1970 West Farms Road Bronx,0.9906761
A3828,OYSTER BAY HIGH SCHOOL 150 E MAIN ST OYSTER BAY,B3190,Oyster Bay Sr High School 150 E Main St Oyster Bay,0.99051917
A3382,MAHOPAC MIDDLE SCHOOL 425 BALDWIN  PL RD MAHOPAC,B2624,Mahopac Middle School 425 Baldwin Place Road Mahopac,0.990518
A4078,JOSEPH A EDGAR INTERMEDIATE SCHOOL 525 RT 25A ROCKY POINT,B2308,Joseph A Edgar Intermediate School 525 Route 25a Rocky Point,0.99051535
A4642,WEST BABYLON JUNIOR HIGH SCHOOL 200 OLD FARMINGDALE RD WEST BABYLON,B5253,West Babylon Jr High School 200 Old Farmingdale Rd West Babylon,0.9905098
A2029,CAPITAL PREPARATORY BRONX CHARTER SCHOOL 755 CO OP CITY BLVD BRONX,B709,Capital Preparatory Bronx Charter School 755 Co-Op City Blvd. Bronx,0.9904749
A1686,EDWARD R MURROW HIGH SCHOOL 1600 AVE L BROOKLYN,B1255,Edward R. Murrow High School 1600 Avenue L Brooklyn,0.9902922
A3381,MAHOPAC HIGH SCHOOL 421 BALDWIN PL RD MAHOPAC,B2623,Mahopac High School 421 Baldwin Place Road Mahopac,0.9902545
A606,BELMONT PREPARATORY HIGH SCHOOL 500 E FORDHAM RD BRONX,B342,Belmont Preparatory High School 500 East Fordham Road Bronx,0.9901462
A1420,BROOKLYN LANDMARK ELEMENTARY SCHOOL 251 MACDOUGAL ST BROOKLYN,B587,Brooklyn Landmark Elementary School 251 Mcdougal Street Brooklyn,0.9901448
A4397,SLOATSBURG ELEMENTARY SCHOOL 11 SECOND ST SLOATSBURG,B4516,Sloatsburg Elementary School 11 Second Street Sloatsburg,0.9901193
A3562,GRAHAM SCHOOL 421 E 5TH ST MOUNT VERNON,B1667,Graham School 421 East 5th Street Mount Vernon,0.9900219
A3672,ERRICK ROAD ELEMENTARY SCHOOL 6839 ERRICK RD NORTH TONAWANDA,B1365,Errick Road Elementary School 6839 Errick Rd N Tonawanda,0.990001
A3472,PALERMO ELEMENTARY SCHOOL 1638 COUNTY RT 45 FULTON,B3919,Palermo Elementary School 1638 County Route 45 Fulton,0.98999983
A4282,JOHN F KENNEDY SENIOR HIGH SCHOOL 305 CAYUGA CREEK RD CHEEKTOWAGA,B2275,John F Kennedy High School 305 Cayuga Creek Rd Cheektowaga,0.98996204
A3566,REBECCA TURNER ACADEMY 625 S 4TH AVE MOUNT VERNON,B4180,Rebecca Turner Academy 625 South 4th Avenue Mount Vernon,0.9898279
A467,RENAISSANCE HIGH SCHOOL FOR MUSICAL THEATER AND THE ARTS 3000 E TREMONT AVE BRONX,B4197,Renaissance High School For Musical Theater & Technology 3000 East Tremont Avenue Bronx,0.98982775
A869,DR JACQUELINE PEEK-DAVIS SCHOOL 430 HOWARD AVE BROOKLYN,B1127,Dr. Jacqueline Peek-Davis School 430 Howard Avenue Brooklyn,0.9897454
A1871,LAUNCH EXPEDITIONARY LEARNING CHARTER SCHOOL 1580 DEAN ST-3RD FL BROOKLYN,B2422,Launch Expeditionary Learning Charter School 1580 Dean St Fl 3 Brooklyn,0.9896838
A518,SCHOOL FOR EXCELLENCE 1100 BOSTON RD BRONX,B4414,School For Excellence 1100 Boston Road Bronx,0.9896754
A3144,ISLAND TREES MIDDLE SCHOOL 45 WANTAGH AVE S LEVITTOWN,B2155,Island Trees Middle School 45 Wantagh Ave Levittown,0.9896741
A3015,BUCHANAN-VERPLANCK ELEMENTARY SCHOOL 160 WESTCHESTER AVE BUCHANAN,B621,Buchanan-Verplanck Elementary School 160 Westchester Road Buchanan,0.9895315
A3703,SHAKER HIGH SCHOOL 445 WATERVLIET-SHAKER RD LATHAM,B4475,Shaker High School 445 Watervliet Shaker Rd Latham,0.98952854
A4089,JOHN E JOY ELEMENTARY SCHOOL 8194 BIELBY RD ROME,B2289,John Joy Elementary School 8194 Bielby Rd Rome,0.98951507
A837,SUNSET PARK AVENUES ELEMENTARY SCHOOL 4308 4TH AVE BROOKLYN,B4778,Sunset Park Avenues Elementary School 4222 4th Avenue Brooklyn,0.98945993
A3242,MARTIN ROAD ELEMENTARY SCHOOL 135 MARTIN RD LACKAWANNA,B2704,Martin Rd Elementary School 550 Martin Rd Lackawanna,0.98944914
A742,PS 536 1827 ARCHER ST BRONX,B4109,Ps 536 1827 Archer Street Bronx,0.9893696
A2015,IVY HILL PREPARATORY CHARTER SCHOOL 475 E 57TH ST BROOKLYN,B2163,Ivy Hill Prep Charter School 475 E 57th Street Brooklyn,0.98935974
A1215,MOTION PICTURE TECHNICAL HIGH SCHOOL 47-10 BARNETT AVE SUNNYSIDE,B2858,Motion Picture Technical High School 4710 Barnett Ave Sunnyside,0.9892593
A3301,LEWISTON PORTER SENIOR HIGH SCHOOL 4061 CREEK RD YOUNGSTOWN,B2463,Lewiston Porter Sr High School 4061 Creek Rd Youngstown,0.98925686
A1943,UNITED CHARTER HIGH SCHOOL FOR ADVANCED MATH AND SCIENCE IV 156-10 BAISLEY BLVD JAMAICA,B5028,United Charter High School For Advanced Math & Science Iv 156-10 Baisley Boulevard South Jamaica,0.9892492
A3008,HEMPSTEAD HIGH SCHOOL 201 PRESIDENT ST HEMPSTEAD,B1855,Hempstead High School 201 President Street Hempstead,0.9892435
A2099,MARIE CURIE INSTITUTE OF ENGINEERING AND COMMUNICATION 9 BRICE ST AMSTERDAM,B2684,Marie Curie Institute Of Engineering And Communications 9 Brice St Amsterdam,0.98917395
A2679,NORTH SIDE SCHOOL 110 E WILLISTON AVE EAST WILLISTON,B3034,North Side School 110 E Williston Ave E Williston,0.98914266
A1036,MARTIN VAN BUREN HIGH SCHOOL 230-17 HILLSIDE AVE QUEENS VILLAGE,B2705,Martin Van Buren High School 230-17 Hillside Avenue Queens,0.98911846
A3759,OAKFIELD-ALABAMA MIDDLE SCHOOL HIGH SCHOOL 7001 LEWISTON RD OAKFIELD,B3091,Oakfield-Alabama Middle - High School 7001 Lewiston Rd Oakfield,0.98910743
A520,BRONX HIGH SCHOOL FOR MEDICAL SCIENCE 240 E 172ND ST BRONX,B533,Bronx High School Of Medical Sciences 240 East 172  Street Bronx,0.9890734
A891,HIGH SCHOOL FOR PUBLIC SERVICE-HEROES OF TOMORROW 600 KINGSTON AVE BROOKLYN,B1910,High School For Public Service: Heroes Of Tomorrow 600 Kingston Avenue Brooklyn,0.9890685
A517,BRONX INTERNATIONAL HIGH SCHOOL 1110 BOSTON RD BRONX,B535,Bronx International High School 1100 Boston Road Bronx,0.98904705
A1717,JOHN DEWEY HIGH SCHOOL 50 AVE X BROOKLYN,B2269,John Dewey High School 50 Avenue X Brooklyn,0.9890247
A553,NEW DIRECTIONS SECONDARY SCHOOL 240 E 172ND ST BRONX,B2949,New Directions Secondary School 240 East 172 Street Bronx,0.98901904
A3424,MARYVALE HIGH SCHOOL 1050 MARYVALE DR CHEEKTOWAGA,B2716,Maryvale Sr High School 1050 Maryvale Dr Cheektowaga,0.98896253
A4292,GREAT HOLLOW MIDDLE SCHOOL 150 SOUTHERN BLVD NESCONSET,B1686,Great Hollow Middle School 150 Southern Boulevard Nesconset,0.9889461
A2188,BEACON HIGH SCHOOL 101 MATTEAWAN RD BEACON,B306,Beacon High School 101 Matteawan Road Beacon,0.98889565
A2469,WESTHILL HIGH SCHOOL 4501 ONONDAGA BLVD SYRACUSE,B5304,Westhill Sr High School 4501 Onondaga Blvd Syracuse,0.98883283
A3903,PINE VALLEY ELEMENTARY SCHOOL 7755 RT 83 SOUTH DAYTON,B4028,Pine Valley Elementary School 7757 Route 83 # Rr South Dayton,0.9887855
A4174,SARATOGA SPRINGS HIGH SCHOOL 1 BLUE STREAK BLVD SARATOGA SPRINGS,B4374,Saratoga Springs High School 1 Blue Streak Blvd Saratoga Spgs,0.9887225
A3610,HILLSIDE GRADE SCHOOL 150 W MAPLE DR NEW HYDE PARK,B1946,Hillside Grade School 150 Maple Dr W New Hyde Park,0.9887199
A3388,FLANDERS ELEMENTARY SCHOOL 524 E MAIN ST MALONE,B1435,Flanders Elementary School 221 E Main St Malone,0.9886686
A3912,CALKINS ROAD MIDDLE SCHOOL 1899 CALKINS RD PITTSFORD,B664,Calkins Road Middle School 1899 Calkins Road Pittsford,0.98863274
A3979,QUEENSBURY SENIOR HIGH SCHOOL 409 AVIATION RD QUEENSBURY,B4151,Queensbury High School 409 Aviation Rd Queensbury,0.9886192
A2672,EAST SYRACUSE MINOA CENTRAL HIGH SCHOOL 6400 FREMONT RD EAST SYRACUSE,B1223,East Syracuse Minoa Central High School 6400 Kirkville Rd East Syracuse,0.98858553
A96,FAMILY LIFE ACADEMY CHARTER SCHOOL 14 W 170TH ST BRONX,B1402,"Family Life Academy Charter School 14 West 170th St, Lower Floor Bronx",0.98846436
A3260,WALTER PANAS HIGH SCHOOL 300 CROTON AVE CORTLANDT MANOR,B5172,Walter Panas High School 300 Croton Avenue Cortlandt Manor,0.98837584
A4546,VICTOR EARLY CHILDHOOD SCHOOL 953 HIGH ST VICTOR,B5125,Victor Early Childhood School 953 High Street Victor,0.9883517
A607,FORDHAM HIGH SCHOOL FOR THE ARTS 500 E FORDHAM RD BRONX,B1455,Fordham High School For The Arts 500 East Fordham Road Bronx,0.9883127
A3139,IRVINGTON HIGH SCHOOL 40 N BROADWAY IRVINGTON,B2147,Irvington Sr High School 40 N Broadway Irvington,0.9882773
A4183,SAYVILLE MIDDLE SCHOOL 291 JOHNSON AVE SAYVILLE,B4389,Sayville Middle School 291 Johnson Ave. Sayville,0.9882597
A399,PS 5 PORT MORRIS 564 JACKSON AVE BRONX,B4106,Ps 5 Port Morris 564 Jackson Avenue Bronx,0.9882438
A1630,KIPP INFINITY CHARTER SCHOOL 625 W 133 ST-RM 308D NEW YORK,B2364,Kipp Infinity Charter School 625 W 133 St Rm 261 New York,0.9881917
A817,BROOKLYN HIGH SCHOOL OF THE ARTS 345 DEAN ST BROOKLYN,B580,Brooklyn High School For The Arts 345 Dean St. Brooklyn,0.98818886
A3721,MAIN STREET ELEMENTARY SCHOOL 205 S MAIN ST NORTH SYRACUSE,B2627,Main Street Elementary School 205 S Main St Syracuse,0.98817074
A2214,BETHLEHEM CENTRAL SENIOR HIGH SCHOOL 700 DELAWARE AVE DELMAR,B375,Bethlehem Central High School 700 Delaware Ave Delmar,0.98812187
A3420,MARLBORO CENTRAL HIGH SCHOOL 50 CROSS RD MARLBORO,B2692,Marlboro High School 50 Cross Rd Marlboro,0.9881203
A1276,MARSH AVENUE SCHOOL FOR EXPEDITIONARY LEARNING 100 ESSEX DR STATEN ISLAND,B2694,Marsh Avenue School For Expeditionary Learning 100  Essex Drive Staten Island,0.9881176
A2791,FREEPORT HIGH SCHOOL 50 S BROOKSIDE AVE FREEPORT,B1521,Freeport High School 80 S Brookside Ave Freeport,0.98811525
A2130,AUBURN JUNIOR HIGH SCHOOL 191 FRANKLIN ST AUBURN,B203,Auburn Junior High 191 Franklin St Auburn,0.98809206
A3379,FULMAR ROAD ELEMENTARY SCHOOL 55 FULMAR RD MAHOPAC,B1543,Fulmar Road Elementary School 55 Fulmar Road Mahopac,0.9880055
A3713,CICERO ELEMENTARY SCHOOL 5979 RT 31 CICERO,B873,Cicero Elementary School 5979 State Route 31 Cicero,0.98799103
A4392,WARD MELVILLE SENIOR HIGH SCHOOL 380 OLD TOWN RD EAST SETAUKET,B5179,Ward Melville High School 380 Old Town Rd East Setauket,0.9879744
A3182,GEORGE A JACKSON SCHOOL 58 MAYTIME DR JERICHO,B1587,George A Jackson Elem School 58 Maytime Dr Jericho,0.98796916
A3462,JOHN F KENNEDY HIGH SCHOOL 3000 BELLMORE AVE BELLMORE,B2280,John F. Kennedy High School 3000 Bellmore Ave Bellmore,0.98795426
A3578,HAWTHORNE ELEMENTARY SCHOOL 225 MEMORIAL DR HAWTHORNE,B1828,Hawthorne Elementary School 225 Memorial Drive Hawthorne,0.98793244
A3016,FRANK G LINDSEY ELEMENTARY SCHOOL 57 TROLLEY RD MONTROSE,B1490,Frank G. Lindsey Elementary School 57 Trolley Road Montrose,0.98791313
A2630,EAST AURORA HIGH SCHOOL 1003 CENTER ST EAST AURORA,B1179,East Aurora Sr High School 1003 Center St East Aurora,0.98790365
A507,BRONX SCHOOL FOR LAW GOVERNMENT AND JUSTICE 244 E 163RD ST BRONX,B545,"Bronx School For Law, Government And Justice 244 East 163 Street Bronx",0.9878166
A470,ANTONIA PANTOJA PREPARATORY ACADEMY - A COLLEGE BOARD SCHOOL 1980 LAFAYETTE AVE BRONX,B161,"Antonia Pantoja Preparatory Academy, A College Board School 1980 Lafayette Avenue Bronx",0.9877626
A32,WAYLAND ELEMENTARY SCHOOL 2350 RT 63 WAYLAND,B5227,Wayland Elementary School 2350 State Route 63 Wayland,0.98771906
A4147,PIERSON MIDDLE/HIGH SCHOOL 200 JERMAIN AVE SAG HARBOR,B4015,Pierson Middle School & High School 200 Jermain Ave Sag Harbor,0.98770666
A3572,GRIMES SCHOOL 58 S 10TH AVE MOUNT VERNON,B1728,Grimes School 58 South 10th Avenue Mount Vernon,0.9876418
A1970,ELMWOOD VILLAGE CHARTER SCHOOL HERTEL 665 HERTEL AVE BUFFALO,B1339,Elmwood Village Charter School - Hertel 665 Hertel Avenue Buffalo,0.9876267
A3565,LINCOLN SCHOOL 170 E LINCOLN AVE MOUNT VERNON,B2502,Lincoln School 170 East Lincoln Avenue Mount Vernon,0.9875364
A2022,BUFFALO ACADEMY OF SCIENCE CHARTER SCHOOL II 335 DOAT ST BUFFALO,B624,Buffalo Academy Of Science Charter School 2 335 Doat St Buffalo,0.9875026
A3488,CORAM ELEMENTARY SCHOOL 61 CORAM-MT SINAI RD CORAM,B980,Coram Elementary School 61 Coram Mount Sinai Rd Coram,0.9873936
A1683,SCHOOL OF TECHNOLOGY ARTS AND RESEARCH 650 86TH ST BROOKLYN,B4426,"School Of Technology, Arts, And Research 650 86th St Brooklyn",0.9873822
A2127,ATTICA SENIOR HIGH SCHOOL 3338 E MAIN ST ATTICA,B200,Attica Junior High School 3338 E Main Street Rd Attica,0.9873624
A1521,WATERSIDE SCHOOL FOR LEADERSHIP 190 BEACH 110TH ST ROCKAWAY PARK,B5210,Waterside School For Leadership 190 Beach 110 Street Rockaway,0.987323
A486,VIRTUAL INNOVATOR'S ACADEMY 916 EAGLE AVE BRONX,B5139,Virtual Innovators Academy 916 Eagle Ave Bronx,0.9872495
A4367,SUMMIT PARK ELEMENTARY SCHOOL 925 RT 45 NEW CITY,B4774,Summit Park Elementary School 30 Rt 45 New City,0.987244
A3409,FAYETTEVILLE-MANLIUS SENIOR HIGH SCHOOL 8201 E SENECA TPKE MANLIUS,B1417,Fayetteville-Manlius High School 8201 E Seneca Tpke Manlius,0.9871965
A2249,HEMLOCK ELEMENTARY SCHOOL 19 HEMLOCK DR BAY SHORE,B1852,Hemlock Park Elementary School 19 Hemlock Dr Bay Shore,0.98717594
A4801,CUBA-RUSHFORD MIDDLE SCHOOL 5476 RT 305 N CUBA,B1030,Cuba-Rushford Middle School 5476 Route 305 Cuba,0.9871549
A4398,SUFFERN MIDDLE SCHOOL 80 HEMION RD SUFFERN,B4768,Suffern Middle School 80 Hemion Road Suffern,0.9871535
A2254,NORTHEAST ELEMENTARY SCHOOL 2 DEVON RD BRENTWOOD,B3040,Northeast Elementary School 2 Devon Rd # D Brentwood,0.9870975
A3214,KENMORE EAST SENIOR HIGH SCHOOL 350 FRIES RD TONAWANDA,B2324,Kenmore East Sr High School 350 Fries Rd Tonawanda,0.98701847
A3937,PORT BYRON SENIOR HIGH SCHOOL 30 MAPLE AVE PORT BYRON,B4056,Port Byron High School 30 Maple Ave Port Byron,0.9870158
A2971,HARBORFIELDS HIGH SCHOOL 98 TAYLOR AVE GREENLAWN,B1779,Harborfields Sr High School 98 Taylor Ave Greenlawn,0.98701465
A4805,CAYUGA-ONONDAGA BOCES 1879 W GENESEE ST RD AUBURN,B763,Cayuga-Onondaga Boces 1879 West Genesee Street Rd Auburn,0.9870007
A3343,ROY KELLEY ELEMENTARY SCHOOL 610 12 E HIGH ST LOCKPORT,B4316,Roy Kelley Elementary School 610-12 E High St Lockport,0.9868576
A1130,JEAN NUZZI INTERMEDIATE SCHOOL 213-10 92ND AVE QUEENS VILLAGE,B2245,Jean Nuzzi Intermediate School 213-10 92 Avenue Queens,0.986765
A1939,SOUTH BRONX CLASSICAL CHARTER SCHOOL III 977 FOX ST BRONX,B4544,South Bronx Classical Charter School Iii 3458 Third Avenue Bronx,0.986754
A2397,CARLE PLACE MIDDLE SENIOR HIGH SCHOOL 168 CHERRY LN CARLE PLACE,B723,Carle Place Middle High School 168 Cherry Ln Carle Place,0.98674506
A3797,SOUTH DAVIS ELEMENTARY SCHOOL 51 S DAVIS ST ORCHARD PARK,B4553,South Davis Elementary School S Davis St Orchard Park,0.98674434
A1064,BUSINESS TECHNOLOGY EARLY COLLEGE HIGH SCHOOL 230-17 HILLSIDE AVE QUEENS VILLAGE,B648,Business Technology Early College High School 230-17 Hillside Ave Queens,0.98672646
A4799,CUBA-RUSHFORD HIGH SCHOOL 5476 RT 305 N CUBA,B1029,Cuba-Rushford High School 5476 Route 305 Cuba,0.98663765
A3900,STISSING MOUNTAIN JUNIOR/SENIOR HIGH SCHOOL 2829 CHURCH ST PINE PLAINS,B4754,Stissing Mountain Junior -Senior High School 2829 Church Street Pine Plains,0.98659146
A3835,PALMYRA-MACEDON SENIOR HIGH SCHOOL 151 HYDE PKWY PALMYRA,B3924,Palmyra-Macedon Sr High School 151 Hyde Pkwy Palmyra,0.9865262
A764,BENJAMIN BANNEKER ACADEMY 71-77 CLINTON AVE BROOKLYN,B347,Benjamin Banneker Academy 71 Clinton Ave # 77 Brooklyn,0.9864972
A3980,WILLIAM H BARTON INTERMEDIATE SCHOOL 425 AVIATION RD QUEENSBURY,B5351,William H. Barton Intermediate School 425 Aviation Road Queensbury,0.9863888
A732,MOTT HALL V 1551 E 172ND ST BRONX,B2867,Mott Hall V 1551 East 172nd Street Bronx,0.9863454
A4184,SUNRISE DRIVE ELEMENTARY SCHOOL 320 SUNRISE DR SAYVILLE,B4777,Sunrise Drive Elementary School 320 Sunrise Drive Sayville,0.9863111
A1855,UNITED CHARTER HIGH SCHOOL FOR THE HUMANITIES 99 TERRACE VIEW AVE-RM 360 BRONX,B5029,United Charter High School For Humanities 99 Terrace View Ave Bronx,0.98623276
A3667,GASKILL PREPARATORY SCHOOL 910 HYDE PARK BLVD NIAGARA FALLS,B1565,Gaskill Prepatory School 910 Hyde Park Blvd Niagara Falls,0.98621607
A2703,ELLENVILLE JUNIOR/SENIOR HIGH SCHOOL 28 MAPLE AVE ELLENVILLE,B1321,Ellenville  Junior Senior High School 28 Maple Ave. Ellenville,0.9861302
A2726,ALEXANDER HAMILTON HIGH SCHOOL 98 S GOODWIN AVE ELMSFORD,B120,Alexander Hamilton High School 98 South Goodwin Avenue Elmsford,0.98612213
A3508,ANDREW MULLER PRIMARY SCHOOL 65 LOWER ROCKY PT RD MILLER PLACE,B153,Andrew Muller Primary School 65 Lower Rocky Point Rd Miller Place,0.9861126
A4669,WEST SENECA EAST SENIOR HIGH SCHOOL 4760 SENECA ST WEST SENECA,B5282,West Seneca East High School 4760 Seneca St West Seneca,0.9860841
A2650,EAST ISLIP MIDDLE SCHOOL 100 REDMEN ST ISLIP TERRACE,B1199,East Islip Terrace Middle School 100 Redmen St Islip Terrace,0.98608375
A2056,NEW SCOTLAND ELEMENTARY SCHOOL 385 NEW SCOTLAND AVE ALBANY,B2966,New Scotland Elementary School 369 New Scotland Ave Albany,0.98601574
A4185,EDGEWOOD SCHOOL 1 ROOSEVELT PL SCARSDALE,B1240,Edgewood School 1 Roosevelt Place Scarsdale,0.9859865
A4278,SKANEATELES SENIOR HIGH SCHOOL 49 E ELIZABETH ST SKANEATELES,B4512,Skaneateles High School 49 E Elizabeth St Skaneateles,0.9859854
A3408,FAYETTEVILLE ELEMENTARY SCHOOL 704 S MANLIUS ST FAYETTEVILLE,B1416,Fayetteville Elementary School 710 S Manlius St Fayetteville,0.98597825
A613,CELIA CRUZ BRONX HIGH SCHOOL OF MUSIC (THE) 2780 RESERVOIR AVE BRONX,B774,"Celia Cruz Bronx High School Of Music, The 2780 Reservoir Avenue Bronx",0.98597074
A1906,UNITY PREPARATORY CHARTER SCHOOL OF BROOKLYN 432 MONROE ST BROOKLYN,B5039,Unity Preparatory Charter School Of Brooklyn 432 Monroe Street New York,0.9859297
A4112,HENRY V BURGER JUNIOR HIGH SCHOOL 639 ERIE STATION RD WEST HENRIETTA,B1865,Henry V Burger Middle School 639 Erie Station Rd West Henrietta,0.98592794
A4116,RUSH-HENRIETTA SENIOR HIGH SCHOOL 1799 LEHIGH STATION RD HENRIETTA,B4323,Rush-Henrietta Sr High School 1799 Lehigh Station Rd Henrietta,0.9859244
A2422,CENTER MORICHES HIGH SCHOOL 311 FROWEIN RD CENTER MORICHES,B778,Center Moriches High School 311 Frowein Rd Ctr Moriches,0.9858886
A1827,EQUALITY CHARTER SCHOOL 4140 HUTCHINSON RIVER PKWY E BRONX,B1357,Equality Charter School 4140 Hutchinson River Parkway East Bronx,0.98586595
A3175,BOYLE ROAD ELEMENTARY SCHOOL 424 BOYLE RD PORT JEFFERSON STATION,B450,Boyle Road Elementary School 424 Boyle Rd Port Jefferson,0.9857831
A1988,URBAN ASSEMBLY CHARTER SCHOOL FOR COMPUTER SCIENCE 447 WALES AVE BRONX,B4919,The Urban Assembly Charter School For Computer Science 447 Wales Avenue Bronx,0.98578256
A2421,CLAYTON HUEY ELEMENTARY SCHOOL 511 MAIN ST CENTER MORICHES,B894,Clayton Huey Elementary School 511 Main St Ctr Moriches,0.9857571
A1513,KNOWLEDGE AND POWER PREPARATORY ACADEMY VI 8-21 BAY 25TH ST FAR ROCKAWAY,B2378,Knowledge And Power Preparatory Academy Vi 821 Bay 25th St Far Rockaway,0.9857534
A3832,PALMYRA-MACEDON INTERMEDIATE SCHOOL 4 WEST ST MACEDON,B3921,Palmyra Macedon Intermediate School 4 West St Macedon,0.9856168
A2453,MARY E DARDESS ELEMENTARY SCHOOL 50 WOODBRIDGE AVE CHATHAM,B2707,Mary E. Dardess Elementary School 50 Woodbridge Avenue Chatham,0.9856087
A3889,MICHAEL A MAROUN ELEMENTARY SCHOOL 11 ELM ST PHOENIX,B2766,Michael A Maroun Elementary 11 Elm St Phoenix,0.98560476
A2269,BRIARCLIFF HIGH SCHOOL 444 PLEASANTVILLE RD BRIARCLIFF MANOR,B462,Briarcliff High School 444 Pleasantville Road Briarcliff,0.9855994
A2403,KENT PRIMARY SCHOOL 1065 RT 52 CARMEL,B2335,Kent Primary School 1065 Route 52 Carmel,0.985565
A2008,KIPP BRONX CHARTER SCHOOL II 2720 JEROME AVE BRONX,B2361,Kipp Bronx Ii Charter School 501 Gerard Ave Bronx,0.9855523
A4421,BELLEVUE ELEMENTARY SCHOOL 530 STOLP AVE SYRACUSE,B336,Bellevue Elementary 530 Stolp Ave Syracuse,0.9855179
A4606,WATERVLIET ELEMENTARY SCHOOL 2557 10TH AVE WATERVLIET,B5214,Watervliet Elementary School 2557 10th Avenue And 25th Street Watervliet,0.9853642
A2084,WINDSOR CENTRAL HIGH SCHOOL 1191 NY RT 79 WINDSOR,B5389,Windsor Central High School 1191 New York Route 79 Windsor,0.9853414
A3725,NORTH TONAWANDA HIGH SCHOOL 405 MEADOW DR NORTH TONAWANDA,B3038,North Tonawanda Sr High School 405 Meadow Dr N Tonawanda,0.9853344
A2217,HAMAGRAEL ELEMENTARY SCHOOL 1 MCGUFFEY LN DELMAR,B1758,Hamagrael Elementary School 15 Mcguffey Ln Delmar,0.9852715
A3805,CLAREMONT SCHOOL 2 CLAREMONT RD OSSINING,B885,Claremont School 2 Claremont Road Ossining,0.9852284
A4571,MYERS CORNERS SCHOOL 156 MYERS CORNERS RD WAPPINGERS FALLS,B2903,Myers Corners Elem School 156 Myers Corners Rd Wappingers Falls,0.98521316
A3088,HUDSON FALLS MIDDLE SCHOOL 131 NOTRE DAME ST HUDSON FALLS,B2011,Hudson Falls Middle School 131 Notre Dame Street Hudson Falls,0.985158
A4481,TUCKAHOE HIGH SCHOOL 65 SIWANOY BLVD EASTCHESTER,B4998,Tuckahoe High And Middle School 65 Siwanoy Boulevard Eastchester,0.98515373
A3556,MOUNT MORRIS MIDDLE/SENIOR HIGH SCHOOL 30 BONADONNA AVE MOUNT MORRIS,B2878,Mount Morris Middle-Sr High School 30 Bonadonna Ave Mount Morris,0.98514664
A3849,SOUTH OCEAN MIDDLE SCHOOL 225 S OCEAN AVE PATCHOGUE,B4565,South Ocean Ave Middle School 225 S Ocean Ave Patchogue,0.9851253
A4685,WESTFIELD MIDDLE SCHOOL 203 E MAIN ST WESTFIELD,B5303,Westfield Middle School 203 E. Main Street Westfield,0.98507
A2988,HASTINGS HIGH SCHOOL 1 MT HOPE BLVD HASTINGS ON HUDSON,B1819,Hastings High School 1 Mount Hope Boulevard Hastings On Hudson,0.98505414
A3671,EDWARD TOWN MIDDLE SCHOOL 2292 SAUNDERS STLMNT RD SANBORN,B1257,Edward Town Middle School 2292 Saunders Settlement Rd Sanborn,0.9850323
A1338,BROOKLYN LATIN SCHOOL (THE) 223 GRAHAM AVE BROOKLYN,B588,"Brooklyn Latin School, The 223 Graham Ave Brooklyn",0.9849423
A721,BRONX LITTLE SCHOOL 1827 ARCHER ST BRONX,B540,Bronx Little School 1827 Archer Street Bronx,0.984879
A3319,LITTLE FALLS MIDDLE SCHOOL 1 HIGH SCHOOL RD LITTLE FALLS,B2518,Little Falls High School 1 High School Rd Little Falls,0.98484886
A18,BELLPORT SENIOR HIGH SCHOOL 205 BEAVER DAM RD BROOKHAVEN,B339,Bellport High School 205 Beaver Dam Rd Brookhaven,0.98484147
A1529,EPIC HIGH SCHOOL - NORTH 94-25 117TH ST SOUTH RICHMOND HILL,B1355,Epic High School-North 9425 117th St South Richmond Hill,0.9848318
A3154,BELLE SHERMAN SCHOOL 501 MITCHELL ST ITHACA,B333,Belle Sherman Elem School 501 Mitchell St Ithaca,0.9845858
A3422,MARLBORO ELEMENTARY SCHOOL 1380 RT 9W MARLBORO,B2691,Marlboro Elementary School 1380 Route 9w Marlboro,0.9844891
A4326,WALT WHITMAN HIGH SCHOOL 301 W HILLS RD HUNTINGTON STATION,B5170,Walt Whitman High School 301 W Hills Rd Huntington Sta,0.9844729
A4703,CHURCH STREET SCHOOL 295 CHURCH ST WHITE PLAINS,B868,Church Street School 295 Church Street White Plains,0.9844066
A1103,QUEENS COLLEGIATE - A COLLEGE BOARD SCHOOL 167-01 GOTHIC DR JAMAICA,B4135,Queens Collegiate:  A College Board School 167-01 Gothic Drive Jamaica,0.9843896
A4556,TOWNSEND ELEMENTARY SCHOOL 42-66 NORTH ST WALTON,B4981,Townsend Elementary School 42-66 North Street Walton,0.9843751
A4573,ROY C KETCHAM SENIOR HIGH SCHOOL 99 MYERS CORNERS RD WAPPINGERS FALLS,B4315,Roy C. Ketcham High School 99 Myers Corners Rd Wappingers Falls,0.9843625
A1983,ZETA CHARTER SCHOOL -SOUTH BRONX 425 WESTCHESTER AVE BRONX,B5469,Zeta Charter School - Bronx 1 425 Westchester Avenue Bronx,0.9843601
A747,SAMARA COMMUNITY SCHOOL 1570 BOONE AVE BRONX,B4355,Samara Community School 1550 Vyse Ave Bronx,0.9843269
A244,SIXTH AVENUE ELEMENTARY SCHOOL 590 6TH AVE NEW YORK,B4511,Sixth Avenue Elementary School 590 Sixth Avenue New York,0.9843241
A2911,WOODLANDS MIDDLE/HIGH SCHOOL 475 W HARTSDALE AVE HARTSDALE,B5406,Woodlands Middle  High School 475 West Hartsdale Avenue Hartsdale,0.98428583
A3738,NORWOOD AVENUE SCHOOL 25 NORWOOD RD NORTHPORT,B3064,Norwood Avenue Elem School 25 Norwood Rd Northport,0.9842741
A3221,PARKVIEW ELEMENTARY SCHOOL 23 ROUNDTREE DR KINGS PARK,B3941,Park View Elementary School 23 Roundtree Dr Kings Park,0.984222
A275,MANHATTAN/HUNTER SCIENCE HIGH SCHOOL 122 AMSTERDAM AVE NEW YORK,B2641,Manhattan / Hunter Science High School 122 Amsterdam Avenue Manhattan,0.98421204
A4652,WEST GENESEE SENIOR HIGH SCHOOL 5201 W GENESEE ST CAMILLUS,B5265,West Genesee Sr High School 5201 W Genesee St Camillus,0.9841743
A4700,POST ROAD SCHOOL 175 W POST RD WHITE PLAINS,B4069,Post Road School 175 West Post Road White Plains,0.9841375
A3897,PINE BUSH SENIOR HIGH SCHOOL PO BOX 670 PINE BUSH,B4020,Pine Bush High School Po Box 670 Pine Bush,0.9841097
A566,DEWITT CLINTON HIGH SCHOOL 100 W MOSHOLU PKWY S BRONX,B1088,Dewitt Clinton High School 100 West Mosholu Parkway South Bronx,0.9839994
A933,MIDDLE SCHOOL FOR ART AND PHILOSPHY 1084 LENOX RD BROOKLYN,B2770,Middle School For Art And Philosophy 1084 Lenox Road Brooklyn,0.9838205
A3985,PIETER B COEYMANS SCHOOL 66 CHURCH ST COEYMANS,B4016,Pieter B Coeymans Elem School 66 Church St Coeymans,0.98377746
A3589,CLARKSTOWN NORTH SENIOR HIGH SCHOOL 151 CONGERS RD NEW CITY,B890,Clarkstown North High School 229 Congers Rd New City,0.98377466
A3714,CICERO-NORTH SYRACUSE HIGH SCHOOL 6002 RT 31 CICERO,B874,Cicero-North Syracuse High School 6002 State Route 31 Cicero,0.98377395
A4482,WILLIAM E COTTLE SCHOOL 2 SIWANOY BLVD EASTCHESTER,B5344,William E. Cottle School 2 Siwanoy Boulevard Eastchester,0.98374546
A378,AMISTAD DUAL LANGUAGE SCHOOL 4862 BROADWAY NEW YORK,B144,Amistad Dual Language School 4862 Broadway Manhattan,0.98359215
A3272,LANSINGBURGH SENIOR HIGH SCHOOL 320 7TH AVE TROY,B2419,Lansingburgh Sr High School 320 7th Ave Troy,0.98357415
A1817,EXPLORE EMPOWER CHARTER SCHOOL 188 ROCHESTER AVE BROOKLYN,B1387,"Explore Empower Charter School 188 Rochester Ave, 5th Floor Brooklyn",0.98343617
A4373,GREENBURGH ACADEMY 108 SHONNARD PL YONKERS,B1703,Greenburgh Academy 108 Shonnard Place Yonkers,0.9834167
A2191,ROMBOUT MIDDLE SCHOOL 84 MATTEAWAN RD BEACON,B4288,Rombout Middle School 84 Matteawan Road Beacon,0.9833473
A3737,NORTHPORT SENIOR HIGH SCHOOL 154 LAUREL HILL RD NORTHPORT,B3047,Northport High School 154 Laurel Hill Rd Northport,0.9833218
A3740,PULASKI ROAD SCHOOL 623 9TH AVE EAST NORTHPORT,B4125,Pulaski Road Elementary School 623 9th Ave East Northport,0.98330504
A4399,SUFFERN SENIOR HIGH SCHOOL 49 VIOLA RD SUFFERN,B4769,Suffern Senior High School 49 Viola Road Suffern,0.9833008
A3253,BENJAMIN FRANKLIN ELEMENTARY SCHOOL 3477 KAMHI DR YORKTOWN HEIGHTS,B350,"Benjamin Franklin Elementary School 3477 Kamhi Drive, Route 132 Yorktown Heights",0.9832568
A901,EBBETS FIELD MIDDLE SCHOOL 46 MCKEEVER PL BROOKLYN,B1233,Ebbets Field Middle School 46 Mckeever Place Brooklyn,0.9832466
A3583,A MACARTHUR BARR MIDDLE SCHOOL 143 CHURCH ST NANUET,B15,A Macarthur Barr Middle School 143 Church Street Nanuet,0.9831774
A815,COBBLE HILL SCHOOL OF AMERICAN STUDIES 347 BALTIC ST BROOKLYN,B912,Cobble Hill Schoolof American Studies 347 Baltic Street Brooklyn,0.98315775
A4216,SCHUYLERVILLE HIGH SCHOOL 14 SPRING ST SCHUYLERVILLE,B4433,Schuylerville High School 18 Spring St Schuylerville,0.98305345
A2147,BROOKSIDE ELEMENTARY SCHOOL 940 STANTON AVE BALDWIN,B608,Brookside Elementary School East Stanton Ave Baldwin,0.98304963
A4695,WHEATLAND-CHILI HIGH SCHOOL 940 NORTH RD SCOTTSVILLE,B5316,Wheatland Chili High School 940 North Rd Scottsville,0.98304814
A2570,CORTLAND JUNIOR HIGH SCHOOL 8 VALLEY VIEW DR CORTLAND,B1001,Cortland Junior-Senior High School 8 Valley View Dr Cortland,0.9830216
A2979,LOUIS M KLEIN MIDDLE SCHOOL 50 UNION AVE HARRISON,B2546,Louis M. Klein Middle School 50 Union Avenue Harrison,0.98301923
A11,PINEWOOD ELEMENTARY SCHOOL 901 KINGS RD SCHENECTADY,B4031,Pinewood Intermediate School 901 Kings Rd Schenectady,0.9830187
A49,ALLEGANY-LIMESTONE MIDDLE-HIGH SCHOOL 3131 FIVE MILE RD ALLEGANY,B133,Allegany-Limestone Jr Sr High School 3131 Five Mile Road Allegany,0.98301744
A2174,DANA L LYON MIDDLE SCHOOL 25 ELLAS AVE BATH,B1041,Dana L Lyon Middle School 208 Liberty St Bath,0.9830128
A4454,JOHN PAULDING SCHOOL 154 N BROADWAY TARRYTOWN,B2294,John Paulding School 154 North Broadway Tarrytown,0.9830096
A2504,CLINTON SENIOR HIGH SCHOOL 75 CHENANGO AVE CLINTON,B903,Clinton Sr High School 75 Chenango Ave Clinton,0.98297703
A902,ELIJAH STROUD MIDDLE SCHOOL 443 SAINT MARKS AVE BROOKLYN,B1317,Elijah Stroud Middle School 750 Classon Avenue Brooklyn,0.9829538
A4142,WAVERLY AVENUE SCHOOL 1111 WAVERLY AVE HOLTSVILLE,B5222,Waverly Ave Elementary School 1111 Waverly Ave Holtsville,0.9829485
A3189,JOHNSON CITY SENIOR HIGH SCHOOL 666 REYNOLDS RD JOHNSON CITY,B2303,Johnson City High School 666 Reynolds Rd Johnson City,0.98294306
A2940,HALDANE ELEMENTARY SCHOOL 15 CRAIGSIDE DR COLD SPRING,B1754,Haldane Elementarymiddle School 15 Craigside Drive Cold Spring,0.9829119
A2962,HAMMONDSPORT JUNIOR-SENIOR HIGH SCHOOL 8272 MAIN ST HAMMONDSPORT,B1769,Hammondsport Jr-Sr High School 8272 Main Street Hammondsport,0.98288405
A3639,BALMVILLE SCHOOL 5144 RT 9W NEWBURGH,B266,Balmville School 5144 Rte.  9w Newburgh,0.9828707
A2284,BROCTON ELEMENTARY SCHOOL 138 W MAIN ST BROCTON,B484,Brocton Central School 138 W Main St Brocton,0.9828207
A2066,NORTH ALBANY ACADEMY MIDDLE SCHOOL 570 N PEARL ST ALBANY,B3008,North Albany Middle School 570 N Pearl St Albany,0.98277116
A2848,ROBERT M FINLEY MIDDLE SCHOOL 1 FOREST AVE GLEN COVE,B4257,Robert M. Finley Middle School 1 Forest Ave Frnt Glen Cove,0.9827648
A3400,MAMARONECK HIGH SCHOOL 1000 W BOSTON POST RD MAMARONECK,B2637,Mamaroneck High School 1000 West Boston Post Road Mamaroneck,0.9827552
A4009,BRUNO M PONTERIO RIDGE STREET SCHOOL 390 N RIDGE ST RYE BROOK,B619,Bruno M. Ponterio Ridge Street School 390 North Ridge Street Rye Brook,0.9826708
A860,BROOKLYN BROWNSTONE SCHOOL 272 MACDONOUGH ST BROOKLYN,B566,Brooklyn Brownstone School 272 Mc Donough Street Brooklyn,0.98263514
A146,ART AND DESIGN HIGH SCHOOL 231-249 E 56TH ST NEW YORK,B182,Art And Design High School 439 W 49th St New York,0.9825997
A4230,SEAFORD HARBOR SCHOOL 3500 BAYVIEW ST SEAFORD,B4447,Seaford Harbor Elem School 3501 Bayview St Seaford,0.98257804
A2287,BRONXVILLE HIGH SCHOOL 177 PONDFIELD RD BRONXVILLE,B553,Bronxville High School 177 Ondfield Road Bronxville,0.982572
A4707,HARTS HILL SCHOOL 8551 CLARK MILLS RD WHITESBORO,B1816,Harts Hill Elementary School 8551 Clark Mills Rd Whitesboro,0.9825227
A1285,EAGLE ACADEMY FOR YOUNG MEN OF STATEN ISLAND (THE) 101 WARREN ST STATEN ISLAND,B1163,Eagle Academy For Young Men Of Staten Island 101 Warren Street Staten Island,0.982507
A2216,GLENMONT ELEMENTARY SCHOOL 328 RTE 9W GLENMONT,B1624,Glenmont Elementary School 328 Route 9w Glenmont,0.9824269
A3501,PRESIDENTIAL PARK ELEMENTARY SCHOOL 48 ROOSEVELT AVE MIDDLETOWN,B4084,Presidential Park Elementary School Roosevelt Ave Middletown,0.98242456
A9,MOHONASEN SENIOR HIGH SCHOOL 2072 CURRY RD SCHENECTADY,B2822,Mohonasen High School 2072 Curry Rd Schenectady,0.9824105
A704,BRONX REGIONAL HIGH SCHOOL 1010 REV J A POLITE AVE BRONX,B543,Bronx Regional High School 1010 Rev. J. A. Polite Avenue Bronx,0.98237854
A3950,PORT JERVIS SENIOR HIGH SCHOOL 10 RT 209 PORT JERVIS,B4061,Port Jervis High School 10 Route 209 Port Jervis,0.9823681
A3512,JACKSON AVENUE SCHOOL 300 JACKSON AVE MINEOLA,B2217,Jackson Avenue Elem School 300 Jackson Ave Mineola,0.98235404
A1794,BRONX ACADEMY OF PROMISE CHARTER SCHOOL 1349 INWOOD AVE BRONX,B493,Bronx Academy Of Promise School 1349 Inwood Avenue Bronx,0.9823403
A4046,SCHOOL WITHOUT WALLS 480 BROADWAY ROCHESTER,B4431,School Without Walls 480 Broadway St Rochester,0.9823343
A2840,GERMANTOWN ELEMENTARY SCHOOL 123 MAIN ST GERMANTOWN,B1604,Germantown School 123 Main St Germantown,0.982319
A3927,OAK STREET SCHOOL 108 OAK ST PLATTSBURGH,B3088,Oak Street Elementary School 108 Oak St Plattsburgh,0.98228514
A4788,THOMAS CORNELL ACADEMY 15 ST MARY'S PL YONKERS,B4944,Thomas Cornell Academy 15 Saint Marys Place Yonkers,0.98227143
A4106,ROSLYN HEIGHTS ELEMENTARY SCHOOL 240 WILLOW ST ROSLYN HEIGHTS,B4308,Roslyn Heights Primary School 240 Willow St Roslyn Heights,0.9822454
A33,WAYLAND-COHOCTON MIDDLE SCHOOL 2350 RT 63 WAYLAND,B5228,Wayland-Cohocton Middle School 2350 State Route 63 Wayland,0.98215437
A3035,WOODLAND AVENUE SCHOOL 85 KETCHAM RD HICKSVILLE,B5403,Woodland Avenue Elem School 85 Ketcham Road Hicksville,0.98214954
A3291,DIVISION AVENUE SENIOR HIGH SCHOOL 120 DIVISION AVE LEVITTOWN,B1107,Division Avenue Sr High School 120 Division Ave Levittown,0.98192096
A1893,UTICA ACADEMY OF SCIENCE CHARTER SCHOOL 160 SCHOOL LN FRANKFORT,B5087,Utica Academy Of Science Charter School 160 School Lane Frankfort,0.981887
A3779,OLEAN SENIOR HIGH SCHOOL 410 W SULLIVAN ST OLEAN,B3114,Olean High School 410 W Sullivan St Olean,0.98186225
A1364,W H MAXWELL CAREER AND TECHNICAL EDUCATION HIGH SCHOOL 145 PENNSYLVANIA AVE BROOKLYN,B5154,W. H. Maxwell Career And Technical Education High School 145 Pennsylvania Avenue Brooklyn,0.98184144
A3024,HERRICKS HIGH SCHOOL 100 SHELTER ROCK RD NEW HYDE PARK,B1879,Herricks Senior High School 100 Shelter Rock Road New Hyde Park,0.981729
A4467,TRI-VALLEY ELEMENTARY SCHOOL 34 MOORE HILL RD GRAHAMSVILLE,B4989,Tri-Valley Elementary 34 Moore Hill Road Grahamsville,0.98171365
A942,URBAN ACTION ACADEMY 1600 ROCKAWAY PKWY BROOKLYN,B5050,Urban Action Academy 1600 Rockaway Parkway Brooklyn,0.9816808
A335,THURGOOD MARSHALL ACADEMY FOR LEARNING & SOCIAL CHANGE 200-214 W 135TH ST NEW YORK,B4955,Thurgood Marshall Academy For Learning And Social Change 200 W 135th St # 214 New York,0.9816805
A1375,CYPRESS HILLS COLLEGIATE PREPARATORY SCHOOL 999 JAMAICA AVE BROOKLYN,B1039,Cypress Hills Collegitate Preparatory School 999 Jamaica Avenue Brooklyn,0.98167455
A1944,STOREFRONT ACADEMY CHARTER SCHOOL 609 JACKSON AVE BRONX,B4761,Storefront Academy Charter School South Bronx 609 Jackson Ave Bronx,0.98154175
A3353,LINDELL BOULEVARD SCHOOL 601 LINDELL BLVD LONG BEACH,B2505,Lindell Boulevard Elem School 601 Lindell Blvd Long Beach,0.98149693
A3491,RIDGE ELEMENTARY SCHOOL 105 RIDGE RD RIDGE,B4219,Ridge Elementary School 1 Ridge Rd Ridge,0.9814672
A4333,TAPPAN ZEE HIGH SCHOOL 15 DUTCH HILL RD ORANGEBURG,B4811,"Tappan Zee High School 15 Dutch Hill Road Orangeburg,",0.9814649
A3755,NYACK SENIOR HIGH SCHOOL 360 CHRISTIAN HERALD RD NYACK,B3077,Nyack High School 360 Christian Herald Rd Nyack,0.98142797
A2161,BALLSTON SPA SENIOR HIGH SCHOOL 220 BALLSTON AVE BALLSTON SPA,B265,Ballston Spa Sr High School 220 Balliston Avenue Ballston Spa,0.9813367
A2380,CANANDAIGUA PRIMARY-ELEMENTARY SCHOOL 90 W GIBSON ST CANANDAIGUA,B681,Canandaigua Primary-Elementary School West Gibson St Canandaigua,0.98133016
A1844,DR RICHARD IZQUIERDO HEALTH AND SCIENCE CHARTER SCHOOL 800 HOME ST-RM 205 BRONX,B1129,Dr. Richard Izquierdo Health And Science Charter School 800 Home St Bronx,0.9813123
A1069,HILLCREST HIGH SCHOOL 160-05 HIGHLAND AVE JAMAICA,B1936,Hillcrest High School 16005 Highland Ave Jamaica,0.98130274
A1463,BELL ACADEMY 18-25 212TH ST BAYSIDE,B331,Bell Academy 18-25 212 Street Bayside,0.9812726
A1294,HARLEM CHILDREN'S ZONE PROMISE ACADEMY CHARTER SCHOOL 245 W 129TH ST NEW YORK,B1789,Harlem Children'S Zone Promise Academy Charter School I- Middle 245 West 129th Street New York,0.9812357
A1034,BENJAMIN N CARDOZO HIGH SCHOOL 57-00 223RD ST BAYSIDE,B353,Benjamin N. Cardozo High School 57-00 223rd Street Bayside,0.98123336
A842,ELIZABETH JENNINGS SCHOOL FOR BOLD EXPLORERS 489 STATE ST BROOKLYN,B4857,The Elizabeth Jennings School For Bold Explorers 485 State St Brooklyn,0.98122513
A2858,PARK TERRACE SCHOOL 40 BLOOMINGDALE AVE GLOVERSVILLE,B3940,Park Terrace Elementary School 50 Bloomingdale Ave Gloversville,0.9811759
A637,BRONX COLLABORATIVE HIGH SCHOOL 100 W MOSHOLU PKWY S BRONX,B510,Bronx Collaborative High School 100 West Mosholu Parkway South Bronx,0.9811539
A3267,WILLIAM STREET SCHOOL 5201 WILLIAM ST LANCASTER,B5359,William St School 5201 William St Lancaster,0.9810779
A2655,BARNUM WOODS SCHOOL 500 MAY LN EAST MEADOW,B279,Barnum Woods Elem School 500 May Ln East Meadow,0.9810634
A1101,YOUNG WOMEN'S LEADERSHIP SCHOOL-QUEENS 150-91 87TH RD JAMAICA,B5466,Young Women'S Leadership School Queens 109-20 Union Hall Street Jamaica,0.9810434
A3942,PORT CHESTER SENIOR HIGH SCHOOL 1 TAMARACK RD PORT CHESTER,B4058,Port Chester Sr High School 1 Tamarack Rd Port Chester,0.9810349
A4565,BRINCKERHOFF ELEMENTARY SCHOOL 16 WEDGEWOOD RD FISHKILL,B479,Brinckerhoff Elementary School Wedgewood Rd Fishkill,0.9810112
A2833,GENESEO MIDDLE SCHOOL HIGH SCHOOL 4050 AVON RD GENESEO,B1582,Geneseo Middle/High School 4050 Avon Rd Geneseo,0.98098785
A3213,HERBERT HOOVER ELEMENTARY SCHOOL 199 THORNCLIFF RD BUFFALO,B1869,Herbert Hoover Middle School 249 Thorncliff Rd Buffalo,0.9809696
A2792,JOHN W DODD MIDDLE SCHOOL 25 PINE ST FREEPORT,B2301,John W Dodd Junior High School 25 Pine St Freeport,0.98094517
A1842,INWOOD ACADEMY FOR LEADERSHIP CHARTER SCHOOL 3896 10TH AVE NEW YORK,B2134,Inwood Academy For Leadership Charter School - High School 3896 10th Avenue New York,0.9809164
A3818,SOUTH SENECA MIDDLE/HIGH SCHOOL 7263 S MAIN ST OVID,B4569,South Seneca High School 7263 Main St Ovid,0.9808516
A1421,BROOKLYN ENVIRONMENTAL EXPLORATION SCHOOL (BEES) 251 MACDOUGAL ST BROOKLYN,B573,Brooklyn Environmental Exploration School - Bees 251 Mcdougal Street Brooklyn,0.9808179
A3679,GLENCLIFF SCHOOL 961 RIVERVIEW RD REXFORD,B1620,Glencliff Elementary School 961 Riverview Rd Rexford,0.9806746
A728,FREDERICK DOUGLASS ACADEMY V MIDDLE SCHOOL 2111 CROTONA AVE BRONX,B1514,Frederick Douglass Academy V. Middle School 2111 Crotona Avenue Bronx,0.9806376
A4783,PEARLS HAWTHORNE SCHOOL 350 HAWTHORNE AVE YONKERS,B3977,Pearls Hawthorne Elm School 348 Hawthorne Ave Yonkers,0.9806261
A1940,CHARTER HIGH SCHOOL FOR LAW AND SOCIAL JUSTICE 1960 UNIVERSITY AVE BRONX,B4843,The Charter High School For Law And Social Justice 1960 University Ave Bronx,0.9806186
A3916,PLAINEDGE SENIOR HIGH SCHOOL 241 WYNGATE DR MASSAPEQUA,B4038,Plainedge High School 241 Wyngate Dr Massapequa,0.98060787
A3829,THEODORE ROOSEVELT SCHOOL 150 W MAIN ST OYSTER BAY,B4936,Theodore Roosevelt Elem School 150 W Main St Oyster Bay,0.9805883
A2271,BRIARCLIFF MIDDLE SCHOOL 444 PLEASANTVILLE RD BRIARCLIFF MANOR,B463,Briarcliff Middle School 444 Pleasantville Road Briarcliff,0.9805123
A2727,ALICE E GRADY ELEMENTARY SCHOOL 45 COBB LN ELMSFORD,B127,Alice E Grady Elementary School 45 Cobb Lane Elmsford,0.98050475
A3647,SOUTH MIDDLE SCHOOL 33-63 MONUMENT ST NEWBURGH,B4564,South Middle School 33 Monument St # 63 Newburgh,0.9804856
A3257,LINCOLN TITUS ELEMENTARY SCHOOL 10 LINCOLN AVE CROMPOND,B2504,Lincoln-Titus Elementary School 10 Lincoln Avenue Crompond,0.9804034
A240,YORKVILLE EAST MIDDLE SCHOOL 1458 YORK AVE NEW YORK,B5459,Yorkville East Middle School 1458 York Ave Manhattan,0.98038936
A3317,BENTON HALL ACADEMY 1 WARD SQ LITTLE FALLS,B357,Benton Hall Academy School 1 Ward Sq Little Falls,0.98032516
A3700,FORTS FERRY SCHOOL 95 FORTS FERRY RD LATHAM,B1479,Forts Ferry Elementary School 95 Forts Ferry Rd Latham,0.98029023
A3079,HORSEHEADS SENIOR HIGH SCHOOL 401 FLETCHER ST HORSEHEADS,B1997,Horseheads Sr High School 401 Fletcher St Horseheads,0.9802828
A2009,KIPP BRONX CHARTER SCHOOL III 1504 MACOMBS RD BRONX,B2362,Kipp Bronx Iii Charter School 501 Gerard Ave Bronx,0.98025084
A1912,SOUTH BRONX CLASSICAL CHARTER SCHOOL II 977 FOX ST BRONX,B4543,South Bronx Classical Charter School Ii 333 East 135th Street Bronx,0.98024243
A782,GOTHAM PROFESSIONAL ARTS ACADEMY 561 GRAND AVE BROOKLYN,B1655,Gotham Professional Arts Academy 265 Ralph Avenue Brooklyn,0.9802213
A3492,WEST MIDDLE ISLAND SCHOOL 30 SWEZEY LN MIDDLE ISLAND,B5273,West Middle Island Elem School 30 Swezey Ln Middle Island,0.9802154
A4344,SOUTHWESTERN SENIOR HIGH SCHOOL 600 HUNT RD W JAMESTOWN,B4591,Southwestern Sr High School 600 Hunt Rd Jamestown,0.98019797
A216,NYC ISCHOOL 131 AVE OF THE AMERICAS NEW YORK,B3082,Nyc Ischool 131 Avenue Of The Americas Manhattan,0.98016965
A1628,HARLEM VILLAGE ACADEMY EAST CHARTER SCHOOL 35 W 124TH ST NEW YORK,B1794,Harlem Village Academy Elementary Charter School 74 W 124th Street New York,0.98015773
A2607,DOBBS FERRY HIGH SCHOOL 505 BROADWAY DOBBS FERRY,B1110,Dobbs Ferry High And Middle School 505 Broadway Dobbs Ferry,0.980155
A3045,HILTON HIGH SCHOOL 400 EAST AVE HILTON,B1948,Hilton Central High School 400 East Ave Hilton,0.98007315
A4165,SARANAC LAKE SENIOR HIGH SCHOOL 79 CANARAS AVE SARANAC LAKE,B4369,Saranac Lake High School 79 Canaras Ave Saranac Lake,0.9800533
A3464,MERRICK AVENUE MIDDLE SCHOOL 1870 MERRICK AVE MERRICK,B2756,Merrick Ave Middle School 1870 Merrick Ave N Merrick,0.9800512
A73,EUGENIO MARIA DE HOSTOS CHARTER SCHOOL 27 ZIMBRICH ST ROCHESTER,B1373,Eugenio Maria De Hostos Charter School Intermediate 27 Zimbrich St Rochester,0.98004824
A2885,LAKEVILLE ELEMENTARY SCHOOL 47-27 JAYSON AVE GREAT NECK,B2410,Lakeville Elementary School 42 Jayson Ave # 27 Great Neck,0.9799953
A1795,VOICE CHARTER SCHOOL OF NEW YORK 36-24 12TH ST LONG ISLAND CITY,B5142,Voice Charter School Of Ny Upper Campus 36-24 12th Street Long Island City,0.9799888
A225,EMMA LAZARUS HIGH SCHOOL 100 HESTER ST NEW YORK,B1345,Emma Lazarus High School 100 Hester Street Manhattan,0.97994924
A3702,LOUDONVILLE SCHOOL 349 OSBORNE RD LOUDONVILLE,B2544,Loudonville Elementary School 349 Osborne Rd Loudonville,0.9799279
A214,LOWER MANHATTAN ARTS ACADEMY 350 GRAND ST NEW YORK,B2548,Lower Manhattan Arts Academy 350 Grand Street Manhattan,0.9799081
A1810,GROWING UP GREEN CHARTER SCHOOL 39-27 28TH ST LONG ISLAND CITY,B1733,Growing Up Green Charter School - Elementary 39-27 28th St Long Island City,0.9799024
A525,MOTT HALL III 580 CROTONA PARK S BRONX,B2865,Mott Hall Iii 580 Crotona Park South Bronx,0.97987926
A4323,HENRY L STIMSON MIDDLE SCHOOL 401 OAKWOOD RD HUNTINGTON STATION,B1863,Henry L Stimson Middle School 401 Oakwood Rd Huntington Sta,0.9798311
A3662,MAPLE AVENUE SCHOOL 952 MAPLE AVE NIAGARA FALLS,B2661,Maple Avenue Elementary School 952 Maple Ave Niagara Falls,0.9798088
A2942,HALDANE MIDDLE SCHOOL 15 CRAIGSIDE DR COLD SPRING,B1755,Haldane High School 15 Craigside Dr Cold Spring,0.9798048
A4541,VESTAL SENIOR HIGH SCHOOL 205 WOODLAWN DR VESTAL,B5124,Vestal Sr High School 205 Woodlawn Dr Vestal,0.97972393
A741,ARTURO A SCHOMBURG SATELLITE ACADEMY BRONX 1010 REV J A POLITE AVE BRONX,B185,Arturo A. Schomburg Satellite Academy Bronx 1010 Rev. J. A. Polite Avenue Bronx,0.979686
A2644,LAURELTON-PARDEE INTERMEDIATE SCHOOL 600 PARDEE RD ROCHESTER,B2425,Laurelton-Pardee Inter School 600 Pardee Rd Rochester,0.979682
A264,STEM INSTITUTE OF MANHATTAN 240 W 113TH ST NEW YORK,B4746,Stem Institute Of Manhattan 240 West  113 Street Manhattan,0.9796742
A3360,LOWVILLE MIDDLE SCHOOL 7668 N STATE ST LOWVILLE,B2550,Lowville Elementary School 7668 N State St Lowville,0.97966176
A2235,THOMAS JEFFERSON SCHOOL 151 HELEN ST BINGHAMTON,B4948,Thomas Jefferson Elem School 151 Helen St Binghamton,0.97962904
A2768,FORESTVILLE CENTRAL HIGH SCHOOL 4 ACADEMY ST FORESTVILLE,B1465,Forestville Central High Sch 4 Academy St Forestville,0.97961944
A198,MANHATTAN BRIDGES HIGH SCHOOL 525 W 50TH ST NEW YORK,B2643,Manhattan Bridges High School 525 West 50th  Street Manhattan,0.9795768
A1625,HARLEM LINK CHARTER SCHOOL 21 W 111TH ST-RM 357 NEW YORK,B1790,Harlem Link Charter School 21 West 111th Street New York,0.9795709
A3869,PELHAM MIDDLE SCHOOL 28 FRANKLIN PL PELHAM,B3985,Pelham Middle School 28 Franklin Place Pelham,0.97955906
A4564,KINRY ROAD ELEMENTARY SCHOOL 58 KINRY RD POUGHKEEPSIE,B2355,Kinry Road Elementary School Kinry Rd Poughkeepsie,0.97954273
A2854,BOULEVARD SCHOOL 56 EAST BLVD GLOVERSVILLE,B443,Boulevard Elementary School 56 East Blvd Gloversville,0.97948885
A3783,ONEONTA SENIOR HIGH SCHOOL 130 EAST ST ONEONTA,B3123,Oneonta High School 130 East St Oneonta,0.9794425
A2487,CLARENCE CENTER ELEMENTARY SCHOOL 9600 CLARENCE CTR RD CLARENCE CENTER,B886,Clarence Center Elementary Sch 9600 Clarence Center Rd Clarence Ctr,0.97936064
A2516,WEST SIDE SCHOOL 1597 LAUREL HOLLOW RD SYOSSET,B5284,West Side Elementary School 1597 Laurel Hollow Rd Syosset,0.9793526
A2110,CONCORD ROAD ELEMENTARY SCHOOL CONCORD RD ARDSLEY,B959,Concord Road Elementary School 2 Concord Rd Ardsley,0.97933924
A3972,PULASKI MIDDLE-HIGH SCHOOL 4624 SALINA ST PULASKI,B4124,Pulaski Jr-Sr High School 4624 Salina St Pulaski,0.9793105
A735,METROPOLITAN HIGH SCHOOL (THE) 1180 REV J A POLITE AVE BRONX,B2763,Metropolitan High School The 1180 Rev. J.A. Polite Ave. Bronx,0.9792534
A131,VANGUARD HIGH SCHOOL 317 E 67TH ST-RM 401 NEW YORK,B5112,Vanguard High School 317 E 67th St New York,0.97925234
A1863,AMANI PUBLIC CHARTER SCHOOL 60 S 3RD AVE MOUNT VERNON,B140,Amani Public Charter School 60 S.Third Ave. Mt Vernon,0.9792428
A3021,HERMON-DEKALB CENTRAL SCHOOL 709 E DEKALB RD DE KALB JUNCTION,B1877,Hermon-Dekalb Central School 709 E Dekalb Rd De Kalb Jct,0.9791976
A3307,ALBANY AVENUE SCHOOL 180 ALBANY AVE LINDENHURST,B95,Albany Avenue Elem School 180 Albany Ave Lindenhurst,0.97918725
A3606,NEW HARTFORD SENIOR HIGH SCHOOL 33 OXFORD RD NEW HARTFORD,B2953,New Hartford Sr High School 33 Oxford Rd New Hartford,0.9791633
A3033,LEE AVENUE SCHOOL 1 7TH ST HICKSVILLE,B2443,Lee Avenue Elementary School 1 7th St Hicksville,0.979157
A3309,DANIEL STREET SCHOOL 289 DANIEL ST LINDENHURST,B1042,Daniel Street Elem School 289 Daniel St Lindenhurst,0.979154
A1801,UNIVERSITY PREP CHARTER HIGH SCHOOL 600 ST ANN'S AVE-4TH FL BRONX,B5043,University Prep Charter High School 600 St. Anns Ave. 4th Floor Bronx,0.9791128
A3310,HARDING AVENUE SCHOOL 2 HARDING AVE LINDENHURST,B1780,Harding Avenue Elem School 2 Harding Ave Lindenhurst,0.9790891
A2222,CHARLES CAMPAGNE SCHOOL 601 PLAINVIEW RD BETHPAGE,B807,Charles Campagne Elem School 601 Plainview Rd Bethpage,0.9790658
A3037,HIGHLAND ELEMENTARY SCHOOL 16 LOCKHART LN HIGHLAND,B1927,Highland Elementary School Lockhart Ln Highland,0.9790107
A781,ACADEMY OF ARTS AND LETTERS 344 MONROE ST BROOKLYN,B52,Academy Of Arts And Letters 225 Adelphi Street Brooklyn,0.9789246
A4643,WEST BABYLON SENIOR HIGH SCHOOL 500 GREAT E NECK RD WEST BABYLON,B5254,West Babylon Sr High School 500 Great East Neck Rd West Babylon,0.9789227
A1852,INNOVATION CHARTER HIGH SCHOOL 410 E 100TH ST-2ND FL NEW YORK,B2118,Innovation Charter High School 410 E 100 Street New York,0.9788453
A3428,BERNER MIDDLE SCHOOL 50 CARMAN MILL RD MASSAPEQUA,B365,Berner Junior High School 50 Carman Mill Rd Massapequa,0.97883546
A3178,JOHN F KENNEDY MIDDLE SCHOOL 200 JAYNE BLVD PORT JEFFERSON STATION,B2279,John F Kennedy Middle School 200 Jayne Blvd Port Jefferson,0.9788072
A3026,HERRICKS MIDDLE SCHOOL 7 HILLDALE DR ALBERTSON,B1878,Herricks Middle School 7 Hilldale Rd Albertson,0.9787881
A2631,PARKDALE ELEMENTARY SCHOOL 141 GIRARD AVE EAST AURORA,B3942,Parkdale Elementary School 80 Parkdale Ave East Aurora,0.9787668
A4086,RIDGE MILLS ELEMENTARY SCHOOL 7841 ROME-WSTRNVLL RD ROME,B4220,Ridge Mills Elementary School 7841 Ridge Mills Rd Rome,0.978756
A2719,COHEN MIDDLE SCHOOL 100 ROBINWOOD AVE ELMIRA HEIGHTS,B916,Cohen Elementary School 100 Robinwood Ave Elmira Heights,0.9787371
A2930,GROTON JUNIOR/SENIOR HIGH SCHOOL 400 PERU RD GROTON,B1730,Groton Middle-High School 400 Peru Rd Groton,0.97873396
A2489,CLARENCE SENIOR HIGH SCHOOL 9625 MAIN ST CLARENCE,B887,Clarence High School 9625 Main St Clarence,0.97873306
A1342,EAST NEW YORK FAMILY ACADEMY 760 VAN SICLEN AVE BROOKLYN,B1210,East New York Family Academy 2057 Linden Boulevard Brooklyn,0.9786122
A2121,LAGRANGE MIDDLE SCHOOL 110 STRINGHAM RD LAGRANGEVILLE,B2397,Lagrange Middle School 110 Stringham Road La Grangeville,0.9785974
A2827,NEIL ARMSTRONG SCHOOL 3273 LYELL RD ROCHESTER,B2934,Neil Armstrong Elem School 3273 Lyell Rd Rochester,0.9785908
A2416,CATSKILL SENIOR HIGH SCHOOL 341 W MAIN ST CATSKILL,B752,Catskill Sr High School 341 W Main St Catskill,0.9785678
A2200,BEEKMANTOWN MIDDLE SCHOOL 37 EAGLE WAY WEST CHAZY,B326,Beekmantown High School 37 Eagle Way West Chazy,0.9785172
A4081,ROCKY POINT MIDDLE SCHOOL 76 ROCKY PT-YAPHANK RD ROCKY POINT,B4282,Rocky Point Middle School 76 Rocky Point-Yaphank Road Rocky Point,0.9784986
A3028,BURNS AVENUE SCHOOL 40 BURNS AVE HICKSVILLE,B630,Burns Avenue Elementary School 40 Burns Ave Hicksville,0.97844636
A2793,LEO F GIBLYN SCHOOL 450 S OCEAN AVE FREEPORT,B2455,Leo F Giblyn Elem School 450 S Ocean Ave Freeport,0.97844005
A4163,PETROVA ELEMENTARY SCHOOL 79 CANARAS AVE SARANAC LAKE,B4008,Petrova Elementary School 141 Petrova Ave Saranac Lake,0.97843856
A2712,PINE CITY SCHOOL 1551 PENNSYLVANIA AVE PINE CITY,B4021,Pine City Elementary School 1551 Pennsylvania Ave Pine City,0.9784311
A2857,KINGSBOROUGH SCHOOL 24 W ELEVENTH AVE GLOVERSVILLE,B2349,Kingsborough Elementary School 24 W 11th Ave Gloversville,0.9784285
A768,DR SUSAN S MCKINNEY SECONDARY SCHOOL OF THE ARTS 101 PARK AVE BROOKLYN,B1130,Dr. Susan S. Mckinney Secondary School Of The Arts 101 Park Avenue Brooklyn,0.9783421
A4480,TUCKAHOE MIDDLE SCHOOL 65 SIWANOY BLVD EASTCHESTER,B4998,Tuckahoe High And Middle School 65 Siwanoy Boulevard Eastchester,0.97832215
A2545,DEAUVILLE GARDENS WEST ELEMENTARY SCHOOL 100 DEAUVILLE BLVD COPIAGUE,B1058,Deauville Gardens West Elem School 100 Deauville Blvd Copiague,0.978315
A3184,JERICHO SENIOR HIGH SCHOOL 99 CEDAR SWAMP RD JERICHO,B2258,Jericho Middle - Senior High School 99 Cedar Swamp Rd Jericho,0.9782921
A1685,ABRAHAM LINCOLN HIGH SCHOOL 2800 OCEAN PKWY BROOKLYN,B33,Abraham Lincoln High School 2800 Ocean Pky Brooklyn,0.9782585
A4600,SHERMAN SCHOOL 836 SHERMAN ST WATERTOWN,B4495,Sherman Elementary School 836 Sherman St Watertown,0.97825354
A1799,LA CIMA CHARTER SCHOOL 800 GATES AVE BROOKLYN,B2386,"La Cima Charter School 800 Gates Avenue, 3rd Floor Brooklyn",0.9781672
A3481,OXHEAD ROAD SCHOOL 144 OXHEAD RD CENTEREACH,B3189,Oxhead Road Elementary School 144 Oxhead Rd Centereach,0.97815096
A4232,SEAFORD MANOR SCHOOL 1590 WASHINGTON AVE SEAFORD,B4448,Seaford Manor Elem School 1590 Washington Ave Seaford,0.9781414
A2247,BRADFORD CENTRAL SCHOOL 2820 RT 226 BRADFORD,B453,Bradford Central School 2820 State Route 226 Bradford,0.97795
A2425,CENTRAL ISLIP SENIOR HIGH SCHOOL 85 WHEELER RD CENTRAL ISLIP,B785,Central Islip Sr High School 85 Wheeler Rd Central Islip,0.9779496
A2852,JACKSON HEIGHTS SCHOOL 24 JACKSON AVE GLENS FALLS,B2219,Jackson Heights Elem School 24 Jackson Ave Glens Falls,0.97792864
A2782,FRANKLINVILLE ELEMENTARY SCHOOL 32 N MAIN ST FRANKLINVILLE,B1505,Franklinville Elementary Sch 32 N Main St Franklinville,0.9779237
A4118,CHARLES H ROTH JUNIOR HIGH SCHOOL 4000 E HENRIETTA RD HENRIETTA,B813,Charles H Roth Middle School 4000 E Henrietta Rd Henrietta,0.97791463
A3718,ROXBORO ROAD ELEMENTARY SCHOOL 200 BERNARD ST SYRACUSE,B4313,Roxboro Road Middle School 300 Bernard St Syracuse,0.9778678
A3292,GARDINERS AVENUE SCHOOL 610 GARDINERS AVE LEVITTOWN,B1560,Gardiners Avenue Elem School 610 Gardiners Ave Levittown,0.97782874
A2221,CENTRAL BOULEVARD ELEMENTARY SCHOOL 60 CENTRAL BLVD BETHPAGE,B783,Central Blvd Elementary School 60 Central Blvd Bethpage,0.9778228
A2180,MARY G CLARKSON SCHOOL 1415 E 3RD AVE BAY SHORE,B2708,Mary G Clarkson Elem School 1415 E 3rd Ave Bay Shore,0.9778088
A3862,OAKSIDE SCHOOL 200 DECATUR AVE PEEKSKILL,B3093,Oakside Elementary School 200 Decatur Ave Peekskill,0.97780836
A638,WORLD VIEW HIGH SCHOOL 100 W MOSHOLU PKWY S BRONX,B5418,World View High School 100 West Mosholu Parkway South Bronx,0.97776836
A4293,MILLS POND ELEMENTARY SCHOOL 246 MORICHES RD ST JAMES,B2803,Mills Pond Elementary 246 Moriches Road St James,0.97771627
A1891,MIDDLE VILLAGE PREPARATORY CHARTER SCHOOL 6802 METROPOLITAN AVE MIDDLE VILLAGE,B2772,Middle Village Preparatory Charter School 68-02 Metropolitan Ave Middle Village,0.9777137
A4200,DR MARTIN LUTHER KING SCHOOL JR ELEMENTARY SCHOOL 918 STANLEY ST SCHENECTADY,B1128,Dr. Martin Luther King Jr. Elementary School 918 Stanley Street Schenectady,0.9776772
A631,ELEMENTARY SCHOOL FOR MATH SCIENCE AND TECHNOLOGY 125 E 181ST ST BRONX,B1316,"Elementary School For Math, Science, And Technology 125 East 181st Street Bronx",0.9776768
A3421,MARLBORO MIDDLE SCHOOL 1375 RT 9W MARLBORO,B2693,Marlboro Middle School 1375 Route 9w Marlboro,0.97767425
A4786,YONKERS MIDDLE SCHOOL 150 ROCKLAND AVE YONKERS,B5452,Yonkers High School 150 Rockland Ave Yonkers,0.97761726
A4128,RYE NECK MIDDLE SCHOOL 300 HORNIDGE RD MAMARONECK,B4329,Rye Neck Middle & High School 300 Hornidge Rd Mamaroneck,0.9775705
A2780,POLK STREET SCHOOL 960 POLK AVE FRANKLIN SQUARE,B4053,Polk Street Elementary School 960 Polk Ave Franklin Square,0.97756886
A2742,BROOKS HILL SCHOOL 181 HULBURT RD FAIRPORT,B606,Brooks Hill Elementary School 181 Hulburt Rd Fairport,0.97750485
A4017,RIVERHEAD SENIOR HIGH SCHOOL 700 HARRISON AVE RIVERHEAD,B4237,Riverhead High School 700 Harrison Ave Riverhead,0.9774769
A2665,EAST MORICHES ELEMENTARY SCHOOL 523 MONTAUK HWY EAST MORICHES,B1208,East Morisches Elementary School 523 Montauk Hwy East Moriches,0.97745794
A4281,JOHN F KENNEDY MIDDLE SCHOOL 305 CAYUGA CREEK RD CHEEKTOWAGA,B2275,John F Kennedy High School 305 Cayuga Creek Rd Cheektowaga,0.97745156
A4592,WASHINGTONVILLE MIDDLE SCHOOL 38 W MAIN ST WASHINGTONVILLE,B5203,Washingtonville Middle School 38 W Main St Washingtonvle,0.97743595
A3582,GEORGE W MILLER ELEMENTARY SCHOOL 50 BLAUVELT RD NANUET,B1595,George W. Miller Elementary School 50 Blauvelt Road Nanuet,0.9774236
A2063,SHERIDAN PREPARATORY ACADEMY 400 SHERIDAN AVE ALBANY,B4493,Sheridan Prepatory Academy 400 Sheridan Ave Albany,0.97733843
A752,BROOKLYN TECHNICAL HIGH SCHOOL 29 FT GREENE PL BROOKLYN,B603,Brooklyn Technical High School 29 Ft Greene Place Brooklyn,0.9773219
A2749,NORTHSIDE SCHOOL 181 HAMILTON RD FAIRPORT,B3053,Northside Elementary School 181 Hamilton Rd Fairport,0.9772669
A2111,ARGYLE JUNIOR/SENIOR HIGH SCHOOL 5023 STATE RT 40 ARGYLE,B177,Argyle Junior-Senior High School 5023 State Route 40 Argyle,0.9772311
A4539,TIOGA HILLS ELEMENTARY SCHOOL 40-48 GLANN RD APALACHIN,B4963,Tioga Hill Elementary School 40 Glann Rd Apalachin,0.97723025
A3157,BEVERLY J MARTIN ELEMENTARY SCHOOL 302 W BUFFALO ST ITHACA,B379,Beverly Martin Elementary Sch 302 W Buffalo St Ithaca,0.9772171
A43,ONEIDA SENIOR HIGH SCHOOL 560 SENECA ST ONEIDA,B3121,Oneida High School 560 Seneca St Oneida,0.97719944
A550,WALTON AVENUE SCHOOL (THE) 1425 WALTON AVE BRONX,B4927,The Walton Avenue School 1425 Walton Ave Bronx,0.97718513
A2430,ANTHONY ALFANO ELEMENTARY SCHOOL 50 WHEELER RD CENTRAL ISLIP,B123,Alfano Elementary School 50 Wheeler Rd Central Islip,0.9771744
A4191,SCARSDALE SENIOR HIGH SCHOOL 1057 POST RD SCARSDALE,B4390,Scarsdale High School 1057 Post Road Scarsdale,0.9771456
A196,BALLET TECH/NYC PUBLIC SCHOOL FOR DANCE 890 BROADWAY NEW YORK,B263,"Ballet Tech , Nyc Public School For Dance 890 Broadway Manhattan",0.9770966
A3218,THOMAS A EDISON ELEMENTARY SCHOOL 236 GRAYTON RD TONAWANDA,B4941,Thomas A Edison Elementary Sch 236 Grayton Rd Tonawanda,0.97707224
A89,KIPP ACADEMY CHARTER SCHOOL 201 E 144TH ST BRONX,B2356,"Kipp Academy Charter School 730 Concourse Village West, Tower D Bronx",0.97707164
A2499,CLEVELAND HILL MIDDLE SCHOOL 105 MAPLEVIEW RD CHEEKTOWAGA,B897,Cleveland Hill High School 105 Mapleview Rd Cheektowaga,0.9770413
A2711,HENDY AVENUE SCHOOL 110 HENDY AVE ELMIRA,B1857,Hendy Avenue Elementary School 110 Hendy Ave Elmira,0.9769814
A3308,ALLEGHANY AVENUE SCHOOL 250 S ALLEGHANY AVE LINDENHURST,B131,Allegany Ave School 250 S Alleghany Ave Lindenhurst,0.9769773
A3023,DENTON AVENUE SCHOOL 1050 DENTON AVE NEW HYDE PARK,B1079,Denton Avenue Elem School 1050 Denton Ave New Hyde Park,0.97692865
A145,PROFESSIONAL PERFORMING ARTS HIGH SCHOOL 328 W 48TH ST NEW YORK,B4093,Professional Performing Arts High School 328 W 48th Street Manhattan,0.9769189
A4139,SAGAMORE MIDDLE SCHOOL 57 DIVISION ST HOLTSVILLE,B4344,Sagamore Junior High School 57 Division St Holtsville,0.9769093
A2534,RONKONKOMA MIDDLE SCHOOL 501 PECONIC ST RONKONKOMA,B4296,Ronkonkoma Junior High School 501 Peconic St Ronkonkoma,0.97685105
A2244,BOONVILLE ELEMENTARY SCHOOL 110 FORD ST BOONVILLE,B441,Boonville K-8 School 110 Ford St Boonville,0.9767873
A2643,EASTRIDGE SENIOR HIGH SCHOOL 2350 RIDGE RD E ROCHESTER,B1232,Eastridge Sr High School 2350 E Ridge Rd Rochester,0.9767787
A2096,PARK AVENUE SCHOOL 140 PARK AVE AMITYVILLE,B3932,Park Avenue Elementary School 140 Park Ave Amityville,0.97670186
A3312,LINDENHURST SENIOR HIGH SCHOOL 300 CHARLES ST LINDENHURST,B2510,Lindenhurst Sr High School 300 Charles St Lindenhurst,0.9766426
A3019,HERKIMER HIGH SCHOOL 801 W GERMAN ST HERKIMER,B1875,Herkimer Jr-Sr High School 801 W German St Herkimer,0.97663236
A2360,COMAN HILL SCHOOL 558 BEDFORD RD ARMONK,B941,Coman Hill Elementary School 558 Bedford Road Armonk,0.97660595
A339,HARLEM RENAISSANCE HIGH SCHOOL 22 E 128TH ST NEW YORK,B1793,Harlem Renaissance High School 22 East 128 Street Manhattan,0.9765796
A2597,CAYUGA HEIGHTS ELEMENTARY SCHOOL 1780 COMO PARK BLVD DEPEW,B761,Cayuga Heights Elementary Sch 1780 Como Park Blvd Depew,0.97656024
A3513,MEADOW DRIVE SCHOOL 25 MEADOW DR ALBERTSON,B2740,Meadow Drive Elem School 25 Meadow Dr Albertson,0.976514
A1771,SOUTH BRONX CLASSICAL CHARTER SCHOOL 977 FOX ST BRONX,B4540,South Bronx Classical Charter School 977 Fox Street New York,0.9764422
A4129,RYE NECK SENIOR HIGH SCHOOL 300 HORNIDGE RD MAMARONECK,B4329,Rye Neck Middle & High School 300 Hornidge Rd Mamaroneck,0.97640634
A2077,ALEXANDRIA CENTRAL ELEMENTARY SCHOOL 34 BOLTON AVE ALEXANDRIA BAY,B122,Alexandria Central Elem School 34 Bolton Ave Alexandria Bay,0.976405
A4228,NORTH SHORE SENIOR HIGH SCHOOL 450 GLEN COVE AVE GLEN HEAD,B3033,North Shore Sr High School 450 Glen Cove Ave Glen Head,0.9763433
A143,REPERTORY COMPANY HIGH SCHOOL FOR THEATRE ARTS 123 W 43RD ST NEW YORK,B4202,Repertory Company High School For Theatre Arts 123  W 43 Street Manhattan,0.97633743
A319,HARLEM VILLAGE ACADEMY NORTH CHARTER SCHOOL 35 W 124TH ST NEW YORK,B1794,Harlem Village Academy Elementary Charter School 74 W 124th Street New York,0.9763248
A3109,VIOLET AVENUE SCHOOL 191 VIOLET AVE POUGHKEEPSIE,B5137,Violet Avenue Elem School 221 Violet Ave Poughkeepsie,0.97630656
A2043,ADDISON MIDDLE/HIGH SCHOOL 1 COLWELL ST ADDISON,B72,Addison High School 1 Colwell St Addison,0.9762542
A2401,GEORGE FISCHER MIDDLE SCHOOL 281 FAIR ST CARMEL,B1589,George Fischer Middle School 281 Fair Street Carmel,0.97619367
A58,CHAUTAUQUA LAKE ELEMENTARY SCHOOL 100 N ERIE ST MAYVILLE,B831,Chautauqua Lake Secondary School 100 N Erie St Mayville,0.97615594
A4098,ROOSEVELT HIGH SCHOOL 1 WAGNER AVE ROOSEVELT,B4301,Roosevelt Jr-Sr High School 1 Wagner Ave Roosevelt,0.9761257
A4134,GRUNDY AVENUE SCHOOL 950 GRUNDY AVE HOLBROOK,B1736,Grundy Avenue Elem School 950 Grundy Ave Holbrook,0.9760756
A2515,LLOYD HARBOR SCHOOL 7 SCHOOL LN HUNTINGTON,B2525,Lloyd Harbor Elementary School 7 School Ln Huntington,0.9760521
A3025,SEARINGTOWN SCHOOL 106 BEVERLY DR ALBERTSON,B4452,Searingtown Elementary School 106 Beverly Dr Albertson,0.9760388
A2509,ABRAM LANSING SCHOOL 26 JAMES ST COHOES,B35,Abram Lansing Elem School 27 James St Cohoes,0.97601146
A4270,WADING RIVER SCHOOL 1900 WADNG RVR MNR RD WADING RIVER,B5157,Wading River Elementary School 1900 Wadng Rvr Mnr Rd Wading River,0.97601014
A2160,BALLSTON SPA MIDDLE SCHOOL 210 BALLSTON AVE BALLSTON SPA,B264,Ballston Spa Middle School 10 Wood Rd Ballston Spa,0.9759462
A4267,MILLER AVENUE SCHOOL 3 MILLER AVE SHOREHAM,B2799,Miller Avenue Elem School 3 Miller Ave Shoreham,0.975917
A831,KHALIL GIBRAN INTERNATIONAL ACADEMY 382 SCHERMERHORN ST 6TH FL BROOKLYN,B2342,Khalil Gibran International Academy 362 Schermerhorn St Brooklyn,0.97589344
A2723,DUTCH BROADWAY SCHOOL 1880 DUTCH BROADWAY ELMONT,B1151,Dutch Broadway Elem School 1880 Dutch Broadway Elmont,0.9758633
A2237,WOODROW WILSON SCHOOL 287 PROSPECT ST BINGHAMTON,B5409,Woodrow Wilson Elem School 287 Prospect St Binghamton,0.97580016
A4015,RILEY AVENUE SCHOOL 374 RILEY AVE CALVERTON,B4224,Riley Avenue Elementary School 374 Riley Ave Calverton,0.9757976
A4018,ROANOKE AVENUE SCHOOL 549 ROANOKE AVE RIVERHEAD,B4244,Roanoke Avenue Elem School 549 Roanoke Ave Riverhead,0.97579545
A682,BRONXWOOD PREPARATORY ACADEMY (THE) 921 E 228TH ST BRONX,B4838,The Bronxwood Preparatory Academy 921 East 228th Street Bronx,0.97579104
A4115,FLOYD S WINSLOW ELEMENTARY SCHOOL 755 PINNACLE RD HENRIETTA,B1447,Floyd S Winslow Elementary Sch 725 Pinnacle Rd Henrietta,0.9757437
A2482,FAIRBANKS ROAD ELEMENTARY SCHOOL 175 FAIRBANKS RD CHURCHVILLE,B1394,Fairbanks Road Elementary Sch 175 Fairbanks Rd Churchville,0.9756396
A132,MANHATTAN INTERNATIONAL HIGH SCHOOL 317 E 67TH ST NEW YORK,B2652,Manhattan International High School 317 E 67 Street Manhattan,0.9755672
A3294,JONAS E SALK MIDDLE SCHOOL 3359 OLD JERUSALEM RD LEVITTOWN,B2305,Jonas E Salk Middle School Old Jerusalem Road Levittown,0.97545433
A1156,CAMBRIA HEIGHTS ACADEMY 188-04 91ST AVE HOLLIS,B667,Cambria Heights Academy 18804 91st Ave Hollis,0.9754198
A2176,BAY SHORE SENIOR HIGH SCHOOL 155 3RD AVE BAY SHORE,B290,Bay Shore High School 155 3rd Ave Bay Shore,0.9753945
A4601,WATERTOWN SENIOR HIGH SCHOOL 1335 WASHINGTON ST WATERTOWN,B5211,Watertown Sr High School 1335 Washington St Watertown,0.97538763
A2963,HAMPTON BAYS ELEMENTARY SCHOOL 72 PONQUOGUE AVE HAMPTON BAYS,B1771,Hampton Bays Middle School 70 Ponquogue Avenue Hampton Bays,0.97532415
A3296,NORTHSIDE SCHOOL 35 PELICAN RD LEVITTOWN,B3052,Northside Elementary School 35 Pelican Rd Levittown,0.97531927
A3887,MIDLAKES ELEMENTARY SCHOOL 1510 RT 488 CLIFTON SPRINGS,B2778,Midlakes Middle School 1550 Rt 488 Clifton Springs,0.97531897
A4455,SLEEPY HOLLOW HIGH SCHOOL 210 N BROADWAY SLEEPY HOLLOW,B4514,Sleepy Hollow Middle & High School 210 North Broadway Sleepy Hollow,0.9753094
A4117,MONICA B LEARY ELEMENTARY SCHOOL 5509 E HENRIETTA RD RUSH,B2824,Monica B Leary Elementary Sch 5509 E Henrietta Rd Rush,0.9752902
A4143,WENONAH SCHOOL 251 HUDSON AVE LAKE GROVE,B5252,Wenonah Elementary School 251 Hudson Ave Lake Grove,0.97526234
A3369,LYNCOURT SCHOOL 2707-2709 COURT ST SYRACUSE,B2561,Lyncourt School 2709 Court St Syracuse,0.9752111
A2656,BOWLING GREEN SCHOOL 2340 STEWART AVE WESTBURY,B449,Bowling Green Elem School 2340 Stewart Ave Westbury,0.97520477
A2134,WILLIAM H SEWARD ELEMENTARY SCHOOL 52 METCALF DR AUBURN,B5350,William H Seward Elementary 50 Metcalf Dr Auburn,0.97517735
A200,HIGH SCHOOL FOR DUAL LANGUAGE AND ASIAN STUDIES 350 GRAND ST NEW YORK,B1896,High School For Dual Language And Asian Studies 350 Grand St Manhattan,0.9751722
A3348,LOCUST VALLEY MIDDLE SCHOOL 99 HORSE HOLLOW RD LOCUST VALLEY,B2529,Locust Valley High School 99 Horse Hollow Rd Locust Valley,0.9751636
A4136,LYNWOOD AVENUE SCHOOL 50 LYNWOOD AVE FARMINGVILLE,B2565,Lynwood Ave Elementary School 50 Lynwood Ave Farmingville,0.9751116
A4637,FOREST AVENUE SCHOOL 200 FOREST AVE WEST BABYLON,B1458,Forest Avenue Elem School 200 Forest Ave West Babylon,0.9750602
A1627,HARLEM CHILDREN'S ZONE PROMISE ACADEMY II CHARTER SCHOOL 35 E 125TH ST NEW YORK,B1789,Harlem Children'S Zone Promise Academy Charter School I- Middle 245 West 129th Street New York,0.9750501
A4743,WORCESTER SCHOOL 198 MAIN ST WORCESTER,B5415,Worcester Central School 182 Main St Worcester,0.97501785
A308,MANHATTAN CENTER FOR SCIENCE & MATHEMATICS 260 PLEASANT AVE NEW YORK,B2645,Manhattan Center For Science And Mathematics 260 Pleasant Ave Manhattan,0.97492445
A2706,BROADWAY ELEMENTARY SCHOOL 1000 BROADWAY ELMIRA,B482,Broadway Elementary And Middle School 1000 Broadway St Elmira,0.9749031
A3338,CHARLES A UPSON ELEMENTARY SCHOOL 28 HARDING AVE LOCKPORT,B817,Charles Upson Elementary Sch 28 Harding Ave Lockport,0.9749007
A4671,WEST SENECA WEST SENIOR HIGH SCHOOL 3330 SENECA ST WEST SENECA,B5282,West Seneca East High School 4760 Seneca St West Seneca,0.9748899
A472,BRONX MATHEMATICS PREPARATORY SCHOOL (THE) 456 WHITE PLAINS RD BRONX,B4836,The Bronx Mathematics Preparatory School 456 White Plains Road Bronx,0.97487855
A3511,HAMPTON STREET SCHOOL 10 HAMPTON ST MINEOLA,B1772,Hampton Street Elem School 10 Hampton St Mineola,0.97487754
A3446,WILLIAM FLOYD MIDDLE SCHOOL 630 MORICHES-MID ISL RD MORICHES,B5348,William Floyd Middle School 630 Moriches Middle Island Road Moriches,0.974823
A4469,CARROLL HILL SCHOOL 112 DELAWARE AVE TROY,B732,Carroll Hill Elementary School 112 Delaware Ave Troy,0.97477686
A435,HERBERT H LEHMAN HIGH SCHOOL 3000 E TREMONT AVE BRONX,B1867,Herbert H. Lehman High School. 3000 E Tremont Ave Bronx,0.9747586
A2970,HANNIBAL HIGH SCHOOL 928 CAYUGA ST HANNIBAL,B1775,Hannibal Jr-Sr High School 928 Cayuga St Hannibal,0.97475225
A4382,STARPOINT MIDDLE SCHOOL 4363 MAPLETON RD LOCKPORT,B4734,Starpoint High School 4363 Mapleton Rd Lockport,0.97474366
A2440,ROARING BROOK SCHOOL 530 QUAKER RD CHAPPAQUA,B4245,Roaring Brook Elementary School 530 Quaker Road Chappaqua,0.9747189
A3219,KENMORE JUNIOR-SENIOR HIGH SCHOOL 155 DELAWARE RD KENMORE,B2325,Kenmore Jr-Sr High School 155 Delaware Rd Kenmore,0.97470677
A3680,HILLSIDE SCHOOL 1100 CORNELIUS AVE SCHENECTADY,B1945,Hillside Elementary School 1100 Cornelius Ave Schenectady,0.9746678
A2170,JACKSON SCHOOL 411 S JACKSON ST BATAVIA,B2218,Jackson Elementary School 411 S Jackson St Batavia,0.97465014
A148,HIGH SCHOOL OF FASHION INDUSTRIES (THE) 225 W 24TH ST NEW YORK,B4872,The High School Of Fashion Industries 225 W 24th St New York,0.9746131
A534,KAPPA 3630 3RD AVE BRONX,B2315,Kappa 3630 Third Avenue Bronx,0.97458047
A4022,EAST UPPER HIGH SCHOOL 1801 E MAIN ST ROCHESTER,B1220,East Sr High School 1801 Main St E Rochester,0.9745746
A2666,EAST QUOGUE SCHOOL 6 CENTRAL AVE EAST QUOGUE,B1213,East Quogue Elementary School 6 Central Ave East Quogue,0.97456414
A4862,BEDFORD STUYVESANT NEW BEGINNINGS CHARTER SCHOOL 2 82 LEWIS AVE BROOKLYN,B322,Bedford Stuyvesant New Beginnings Charter School 82 Lewis Avenue Brooklyn,0.9745511
A4091,ROMULUS CENTRAL SCHOOL 5705 RT 96 ROMULUS,B4291,Romulus Central School 5705 State Route 96 Romulus,0.97454894
A3709,NORTH SALEM MIDDLE SCHOOL/HIGH SCHOOL 230 JUNE RD NORTH SALEM,B3030,North Salem Jr-Sr High School 230 June Road North Salem,0.97454333
A1876,BEGINNING WITH CHILDREN CHARTER SCHOOL II 215 HEYWARD ST BROOKLYN,B328,Beginning With Children Charter School 2 215 Heyward Street Brooklyn,0.9744961
A3661,HYDE PARK SCHOOL 1620 HYDE PARK BLVD NIAGARA FALLS,B2029,Hyde Park Elementary School 1620 Hyde Park Blvd Niagara Falls,0.9744825
A4180,CHERRY AVENUE ELEMENTARY SCHOOL 155 CHERRY AVE WEST SAYVILLE,B846,Cherry Ave. Elementary School 155 Cherry Ave. West Sayville,0.97444725
A2724,GOTHAM AVENUE SCHOOL 181 GOTHAM AVE ELMONT,B1654,Gotham Avenue Elem School 181 Gotham Ave Elmont,0.974402
A2811,GALWAY JUNIOR/SENIOR HIGH SCHOOL 5317 SACANDAGA RD GALWAY,B1549,Galway Jr/Sr High School 5318 Sacandaga Rd Galway,0.9743934
A1973,HEBREW LANGUAGE ACADEMY CHARTER SCHOOL 2 2286 CROPSEY AVE BROOKLYN,B1844,Hebrew Language Academy Charter School 2186 Mill Ave Brooklyn,0.9743712
A3001,WILLOW GROVE ELEMENTARY SCHOOL 153 STORRS RD THIELLS,B5374,Willow Grove Elementary School Storres Rd Thiells,0.9743317
A3847,RIVER ELEMENTARY SCHOOL 46 RIVER AVE PATCHOGUE,B4228,River Avenue Elementary School 46 River Ave Patchogue,0.9743282
A3994,RED HOOK SENIOR HIGH SCHOOL 103 W MARKET ST RED HOOK,B4183,Red Hook Central High School 103 W Market St Red Hook,0.9743145
A3081,RIDGE ROAD SCHOOL 112 RIDGE RD HORSEHEADS,B4221,Ridge Road Elementary School 112 Ridge Rd Horseheads,0.9742135
A4114,ETHEL K FYLE ELEMENTARY SCHOOL 133 VOLLMER PKY ROCHESTER,B1370,Ethel K Fyle Elementary School 133 Vollmer Pkwy Rochester,0.97417593
A3164,CAYUGA HEIGHTS ELEMENTARY SCHOOL 110 E UPLAND RD ITHACA,B762,Cayuga Heights Elementary Sch 110 E Upland Rd Ithaca,0.9741738
A1887,NEIGHBORHOOD CHARTER SCHOOL OF HARLEM 691 ST NICHOLAS AVE NEW YORK,B2932,Neighborhood Charter School - Harlem 691 St. Nicholas Ave. New York,0.9741385
A3843,EAGLE ELEMENTARY SCHOOL 1000 WAVE AVE MEDFORD,B1164,Eagle Elementary School Wave Ave Medford,0.97411096
A1635,KIPP ALWAYS MENTALLY PREPARED CHARTER SCHOOL 1224 PARK PL-4TH FL BROOKLYN,B2359,Kipp Always Mentally Prepared Charter School 1224 Park Place Rm 423 Brooklyn,0.9740438
A1934,BRONX CHARTER SCHOOL FOR BETTER LEARNING II 2545 GUNTHER AVE BRONX,B4834,The Bronx Charter School For Better Learning 2 2545 Gunther Ave Bronx,0.9740262
A4269,ALBERT G PRODELL MIDDLE SCHOOL 100 RANDALL RD SHOREHAM,B109,Albert G. Prodell Middle School Randall Rd Shoreham,0.9740127
A3705,SOUTHGATE SCHOOL 30 SOUTHGATE RD LOUDONVILLE,B4582,Southgate Elementary School 30 Southgate Rd Loudonville,0.97398615
A3857,FRANKLIN AVENUE SCHOOL 48 FRANKLIN AVE PEARL RIVER,B1498,Franklin Avenue Elementary School 48 Franklin Avenue Pearl River,0.973986
A3698,BLUE CREEK SCHOOL 100 CLINTON RD LATHAM,B411,Blue Creek Elementary School 100 Clinton Rd Latham,0.97396994
A2564,WILLOW AVENUE ELEMENTARY SCHOOL 67 WILLOW AVE CORNWALL,B5373,Willow Avenue School 67 Willow Ave Cornwall,0.97395736
A1809,GIRLS PREPARATORY CHARTER SCHOOL OF THE BRONX 681 KELLY ST BRONX,B1615,"Girls Preparatory Charter School Of The Bronx-Elementary 681 Kelly Street, Room 205 Bronx",0.973945
A2363,BYRON-BERGEN ELEMENTARY SCHOOL 6971 W BERGEN RD BERGEN,B650,Byron Bergen Elementary School 6971 W Bergen Rd Bergen,0.9738693
A3920,OLD BETHPAGE SCHOOL 1159 ROUND SWAMP RD OLD BETHPAGE,B3110,Old Bethpage Elementary School 1159 Round Swamp Rd Old Bethpage,0.9737972
A3034,OLD COUNTRY ROAD SCHOOL 49 RHODES LN HICKSVILLE,B3111,Old Country Road Elem School 49 Rhodes Ln Hicksville,0.97378856
A4294,NESAQUAKE MIDDLE SCHOOL 479 EDGEWOOD AVE SAINT JAMES,B2938,Nesaquake Middle School 479 Edgewood St James,0.9736874
A808,WINDSOR TERRACE SCHOOL (THE) 1625 11TH AVE BROOKLYN,B4932,The Windsor Terrace School 1625 11 Ave Brooklyn,0.97367126
A2680,WHEATLEY SCHOOL 11 BACON RD OLD WESTBURY,B4929,The Wheatley School 11 Bacon Rd Old Westbury,0.97361624
A4132,CAYUGA SCHOOL 865 HAWKINS AVE LAKE GROVE,B760,Cayuga Elementary School 865 Hawkins Ave Lake Grove,0.9736056
A2357,FRANCIS L STEVENS ELEMENTARY SCHOOL 25 LAKEHILL RD BALLSTON LAKE,B4749,Stevens Elementary School 25 Lakehill Rd Ballston Lake,0.97359806
A2902,LONGRIDGE SCHOOL 190 LONGRIDGE AVE ROCHESTER,B2539,Longridge Elementary School 190 Longridge Ave Rochester,0.9735942
A2086,ALTMAR-PARISH-WILLIAMSTOWN ELEMENTARY SCHOOL 640 COUNTY RT 22 PARISH,B138,Altmar-Parish-Williamstown Jr/Sr Hs 639 County Route 22 Parish,0.97353935
A2361,H C CRITTENDEN MIDDLE SCHOOL 10 MACDONALD AVE ARMONK,B1749,H.C. Crittenden Middle School 10 Macdonald Avenue Armonk,0.97352827
A1860,UNITED CHARTER HIGH SCHOOL FOR ADVANCED MATH AND SCIENCE 99 TERRACE VIEW AVE-RM 254 BRONX,B5025,United Charter High School For Advanced Math & Science 99 Terrace View Bronx,0.97352445
A1897,CENTRAL VALLEY ACADEMY 111 FREDERICK ST ILION,B794,Central Valley Academy 111 Frederick St. Iion,0.9735001
A3948,PORT JERVIS MIDDLE SCHOOL 10 RTE 209 PORT JERVIS,B4062,Port Jervis Middle School 10 Route 209 Port Jervis,0.973467
A1772,KIPP ALBANY COMMUNITY CHARTER SCHOOL 65 KRANK ST ALBANY,B2357,Kipp Albany Community Charter School - Elementary 65 Krank Street Albany,0.973442
A1633,HELLENIC CLASSICAL CHARTER SCHOOL PARK SLOPE 646 5TH AVE BROOKLYN,B1849,Hellenic Classical Charter School 646 Fifth Ave Brooklyn,0.9734304
A4498,LAWRENCE ROAD MIDDLE SCHOOL 50 LAWRENCE RD HEMPSTEAD,B2431,Lawrence Road Jr High School 50 Lawrence Rd Hempstead,0.97340655
A84,COMMUNITY PARTNERSHIP CHARTER SCHOOL 241 EMERSON PL BROOKLYN,B950,Community Partnership Charter Lower School 241 Emerson Place Brooklyn,0.97340554
A3315,LITTLE FLOWER SCHOOL 2460 N WADING RIVER RD WADING RIVER,B2519,Little Flower Elem School 2460 N Wading River Rd Wading River,0.9733814
A391,DOS PUENTES ELEMENTARY SCHOOL 185 WADSWORTH AVE NEW YORK,B1117,Dos Puentes Elementary School 185 Wadsworth Ave Manhattan,0.9733663
A199,HARVEY MILK HIGH SCHOOL 2-10 ASTOR PL NEW YORK,B1818,Harvey Milk High School 2 Astor Pl # 10 New York,0.9733548
A3030,FORK LANE SCHOOL 4 FORK LN HICKSVILLE,B1467,Fork Lane Elementary School 4 Fork Ln Hicksville,0.9733323
A1675,BROOKLYN SCHOOL OF INQUIRY 50 AVE P BROOKLYN,B599,Brooklyn School Of Inquiry 50 Avenue P Brooklyn,0.9733219
A2829,WALT DISNEY SCHOOL 175 COLDWATER RD ROCHESTER,B5168,Walt Disney Elementary School 175 Coldwater Rd Rochester,0.97328025
A1528,QUEENS EXPLORERS ELEMENTARY SCHOOL 90-07 101ST ST OZONE PARK,B4136,Queens Explorers Elementary School 9007 101st Ave Ozone Park,0.9732718
A4104,HARBOR HILL SCHOOL 3 GLEN COVE RD GREENVALE,B1777,Harbor Hill Elementary School 3 Glen Cove Rd Greenvale,0.97326446
A4322,COUNTRYWOOD PRIMARY CENTER 499 OLD COUNTRY RD HUNTINGTON STATION,B1005,Countrywood Primary Center 499 Old Country Rd Huntington Sta,0.97323686
A3904,ALLEN CREEK SCHOOL 3188 EAST AVE ROCHESTER,B134,Allen Creek Elementary School 3188 East Ave Rochester,0.97323024
A1291,BUFFALO ACADEMY OF SCIENCE CHARTER SCHOOL 24 AGASSIZ CIRCLE BUFFALO,B623,Buffalo Academy Of Science Charter School 190 Franklin Street Buffalo,0.9732162
A1520,WATERSIDE CHILDREN'S STUDIO SCHOOL 140 BEACH 112TH ST ROCKAWAY PARK,B5209,Waterside Children'S Studio School 190 Beach 110 Street Rockaway,0.9731623
A1889,MANHATTAN CHARTER SCHOOL II 220 HENRY ST NEW YORK,B2647,Manhattan Charter School 2 220 Henry Street New York,0.97308457
A4524,WILLOW ROAD SCHOOL 880 CATALPA DR FRANKLIN SQUARE,B5376,Willow Road Elementary School 880 Catalpa Dr Franklin Square,0.9730602
A2877,GRANVILLE JUNIOR-SENIOR HIGH SCHOOL 58 QUAKER ST GRANVILLE,B1685,Granville Jr/Sr High School 58 Quaker St Granville,0.97297287
A4215,SCHUYLERVILLE ELEMENTARY SCHOOL 14 SPRING ST SCHUYLERVILLE,B4434,Schuylerville Middle School 14 Spring St Schuylerville,0.9729287
A3701,LATHAM RIDGE SCHOOL 6 MERCER AVE LATHAM,B2421,Latham Ridge Elementary School 6 Mercer Ave Latham,0.9728976
A3854,PAWLING HIGH SCHOOL 30 WAGNER RD PAWLING,B3966,Pawling Jr-Sr High School 30 Wagner Rd Pawling,0.9728683
A4598,KNICKERBOCKER SCHOOL 739 KNICKERBOCKER DR WATERTOWN,B2376,Knickerbocker Elem School 729 Knickerbocker Dr Watertown,0.9728592
A4109,ROYALTON-HARTLAND ELEMENTARY SCHOOL 4500 ORCHARD PL GASPORT,B4317,Royal-Hartland Elementary School 4500 Orchard Pl Gasport,0.97280896
A40,SENECA STREET SCHOOL 436 SENECA ST ONEIDA,B4463,Seneca Street Elem School 436 Seneca St Oneida,0.9728042
A1936,ROSALYN YALOW CHARTER SCHOOL 650 GRAND CONCOURSE BRONX,B4905,The Rosalyn Yalow Charter School 650 Grand Concourse Bronx,0.9727525
A2457,CHEEKTOWAGA HIGH SCHOOL 3600 UNION RD CHEEKTOWAGA,B835,Cheektowaga Middle School 3600 Union Rd Cheektowaga,0.972678
A2547,PEMBROKE JUNIOR-SENIOR HIGH SCHOOL PO BOX 308 CORFU,B3988,Pembroke Jr-Sr High School Po Box 308 Corfu,0.9726607
A4207,WILLIAM C KEANE ELEMENTARY SCHOOL 1252 ALBANY AVE SCHENECTADY,B5156,W.C. Keane Elementary School 1252 Albany Street Schenectady,0.9726568
A1289,YOUNG WOMEN'S LEADERSHIP OF STATEN ISLAND 45 WAVERLY PL STATEN ISLAND,B4934,The Young Womens Leadership Of Staten Island 45 Waverly Place Staten Island,0.9726172
A3448,WILLIAM PACA MIDDLE SCHOOL 338 BLANCO DR MASTIC BEACH,B5355,William Paca Jr High School 336 Blanco Dr Mastic Beach,0.97255576
A1967,BROOKLYN EMERGING LEADERS ACADEMY CHARTER SCHOOL 125 STUYVESANT AVE-RM 213 BROOKLYN,B572,Brooklyn Emerging Leaders Academy Charter High School 125 Stuyvesant Ave Brooklyn,0.9725325
A1839,NEW WORLD PREPARATORY CHARTER SCHOOL 355 MORNINGSTAR RD STATEN ISLAND,B2940,New  World Preparatory Charter School 26 Sharpe Ave Staten Island,0.972517
A538,VALIDUS PREPARATORY ACADEMY 1595 BATHGATE AVE BRONX,B5093,Validus Preparatory Academy A Expe 1595 Bathgate Avenue Bronx,0.97250986
A1843,NUASIN NEXT GENERATION CHARTER SCHOOL 180 W 165TH ST BRONX,B3076,Nuasin Next Generation Charter School K-12 180 West 165th Street Bronx,0.9725079
A226,MANHATTAN ACADEMY FOR ARTS AND LANGUAGES 111 E 33RD ST NEW YORK,B2642,Manhattan Academy For Arts & Language 111 East 33rd Street Manhattan,0.97250426
A4655,WEST HEMPSTEAD SECONDARY SCHOOL 400 NASSAU BLVD WEST HEMPSTEAD,B5270,West Hempstead Middle School 450 Nassau Blvd West Hempstead,0.97248507
A2636,GREEN MEADOW SCHOOL 234 SCHUURMAN RD CASTLETON,B1696,Green Meadow Elementary School 234 Schuurman Rd Castleton,0.9724752
A1767,EXPLORE CHARTER SCHOOL 655 PARKSIDE AVE BROOKLYN,B1386,"Explore Charter School 655 Parkside Ave, 4th Floor Rm 416 Brooklyn",0.9724173
A3727,SPRUCE SCHOOL 195 SPRUCE ST NORTH TONAWANDA,B4609,Spruce Elementary School 195 Spruce St N Tonawanda,0.97241163
A4003,BULKELEY MIDDLE SCHOOL 45 N PARK RD RHINEBECK,B629,Bulkeley Middle School North Park Rd Rhinebeck,0.97239935
A4747,LAFRANCIS HARDIMAN ELEMENTARY SCHOOL 792 MOUNT AVE WYANDANCH,B2389,La Francis Hardiman Elementary School 792 Mount Ave Wyandanch,0.9723534
A388,WASHINGTON HEIGHTS ACADEMY 202 SHERMAN AVE NEW YORK,B5192,Washington Heights Academy 202 Sherman Ave Manhattan,0.9723477
A4138,NOKOMIS SCHOOL 151 HOLBROOK RD HOLBROOK,B3003,Nokomis Elementary School 151 Holbrook Rd Holbrook,0.97232246
A3395,MALVERNE SENIOR HIGH SCHOOL 80 OCEAN AVE MALVERNE,B2634,Malverne Sr High School 80 Ocean Ave Malverne,0.9722796
A2263,BRENTWOOD HIGH SCHOOL 2 6TH AVE BRENTWOOD,B458,Brentwood High School 1 S 5th Ave Brentwood,0.9722114
A2737,UNION-ENDICOTT HIGH SCHOOL 1200 E MAIN ST ENDICOTT,B5017,Union Endicott Sr High School 1200 E Main St Endicott,0.97220397
A3664,GERALDINE J MANN SCHOOL 1330 95TH ST NIAGARA FALLS,B1603,Geraldine J Mann Elem School 1330 95th St Niagara Falls,0.9722039
A2277,TAMARAC ELEMENTARY SCHOOL 3992 NY RT 2 TROY,B4805,Tamarac Elementary School 3992 State Highway 2 Troy,0.9721823
A3455,MECHANICVILLE JUNIOR/SENIOR HIGH SCHOOL 25 KNISKERN AVE MECHANICVILLE,B2746,Mechanicville Sr High School 25 Kniskern Avenue Mechanicville,0.97218126
A2527,CHEROKEE STREET ELEMENTARY SCHOOL 130 CHEROKEE ST RONKONKOMA,B845,Cherokee Street Elem School 130 Cherokee St Ronkonkoma,0.9721707
A1770,ELMWOOD VILLAGE CHARTER SCHOOL DAYS PARK 40 DAYS PARK BUFFALO,B1338,Elmwood Village Charter School - Days Park 40 Days Park Buffalo,0.972113
A4478,CHARLES O DICKERSON HIGH SCHOOL 100 WHIG ST TRUMANSBURG,B816,Charles O Dickerson High Sch 100 Whig St Trumansburg,0.9720974
A341,URBAN ASSEMBLY SCHOOL FOR THE PERFORMING ARTS 509 W 129TH ST NEW YORK,B5061,Urban Assembly School For The Performing Arts 509 West 129 Street Manhattan,0.9720869
A1109,HIGH SCHOOL FOR COMMUNITY LEADERSHIP 167-01 GOTHIC DR JAMAICA,B1893,High School For Community Leadership 167-01 Gothic Drive Jamaica,0.97205484
A3245,LAKE PLACID ELEMENTARY SCHOOL 318 OLD MILITARY RD LAKE PLACID,B2401,Lake Placid Elementary School Old Military Road Lake Placid,0.9720525
A3984,ALBERTUS W BECKER SCHOOL 1146 RT 9W SELKIRK,B112,Albertus W Becker Elem School 1146 Route 9w Selkirk,0.97204554
A2609,DOBBS FERRY MIDDLE SCHOOL 505 BROADWAY DOBBS FERRY,B1110,Dobbs Ferry High And Middle School 505 Broadway Dobbs Ferry,0.97204006
A4795,CROMPOND SCHOOL 2901 MANOR ST YORKTOWN HEIGHTS,B1020,Crompond Elementary School 2901 Manor Street Yorktown Heights,0.97197723
A1915,OPPENHEIM-EPHRATAH-ST JOHNSVILLE JUNIOR/SENIOR HIGH SCHOOL 44 CENTER ST ST JOHNSVILLE,B3131,Oppenheim-Ephrata-St Johnsville Jr/Sr High School 44 Center St St Johnsville,0.9719359
A3244,LAKE GEORGE JUNIOR-SENIOR HIGH SCHOOL 381 CANADA ST LAKE GEORGE,B2400,Lake George Jr-Sr High School 381 Canada St Lake George,0.97192025
A130,MANHATTAN VILLAGE ACADEMY 43 W 22ND ST NEW YORK,B2654,Manhattan Village Academy 43 W 22 Street Manhattan,0.9719194
A4377,SAINT REGIS FALLS CENTRAL SCHOOL PO BOX 309 ST REGIS FALLS,B4707,"St Regis Falls Central School 92 North  Main Street, Po Box 309 St Regis Falls",0.97191393
A2419,CAZENOVIA HIGH SCHOOL 31 EMORY AVE CAZENOVIA,B764,Cazenovia Jr-Sr High School 31 Emory Ave Cazenovia,0.9718591
A4599,OHIO STREET SCHOOL 1537 OHIO ST WATERTOWN,B3107,Ohio Street Elementary School 1537 Ohio St Watertown,0.9718355
A114,UNIVERSITY NEIGHBORHOOD HIGH SCHOOL 200 MONROE ST NEW YORK,B5041,University Neighborhood High School 200 Monroe Street Manhattan,0.9718272
A3786,ONONDAGA SENIOR HIGH SCHOOL 4479 S ONONDAGA RD NEDROW,B3125,Onondaga Jr-Sr High School 4479 S Onondaga Rd Nedrow,0.9718261
A4074,SOUTH SIDE HIGH SCHOOL 140 SHEPHERD ST ROCKVILLE CENTRE,B4572,South Side High School 140 Shepherd St Rockville Ctr,0.9717787
A2030,LAMAD ACADEMY CHARTER SCHOOL 1060 CLARKSON AVE-4TH FL BROOKLYN,B2412,Lamad Academy Charter School 1060 Clarkson Avenue Brooklyn,0.9717512
A3871,PROSPECT HILL SCHOOL 1000 WASHINGTON AVE PELHAM,B4099,Prospect Hill Elementary School 1000 Washington Avenue Pelham,0.9716763
A4080,ROCKY POINT HIGH SCHOOL 82 ROCKY PT-YAPHANK RD ROCKY POINT,B4281,Rocky Point Jr-Sr High School 82 Rocky Point Yaphank Rd Rocky Point,0.9716649
A3287,LETCHWORTH SENIOR HIGH SCHOOL 5550 SCHOOL RD GAINESVILLE,B2459,Letchworth Jr-Sr High School 5550 School Rd Gainesville,0.97155535
A3646,NEWBURGH FREE ACADEMY 201 FULLERTON AVE NEWBURGH,B2986,Newburgh Free Academy- Main Campus 201 Fullerton Ave Newburgh,0.9715471
A1980,ONTECH CHARTER HIGH SCHOOL 810 WILLIS AVE SYRACUSE,B3128,Ontech Charter School 810 Willis Ave Syracuse,0.9715308
A3483,STAGECOACH SCHOOL 205 DARE RD SELDEN,B4730,Stagecoach Elementary School 205 Dare Rd Selden,0.97150564
A2566,CORTLAND HIGH SCHOOL 8 VALLEY VIEW DR CORTLAND,B1001,Cortland Junior-Senior High School 8 Valley View Dr Cortland,0.97149545
A3633,NEWARK SENIOR HIGH SCHOOL 625 PEIRSON AVE NEWARK,B2980,Newark High School 625 Peirson Ave Newark,0.9714824
A4794,BROOKSIDE SCHOOL 2285 BROAD ST YORKTOWN HEIGHTS,B607,Brookside Elementary School 2285 Broad Street Yorktown Heights,0.9714384
A1997,HARLEM VILLAGE ACADEMY WEST CHARTER SCHOOL 74 W 124TH ST NEW YORK,B1794,Harlem Village Academy Elementary Charter School 74 W 124th Street New York,0.9714308
A4137,MERRIMAC SCHOOL 1090 BROADWAY AVE HOLBROOK,B2757,Merrimac Elementary School 1090 Broadway Ave Holbrook,0.9712641
A3695,MARTIN AVENUE ELEMENTARY SCHOOL 2616 MARTIN AVE BELLMORE,B2698,Martin Avenue School 2616 Martin Avenue Bellmore,0.97125953
A3163,SOUTH HILL SCHOOL 520 HUDSON ST ITHACA,B4556,South Hill Elementary School 520 Hudson St Ithaca,0.9712423
A1963,SOUTH BRONX CLASSICAL CHARTER SCHOOL IV 757 CONCOURSE VILLAGE WEST BRONX,B4541,South Bronx Classical Charter School - 4 757 Concourse Village West Bronx,0.9712418
A2537,COOPERSTOWN JUNIOR/SENIOR HIGH SCHOOL 39 LINDEN AVE COOPERSTOWN,B977,Cooperstown High School 39 Linden Ave Cooperstown,0.97119594
A3133,LISTWOOD SCHOOL 325 LIST AVE ROCHESTER,B2516,Listwood Elementary School 325 List Ave Rochester,0.9711678
A2693,SEELY PLACE SCHOOL 51 SEELY PL SCARSDALE,B4456,Seely Place School 51 Seely Place Scarsdale,0.97110534
A4628,THOMAS HIGH SCHOOL 800 FIVE MILE LINE RD WEBSTER,B5241,Webster Thomas High School 800 Five Mile Line Rd Webster,0.9710322
A3029,DUTCH LANE SCHOOL 50 STEWART AVE HICKSVILLE,B1152,Dutch Lane Elementary School 50 Stewart Ave Hicksville,0.9709805
A1588,JOHN F KENNEDY JR SCHOOL 57-12 94TH ST ELMHURST,B2281,John F. Kennedy Jr. School 5712 94th St Elmhurst,0.9709796
A1904,NEW AMERICAN ACADEMY CHARTER SCHOOL (THE) 9301 AVE B BROOKLYN,B4890,The New American Academy Charter School 9301 Avenue B Brooklyn,0.9709206
A2506,CLYDE-SAVANNAH HIGH SCHOOL 215 GLASGOW ST CLYDE,B909,Clyde-Savannah Jr-Sr High School 215 Glasgow St Clyde,0.9708836
A4639,SANTAPOGUE SCHOOL 1130 HERZEL BLVD WEST BABYLON,B4365,Santapogue Elementary School 1130 Herzel Blvd West Babylon,0.97087985
A4427,FRAZER K-8 SCHOOL 741 PARK AVE SYRACUSE,B1508,Frazer Pre-K-8 School 741 Park Ave Syracuse,0.97082937
A4584,WARSAW MIDDLE SCHOOL 81 W COURT ST WARSAW,B5187,Warsaw Elementary School 153 W Buffalo St Warsaw,0.9708286
A292,CENTRAL PARK EAST HIGH SCHOOL 1573 MADISON AVE-RM 321 NEW YORK,B786,Central Park East High School 1573 Madison Ave # M Manhattan,0.9708209
A1935,FINN ACADEMY: AN ELMIRA CHARTER SCHOOL 610 LAKE ST ELMIRA,B1429,Finn Academy An Elmira Charter School 610 Lake St Elmira,0.9708209
A2922,GREENWICH JUNIOR-SENIOR HIGH SCHOOL 10 GRAY AVE GREENWICH,B1717,Greenwich Jr/Sr High School 10 Gray Ave Greenwich,0.97081053
A4623,WEBSTER-SCHROEDER HIGH SCHOOL 875 RIDGE RD WEBSTER,B5240,Webster Schroeder High School 875 Ridge Rd Webster,0.9707463
A4841,BUFFALO COMMONS CHARTER SCHOOL 833 MICHIGAN AVE-3RD FL BUFFALO,B626,Buffalo Commons Charter School 833 Michigan Ave Ste 3 Buffalo,0.9707393
A3136,SENECA SCHOOL 4143 ST PAUL BLVD ROCHESTER,B4459,Seneca Elementary School 4143 Saint Paul Blvd Rochester,0.9706707
A787,FORT GREEN PREPARATORY ACADEMY 100 CLERMONT AVE BROOKLYN,B1472,Fort Greene Preparatory Academy 100 Clermont Avenue Brooklyn,0.9705444
A2893,BUCKMAN HEIGHTS ELEMENTARY SCHOOL 550 BUCKMAN RD ROCHESTER,B622,Buckman Heights Elem School 550 Buckman Rd Rochester,0.97053766
A2917,GREENPORT HIGH SCHOOL 720 FRONT ST GREENPORT,B1712,Greenport High School_elementary School 720 Front St Greenport,0.9705131
A219,MANHATTAN BUSINESS ACADEMY 351 W 18TH ST NEW YORK,B2644,Manhattan Business Academy 351 West 18 Street Manhattan,0.9704658
A3798,WINDOM ELEMENTARY SCHOOL 3870 SHELDON RD ORCHARD PARK,B5388,Windom Elementary School Sheldon Rd Orchard Park,0.97044563
A1299,BRONX CHARTER SCHOOL FOR EXCELLENCE 1960 BENEDICT AVE BRONX,B501,Bronx Charter School For Excellence - 1 - Elementary 1960 Benedict Ave Bronx,0.9704344
A92,RENAISSANCE CHARTER SCHOOL 35-59 81ST ST JACKSON HEIGHTS,B4898,The Renaissance Charter  School 3559 81st St Jackson Heights,0.9704186
A4710,WESTMORELAND ROAD ELEMENTARY SCHOOL 8596 WESTMORELAND RD WHITESBORO,B5311,Westmoreland Road Elem School 8596 Westmoreland Rd Whitesboro,0.9703908
A4113,DAVID B CRANE ELEMENTARY SCHOOL 85 SHELL EDGE DR ROCHESTER,B1049,David B Crane Elementary Sch 85 Shell Edge Dr Rochester,0.97030014
A1340,YOUNG WOMEN'S LEADERSHIP SCHOOL OF BROOKLYN 325 BUSHWICK AVE BROOKLYN,B5465,Young Women'S Leadership School Of Brooklun 223 Graham Avenue Brooklyn,0.9702536
A1951,CAPITAL PREPARATORY (CP) HARLEM CHARTER SCHOOL 2041 MADISON AVE NEW YORK,B710,Capital Preparatory Harlem Charter School 2041 Madison Ave New York,0.97021735
A4073,SOUTH SIDE MIDDLE SCHOOL 67 HILLSIDE AVE ROCKVILLE CENTRE,B4573,South Side Middle School 67 Hillside Ave Rockville Ctr,0.9700528
A3888,MIDLAKES MIDDLE/HIGH SCHOOL 1554 RT 488 CLIFTON SPRINGS,B2778,Midlakes Middle School 1550 Rt 488 Clifton Springs,0.97004104
A2569,RANDALL MIDDLE SCHOOL 31 RANDALL ST CORTLAND,B4168,Randall Elementary School 31 Randall St Cortland,0.9700097
A2447,HUTH ROAD SCHOOL 1773 HUTH RD GRAND ISLAND,B2027,Huth Road Elementary School 1773 Huth Rd Grand Island,0.96998805
A617,BRONX SCHOOL OF YOUNG LEADERS (THE) 40 W TREMONT ST BRONX,B4837,The Bronx School Of Young Leaders 40 West Tremont Avenue Bronx,0.96995234
A2668,EAST ROCHESTER JUNIOR-SENIOR HIGH SCHOOL 200 WOODBINE AVE EAST ROCHESTER,B1215,East Rochester High School 200 Woodbine Ave East Rochester,0.9699023
A2186,JAMES WILSON YOUNG MIDDLE SCHOOL 602 SYLVAN AVE BAYPORT,B2233,James W Young Middle School 602 Sylvan Ave Bayport,0.9698922
A3056,HOLLEY JUNIOR SENIOR HIGH SCHOOL 16848 LYNCH RD HOLLEY,B1957,Holley Senior High School Lynch Road Holley,0.9698731
A3339,EMMET BELKNAP INTERMEDIATE SCHOOL 491 HIGH ST LOCKPORT,B1346,Emmet Belknap Middle School 491 High St Lockport,0.9698643
A320,FREDERICK DOUGLASS ACADEMY 2581 7TH AVE NEW YORK,B1511,Frederick Douglass Academy 2581 7th Avenue Manhattan,0.96984696
A4013,PHILLIPS AVENUE SCHOOL 141 PHILLIPS AVE RIVERHEAD,B4012,Phillips Avenue Elem School 141 Phillips Ave Riverhead,0.96979505
A1981,CYPRESS HILLS ASCEND CHARTER SCHOOL 205 ROCKAWAY PKWY BROOKLYN,B1038,Cypress Hills Ascend Charter School 396 Grant Ave Brooklyn,0.96977735
A3043,QUEST ELEMENTARY SCHOOL 225 WEST AVE HILTON,B4153,Quest Elementary 225 West Ave Hilton,0.96975327
A4612,WAVERLY HIGH SCHOOL 1 FREDERICK ST WAVERLY,B5223,Waverly Jr-Sr High School 1 Frederick St Waverly,0.96969855
A2722,COVERT AVENUE SCHOOL 144 COVERT AVE ELMONT,B1007,Covert Avenue Elem School 144 S Covert Ave Elmont,0.9696919
A2038,ABRAHAM WING SCHOOL 120 LAWRENCE ST GLENS FALLS,B34,Abraham Wing Elementary School 120 Lawrence St Glens Falls,0.9696609
A3170,MILTON J FLETCHER ELEMENTARY SCHOOL 301 COLE AVE JAMESTOWN,B2805,Milton J Fletcher Elem School 301 Cole Ave Jamestown,0.9696262
A2083,FLOYD BELL ELEMENTARY SCHOOL 15 GOLDEN ST KIRKWOOD,B1445,Floyd Bell Elementary 15 Golden St Kirkwood,0.96962094
A129,LANDMARK HIGH SCHOOL 351 W 18TH ST NEW YORK,B2416,Landmark High School 351 West 18 Street Manhattan,0.96954757
A1923,BOYS PREPARATORY CHARTER SCHOOL OF NEW YORK 192 E 151ST ST BRONX,B452,Boys Preparatory Charter School Of The Bronx Elementary 192 East 151st Street Bronx,0.9695384
A4313,ROESSLEVILLE SCHOOL 100 CALIFORNIA AVE ALBANY,B4284,Roessleville Elem School 100 California Ave Albany,0.96952987
A3314,WILLIAM RALL SCHOOL 761 N WELLWOOD AVE LINDENHURST,B5356,William Rall Elementary Sch 761 N Wellwood Ave Lindenhurst,0.96948326
A4171,GEYSER ROAD ELEMENTARY SCHOOL 61 GEYSER RD SARATOGA SPRINGS,B1605,Geyser Road Elementary School 61 Geyser Rd Saratoga Spgs,0.9694151
A1652,RALPH A FABRIZIO SCHOOL 619 72ND ST BROOKLYN,B4160,Ralph A. Fabrizio School 7109 6avenue Brooklyn,0.9693957
A3183,JERICHO MIDDLE SCHOOL 99 CEDAR SWAMP RD JERICHO,B2258,Jericho Middle - Senior High School 99 Cedar Swamp Rd Jericho,0.9693803
A3782,ONEONTA MIDDLE SCHOOL 130 EAST ST ONEONTA,B3123,Oneonta High School 130 East St Oneonta,0.9693308
A2093,AMITYVILLE MEMORIAL HIGH SCHOOL 250 MERRICK RD AMITYVILLE,B145,Amityville Memorial High Sch 250 Merrick Rd Amityville,0.96931577
A3860,LINCOLN AVENUE SCHOOL 115 LINCOLN AVE PEARL RIVER,B2494,Lincoln Avenue Elementary School 115 Lincoln Avenue Pearl River,0.9693105
A3867,COLONIAL SCHOOL 315 HIGHBROOK AVE PELHAM,B928,Colonial Elementary School 315 Highbrook Avenue Pelham,0.969306
A4288,MOUNT PLEASANT ELEMENTARY SCHOOL 33 PLAISTED AVE SMITHTOWN,B2880,Mount Pleasant Elementary Sch 33 Plaisted Ave Smithtown,0.9692807
A2024,ZETA CHARTER SCHOOL - BRONX  MOUNT EDEN 1475 MACOMBS RD BRONX,B5469,Zeta Charter School - Bronx 1 425 Westchester Avenue Bronx,0.96928036
A1536,EASTPORT-SOUTH MANOR JUNIOR SENIOR HIGH SCHOOL 543 MORICHES-MIDDLE ISL RD MANORVILLE,B1230,Eastport South Manor Jr-Sr High School 543 Moriches-Middle Island Road Manorville,0.9692637
A3380,LAKEVIEW ELEMENTARY SCHOOL 112 LAKEVIEW DR MAHOPAC,B2409,Lakeview Elementary School 112 Lakeview Drive Mahopac,0.96920514
A2384,PETERBORO STREET ELEMENTARY SCHOOL 220 N PETERBORO ST CANASTOTA,B4007,Peterboro Street Elem School 220 N Peterboro St Canastota,0.9691701
A3781,GREATER PLAINS ELEMENTARY SCHOOL 60 W END AVE ONEONTA,B1693,Greater Plains Elementary Sch 60 W End Ave Oneonta,0.96915346
A2394,NASSAU SCHOOL 7 NASSAU RD POUGHKEEPSIE,B2917,Nassau Elem School 7 Nassau Rd Poughkeepsie,0.9691255
A2977,HARRISON AVENUE ELEMENTARY SCHOOL 480 HARRISON AVE HARRISON,B1806,Harrison Avenue Elementary 480 Harrison Avenue Harrison,0.96909964
A2623,DUNDEE JUNIOR-SENIOR HIGH SCHOOL 55 WATER ST DUNDEE,B1146,Dundee Jr/Sr High School 55 Water St Dundee,0.96909696
A3939,KING STREET SCHOOL 697 KING ST PORT CHESTER,B2345,King Street Elementary School 697 King St Port Chester,0.969082
A4641,TOOKER AVENUE SCHOOL 855 TOOKER AVE WEST BABYLON,B4977,Tooker Avenue Elem School 855 Tooker Ave West Babylon,0.969062
A1105,HILLSIDE ARTS & LETTERS ACADEMY 167-01 GOTHIC DR JAMAICA,B1938,Hillside Arts & Letters Academy 167-01 Gothic Drive Jamaica,0.96905875
A3906,PARK ROAD SCHOOL 50 PARK RD PITTSFORD,B3937,Park Road Elementary School 50 Park Rd Pittsford,0.96902496
A2660,PARKWAY SCHOOL 465 BELLMORE RD EAST MEADOW,B3944,Parkway Elementary School 465 Bellmore Rd East Meadow,0.9689858
A415,URBAN ASSEMBLY BRONX ACADEMY OF LETTERS (THE) 339 MORRIS AVE BRONX,B4918,The Urban Assembly Bronx Academy Of Letters 339 Morris Avenue Bronx,0.96894693
A3962,POTSDAM SENIOR HIGH SCHOOL 29 LEROY ST POTSDAM,B4070,Potsdam Sr High School 29 Leroy St Potsdam,0.96889865
A173,SCHOOL OF THE FUTURE HIGH SCHOOL 127 E 22ND ST NEW YORK,B4429,School Of The Future High School 127 E 22nd Street Manhattan,0.96889365
A2846,GRIBBIN SCHOOL 100 SEAMAN RD GLEN COVE,B1725,Gribbin School Seaman And Walnut Rds Glen Cove,0.9688633
A4519,VALHALLA HIGH SCHOOL 300 COLUMBUS AVE VALHALLA,B5092,Valhalla Middle & High School 300 Columbus Avenue Valhalla,0.9687902
A206,HIGH SCHOOL OF HOSPITALITY MANAGEMENT 525 W 50TH ST NEW YORK,B1921,High School Of Hospitality Management 525 West 50th Street Manhattan,0.9687558
A277,FREDERICK DOUGLASS ACADEMY II SECONDARY SCHOOL 215 W 114TH ST NEW YORK,B1512,Frederick Douglass Academy Ii Secondary School 215 West 114th Street Manhattan,0.9686932
A2436,PAUL V MOORE HIGH SCHOOL 44 SCHOOL DR CENTRAL SQUARE,B3960,Paul V Moore High School 44 School Drive Central Square,0.96866584
A420,SOUTH BRONX PREPARATORY - A COLLEGE BOARD SCHOOL 360 E 145TH ST BRONX,B4549,South Bronx Preparatory: A College Board School 360 East 145 Street Bronx,0.9686626
A3704,SHAKER MIDDLE SCHOOL 475 WATERVLIET-SHAKER RD LATHAM,B4476,Shaker Junior High School 475 Watervliet Shaker Rd Latham,0.96857893
A227,INTERNATIONAL HIGH SCHOOL AT UNION SQUARE 40 IRVING PL NEW YORK,B2129,International High School At Union Square 40 Irving Place Manhattan,0.9685461
A3074,HORNELL JUNIOR-SENIOR HIGH SCHOOL 134 SENECA ST HORNELL,B1994,Hornell Sr High School 134 Seneca Street Hornell,0.9685284
A1945,ATMOSPHERE ACADEMY PUBLIC CHARTER SCHOOL 22 MARBLE HILL AVE BRONX,B198,Atmosphere Academy Public Charter Schools 5959 Broadway Bronx,0.96851134
A3137,BROOKVIEW SCHOOL 300 BROOKVIEW DR ROCHESTER,B612,Brookview Elementary School 300 Brookview Dr Rochester,0.9684875
A907,ASPIRATIONS DIPLOMA PLUS HIGH SCHOOL 1150 E NEW YORK AVE BROOKLYN,B186,Aspirations Diploma Plus High School 1495 Herkimer Street Brooklyn,0.968421
A2684,EASTCHESTER SENIOR HIGH SCHOOL 2 STEWART PL EASTCHESTER,B1226,Eastchester High School 2 Stewart Place Eastchester,0.96837926
A3177,COMSEWOGUE HIGH SCHOOL 565 BICYCLE PATH PORT JEFFERSON STATION,B957,Comsewogue Senior High School 565 Bicycle Path Port Jefferson,0.96833265
A4164,SARANAC LAKE MIDDLE SCHOOL 79 CANARAS AVE SARANAC LAKE,B4370,Saranac Lake Middle School 141 Petrova Ave Saranac Lake,0.9683316
A2246,ADIRONDACK MIDDLE SCHOOL 8181 STATE RT 294 BOONVILLE,B75,Adirondack High School 8181 State Rte 294 Boonville,0.96831805
A4797,MOHANSIC SCHOOL 704 LOCKSLEY RD YORKTOWN HEIGHTS,B2821,Mohansic Elementary School 704 Locksley Road Yorktown Heights,0.96827054
A284,INNOVATION DIPLOMA PLUS 145 W 84TH ST NEW YORK,B2119,Innovation Diploma Plus 145 West 84 Street Manhattan,0.9682678
A31,WAYLAND-COHOCTON HIGH SCHOOL 2350 RT 63 WAYLAND,B5228,Wayland-Cohocton Middle School 2350 State Route 63 Wayland,0.9680654
A2819,LOCUST SCHOOL 220 BOYLSTON ST GARDEN CITY,B2528,Locust Elementary School 220 Boylston Street Garden City,0.9680539
A1919,BROOKLYN LABORATORY CHARTER SCHOOL 77 SANDS ST BROOKLYN,B585,Brooklyn Laboratory Charter School - High School 77 Sands Street Brooklyn,0.96802986
A83,BROOKLYN CHARTER SCHOOL (THE) 545 WILLOUGHBY AVE BROOKLYN,B4840,"The Brooklyn Charter School 545 Willoughby Avenue, 3rd Floor Brooklyn",0.96802694
A4285,SMITHTOWN HIGH SCHOOL-WEST 100 CENTRAL RD SMITHTOWN,B4525,Smithtown High School West Campus 100 Central Rd Smithtown,0.9680137
A565,BRONX HIGH SCHOOL OF SCIENCE (THE) 75 W 205TH ST BRONX,B534,Bronx High School Of Science 75 West 205th Street Bronx,0.9678731
A3602,FELIX FESTA ACHIEVEMENT MIDDLE SCHOOL 30 PARROTT RD WEST NYACK,B1420,Felix Festa Determination Middle School 30 Parrott Rd West Nyack,0.96786433
A3478,NEW LANE MEMORIAL ELEMENTARY SCHOOL 15 NEW LN SELDEN,B2959,New Lane Memorial Elem School 15 New Ln Selden,0.9678618
A2828,PAUL ROAD SCHOOL 571 PAUL RD ROCHESTER,B3959,Paul Road Elementary School 571 Paul Rd Rochester,0.967845
A2483,CHURCHVILLE-CHILI MIDDLE SCHOOL 139 FAIRBANKS RD CHURCHVILLE,B871,Churchville-Chili Middle Sch 139 Fairbanks Rd Churchville,0.9678196
A2573,EDWARD J ARTHUR ELEMENTARY SCHOOL 51 3RD ST ATHENS,B1252,Edward J Arthur Elementary Sch 51 3rd St Athens,0.9678172
A2652,RUTH C KINNEY ELEMENTARY SCHOOL 1 SPUR DR S ISLIP TERRACE,B4325,Ruth C Kinney Elementary Sch 1 Spur Dr S Islip Terrace,0.9678019
A544,FAMILY SCHOOL (THE) 1116 SHERIDAN AVE BRONX,B4862,The Family School 1116 Sheridan Avenue Bronx,0.96776545
A3313,WEST GATES AVENUE SCHOOL 175 W GATES AVE LINDENHURST,B5263,West Gates Avenue Elem School 175 W Gates Ave Lindenhurst,0.96773076
A171,BARUCH COLLEGE CAMPUS HIGH SCHOOL 55 E 25TH ST NEW YORK,B282,Baruch College Campus High School 55 East 25 Street Manhattan,0.9676829
A4744,MARTIN LUTHER KING ELEMENTARY SCHOOL 792 MOUNT AVE WYANDANCH,B2703,Martin Luther King Elem School 792 Mount Ave Wyandanch,0.96764505
A4406,HERITAGE HEIGHTS ELEMENTARY SCHOOL 2545 SWEET HOME RD AMHERST,B1870,Heritage Heights Elem School 2545 Sweet Home Rd Amherst,0.9676439
A3551,FOX LANE MIDDLE SCHOOL PO BOX 298 BEDFORD,B1481,Fox Lane High School Po Box 390 Bedford,0.9675382
A4501,TURTLE HOOK MIDDLE SCHOOL 975 JERUSALEM AVE UNIONDALE,B5003,Turtle Hook Jr High School 975 Jerusalem Ave Uniondale,0.9675051
A1412,MOTT HALL IV 411 THATFORD AVE BROOKLYN,B2866,Mott Hall Iv 1137 Herkimer Street Brooklyn,0.9675043
A2081,C R WEEKS ELEMENTARY SCHOOL 440 FOLEY RD WINDSOR,B653,C R Weeks Elementary 440 Foley Rd Windsor,0.96748805
A2957,UNION PLEASANT AVENUE ELEMENTARY SCHOOL 150 PLEASANT AVE HAMBURG,B5018,Union Pleasant Ave Elem School 150 Pleasant Ave Hamburg,0.9674158
A4487,TUPPER LAKE MIDDLE-HIGH SCHOOL 25 CHANEY AVE TUPPER LAKE,B5000,Tupper Lake Jr-Sr High School 25 Chaney Ave. Tupper Lake,0.96735847
A1017,BARD HIGH SCHOOL EARLY COLLEGE QUEENS 30-20 THOMSON AVE LONG ISLAND CITY,B275,Bard High School Early College Queens 3020 Thomson Ave Fl 6 Long Island City,0.9673072
A2396,SPACKENKILL HIGH SCHOOL 112 SPACKENKILL RD POUGHKEEPSIE,B4593,Spackenkill High School524 112 Spackenkill Rd Poughkeepsie,0.967289
A2171,JOHN KENNEDY SCHOOL 166 VINE ST BATAVIA,B2290,John Kennedy Elementary School 166 Vine St Batavia,0.9672626
A3771,B C CATE ELEMENTARY SCHOOL 262 CANAL ST MONTOUR FALLS,B217,B C Cate Elementary School Canal Street Montour Falls,0.96717876
A76,BRIGHTER CHOICE CHARTER SCHOOL FOR BOYS 116 N LAKE AVE ALBANY,B470,Brighter Choice Charter  For Boys 116 N. Lake Avenue Albany,0.9671762
A230,EAST SIDE ELEMENTARY SCHOOL-PS 267 213 E 63RD ST NEW YORK,B1218,"East Side Elementary School, Ps 267 213 East 63rd Street Manhattan",0.96716976
A2578,CROTON-HARMON HIGH SCHOOL 36 OLD POST RD S CROTON ON HUDSON,B1023,Croton-Harmon High School 36 Old Post Road South Croton-On-Hudson,0.9671558
A4219,GLENDAAL SCHOOL 774 SACANDAGA RD SCOTIA,B1621,Glendaal Elementary School 774 Sacandaga Rd Scotia,0.9671234
A2356,CHARLTON HEIGHTS ELEMENTARY SCHOOL 170 STAGE RD BALLSTON LAKE,B822,Charlton Heights Elem School 170 Stage Rd Ballston Lake,0.967118
A914,NEW BRIDGES ELEMENTARY 1025 EASTERN PKWY BROOKLYN,B2941,New Bridges Elementary 1025 Eastern Parkway Brooklyn,0.9671115
A3128,BRIARWOOD SCHOOL 215 BRIARWOOD DR ROCHESTER,B465,Briarwood Elementary School 215 Briarwood Dr Rochester,0.9671084
A2011,LEEP DUAL LANGUAGE ACADEMY CHARTER SCHOOL 5323 5TH AVE - 2ND FL BROOKLYN,B2446,Leep Dual Languages Academy Charter School 5323 5th Ave Brooklyn,0.96710193
A4452,TACONIC HILLS ELEMENTARY SCHOOL 73 COUNTY RTE 11A CRARYVILLE,B4795,Taconic Hills Elementary School 73 County Route 11 A Craryville,0.9670888
A1815,KIPP TROY PREPARATORY CHARTER SCHOOL 2 POLK ST TROY,B2368,Kipp Troy Prep Middle School - Annex 2 Polk St Troy,0.9670613
A278,MOTT HALL II 234 W 109TH ST NEW YORK,B2864,Mott Hall Ii 234 West 109 Street Manhattan,0.9670491
A289,WEST END SECONDARY SCHOOL 227-243 W 61ST ST NEW YORK,B5261,West End Secondary School 227-243 West 61st Street Manhattan,0.96702814
A4626,PLANK ROAD NORTH ELEMENTARY SCHOOL 705 PLANK RD WEBSTER,B4041,Plank Road North Elem School 705 Plank Rd Webster,0.9669874
A3129,COLEBROOK SCHOOL 210 COLEBROOK DR ROCHESTER,B923,Colebrook Elementary School 210 Colebrook Dr Rochester,0.966931
A142,JACQUELINE KENNEDY-ONASSIS HIGH SCHOOL 120 W 46TH ST NEW YORK,B2220,Jacqueline Kennedy Onassis High School 120 W 46 Street Manhattan,0.9669123
A3135,SOUTHLAWN SCHOOL 455 RAWLINSON RD ROCHESTER,B4583,Southlawn Elementary School 455 Rawlinson Rd Rochester,0.9669
A1464,NORTH QUEENS COMMUNITY HIGH SCHOOL 141-25 77TH RD FLUSHING,B3024,North Queens Community High School 141-25 77th Road Queens,0.9668931
A4483,TUCKAHOE SCHOOL 468 MAGEE ST SOUTHAMPTON,B4997,Tuckahoe Elementary School 468 Magee St Southampton,0.9668257
A2788,ARCHER STREET SCHOOL 255 ARCHER ST FREEPORT,B172,Archer Street Elem School 261 Archer St Freeport,0.9668243
A1986,BRONX CHARTER SCHOOL FOR EXCELLENCE 4 4300 MURDOCK AVE BRONX,B504,Bronx Charter School For Excellence - 4 - Elementary 4300 Murdock Ave Bronx,0.9668076
A4734,WILLSBORO CENTRAL SCHOOL PO BOX 180 WILLSBORO,B5377,Willsboro High School Po Box 180 Willsboro,0.96680355
A125,BARD HIGH SCHOOL EARLY COLLEGE 525 E HOUSTON ST NEW YORK,B272,Bard High School Early College 525 West Houston Street Manhattan,0.9666502
A2025,ZETA CHARTER SCHOOL -  BRONX TREMONT PARK 1910 ARTHUR AVE BRONX,B5470,Zeta Charter School - Bronx 2 1910 Arthur Avenue The Bronx,0.9665638
A2651,JOHN F KENNEDY ELEMENTARY SCHOOL 94 WOODLAND DR EAST ISLIP,B2274,John F Kennedy Elem School 94 Woodland Dr East Islip,0.9665514
A3692,NEWBRIDGE ROAD SCHOOL 1601 NEWBRIDGE RD NORTH BELLMORE,B2984,Newbridge Road Elem School 1601 Newbridge Rd Bellmore,0.96654916
A4233,SEAFORD SENIOR HIGH SCHOOL 1575 SEAMANS NECK RD SEAFORD,B4450,Seaford Sr High School 1575 Seamans Neck Rd Seaford,0.9665365
A3089,HUDSON FALLS HIGH SCHOOL 80 E LABARGE ST HUDSON FALLS,B2009,Hudson Falls High School 80 East Le Barge Street Hudson Falls,0.96653074
A4563,WANTAGH SCHOOL 1765 BEECH ST WANTAGH,B5175,Wantagh Elementary School 1765 Beech St Wantagh,0.9665258
A4008,BLIND BROOK HIGH SCHOOL 840 KING ST RYE BROOK,B405,Blind Brook High & Middle School 840 King Street Rye Brook,0.96649146
A1618,VIDA BOGART SCHOOL FOR ALL CHILDREN (THE) 1000 E TREMONT AVE BRONX,B4926,The Vida Bogart School For All Child 1000 East Tremont Avenue Bronx,0.9664656
A751,BROOKLYN INTERNATIONAL HIGH SCHOOL 49 FLATBUSH AVE EXT BROOKLYN,B582,Brooklyn International High School 49 Flatbush Avenue Extension Brooklyn,0.9664649
A194,ELEANOR ROOSEVELT HIGH SCHOOL 411 E 76TH ST NEW YORK,B1268,Eleanor Roosevelt High School 411 East 76 Street Manhattan,0.9664499
A136,SATELLITE ACADEMY HIGH SCHOOL 120 W 30TH ST NEW YORK,B4376,Satellite Academy High School 120 W 30 St Manhattan,0.96635395
A2019,BRIDGE PREPARATORY CHARTER SCHOOL 715 OCEAN TERRACE-BLDG E STATEN ISLAND,B468,Bridge Prep Charter School 715 Ocean Terrace Staten Island,0.96634626
A316,ESPERANZA PREPARATORY ACADEMY 240 E 109TH ST NEW YORK,B1367,Esperanza Preparatory Academy 240 East 109th Street Manhattan,0.96634465
A3523,MONROE-WOODBURY MIDDLE SCHOOL 199 DUNDERBERG RD CENTRAL VALLEY,B2829,Monroe-Woodbury Sr High School 155 Dunderberg Rd Central Valley,0.9663211
A726,EAST BRONX ACADEMY FOR THE FUTURE 1716 SOUTHERN BLVD BRONX,B1181,East Bronx Academy For The Future 1716 Southern Boulevard Bronx,0.9663172
A2278,TAMARAC MIDDLE SCHOOL HIGH SCHOOL 3992 NY RT 2 TROY,B4806,Tamarac Middle School High School 3992 State Highway 2 Troy,0.96628964
A2824,FLORENCE BRASSER SCHOOL 1000 COLDWATER RD ROCHESTER,B1442,Florence Brasser Elem School 1000 Chili Center Coldwater Rd Rochester,0.96626836
A4771,SCHOOL 17 745 MIDLAND AVE YONKERS,B1290,Elementary School 17 745 Midland Ave Yonkers,0.96618587
A2079,ALFRED-ALMOND ELEMENTARY SCHOOL 6795 RT 21 ALMOND,B125,Alfred-Almond Elementary Sch 6795 State Route 21 Almond,0.96616006
A609,BRONX HIGH SCHOOL FOR LAW AND COMMUNITY SERVICE 500 E FORDHAM RD BRONX,B4835,The Bronx High School Of Law And Community Service 500 East Fordham Road Bronx,0.966117
A3830,VERNON SCHOOL 880 OYSTER BAY RD EAST NORWICH,B5118,Vernon Middle School 880 Oyster Bay Rd East Norwich,0.9660768
A210,47 AMERICAN SIGN LANGUAGE AND ENGLISH LOWER SCHOOL (THE) 223 E 23RD ST NEW YORK,B4821,The 47 American Sign Language & English Lower School 3 E 23rd St New York,0.9660519
A4366,SPRING VALLEY HIGH SCHOOL 361 RT 59 SPRING VALLEY,B4604,Spring Valley Sr High School 361 Route 59 Spring Valley,0.9660058
A312,CENTRAL PARK EAST I 1573 MADISON AVE NEW YORK,B787,Central Park East I 1573 Madison Avenue Manhattan,0.96597356
A3299,EAST BROADWAY SCHOOL 751 SEAMAN NECK RD SEAFORD,B1180,East Broadway Elementary 751 Seaman Neck Rd Seaford,0.96591234
A1339,LYONS COMMUNITY SCHOOL 223 GRAHAM AVE-3RD FL BROOKLYN,B2566,Lyons Community School 223 Graham Avenue Brooklyn,0.9658879
A4363,POMONA MIDDLE SCHOOL 101 POMONA RD SUFFERN,B4055,Pomona Jr High School 101 Pomona Rd Suffern,0.96586895
A836,MAURICE SENDAK COMMUNITY SCHOOL (THE) 211 8TH ST BROOKLYN,B4885,The Maurice Sendak Community School 211 8th St Brooklyn,0.9658657
A4275,SILVER CREEK HIGH SCHOOL 1 DICKINSON ST SILVER CREEK,B4506,Silver Creek Jr-Sr High School 1 Dickinson St Silver Creek,0.9658569
A2973,THOMAS J LAHEY ELEMENTARY SCHOOL 625 PULASKI RD GREENLAWN,B4946,Thomas J Lahey Elementary Sch 625 Pulaski Rd Greenlawn,0.9657654
A2822,HEMLOCK SCHOOL 78 BAYBERRY AVE GARDEN CITY,B1853,Hemlock School Bayberry Ave Garden City,0.96575356
A3614,WALTER B HOWARD ELEMENTARY SCHOOL 1478 RTE 20 NEW LEBANON,B5171,Walter B Howard Elementary Sch 1478 Route 20 New Lebanon,0.9657464
A1187,ACADEMY OF AMERICAN STUDIES 40-11 28TH ST LONG ISLAND CITY,B50,Academy Of American Studies 2804 41st Ave Long Island City,0.9657178
A2721,CLARA H CARLSON SCHOOL 235 BELMONT BLVD ELMONT,B883,Clara H Carlson Elem School 235 Elmont Rd Elmont,0.96570563
A1217,MICHAEL J PETRIDES SCHOOL (THE) 715 OCEAN TERR STATEN ISLAND,B4887,The Michael J. Petrides School 715 Ocean Ter Staten Island,0.9656741
A1804,BROOKLYN ASCEND CHARTER SCHOOL 1501 PITKIN AVE BROOKLYN,B784,Central Brooklyn Ascend Charter School 465 E 29th St Brooklyn,0.9656489
A4503,WALNUT STREET ELEMENTARY SCHOOL 1270 WALNUT ST UNIONDALE,B5167,Walnut Street Elem School 1270 Walnut St Uniondale,0.9656483
A3180,TERRYVILLE ROAD SCHOOL 401 TERRYVILLE RD PORT JEFFERSON STATION,B4819,Terryville Elementary School 401 Terryville Road Port Jefferson,0.9656135
A133,UNITY CENTER FOR URBAN TECHNOLOGIES 111 E 33RD ST NEW YORK,B5038,Unity Center For Urban Technologies 111 East 33rd Street Manhattan,0.9655928
A3794,ELLICOTT ROAD ELEMENTARY SCHOOL 5180 ELLICOTT RD ORCHARD PARK,B1323,Ellicott Road Elem School 5180 Ellicott Rd Orchard Park,0.96557546
A4517,VALHALLA MIDDLE SCHOOL 300 COLUMBUS AVE VALHALLA,B5092,Valhalla Middle & High School 300 Columbus Avenue Valhalla,0.9655668
A788,URBAN ASSEMBLY UNISON SCHOOL (THE) 170 GATES AVE BROOKLYN,B4925,The Urban Assembly Unison School 170 Gates Avenue Brooklyn,0.9655612
A593,PS 396 1930 ANDREWS AVE BRONX,B4109,Ps 536 1827 Archer Street Bronx,0.96555954
A4607,WATERVLIET JUNIOR-SENIOR HIGH SCHOOL 1245 HILLSIDE DR WATERVLIET,B5215,Watervliet Jr-Sr High School 1245 Hillside Dr. Watervliet,0.96539974
A2448,KAEGEBEIN SCHOOL 1690 LOVE RD GRAND ISLAND,B2312,Kaegebein Elementary School 1690 Love Rd Grand Island,0.965396
A897,HIGH SCHOOL FOR GLOBAL CITIZENSHIP (THE) 883 CLASSON AVE BROOKLYN,B4871,The High School For Global Citizenship 883 Classon Avenue Brooklyn,0.965335
A2921,GREENWICH ELEMENTARY SCHOOL 10 GRAY AVE GREENWICH,B1718,Greenwich Middle School 10 Gray Ave Greenwich,0.9653316
A4360,KAKIAT ELEMENTARY SCHOOL 465 VIOLA RD SPRING VALLEY,B2313,Kakiat Jr High School 465 Viola Rd Spring Valley,0.96530294
A2163,WOOD ROAD ELEMENTARY SCHOOL 300 WOOD RD BALLSTON SPA,B5400,Wood Road Intermediate School 300 Wood Rd Ballston Spa,0.9652699
A204,FOOD AND FINANCE HIGH SCHOOL 525 W 50TH ST NEW YORK,B1454,Food And Finance High School 525 West 50th Street Manhattan,0.9652085
A701,STEAM BRIDGE SCHOOL (THE) 1684 WHITE PLAINS RD BRONX,B4915,The Steam Bridge School 1684 White Plains Road Bronx,0.9652009
A4181,LINCOLN AVENUE ELEMENTARY SCHOOL 440 LINCOLN AVE SAYVILLE,B2493,Lincoln Ave. Elementary School 440 Lincoln Ave. Sayville,0.96519977
A2480,CHURCHVILLE-CHILI SENIOR HIGH SCHOOL 5786 BUFFALO RD CHURCHVILLE,B872,Churchville-Chili Sr High Sch 5786 Buffalo Rd Churchville,0.9651891
A865,BROOKLYN GREEN SCHOOL (THE) 130 ROCHESTER AVE BROOKLYN,B4841,The Brooklyn Green School 130 Rochester Avenue Brooklyn,0.965152
A2588,DEER PARK HIGH SCHOOL 1 FALCON PL DEER PARK,B1059,Deer Park High School 1 Falcon Place Deer Park,0.9651326
A2391,J M MCKENNEY MIDDLE SCHOOL 99 STATE ST CANTON,B2733,Mckenney Middle School 99 State St Canton,0.96512055
A338,MOTT HALL HIGH SCHOOL 6 EDGECOMBE AVE NEW YORK,B2863,Mott Hall High School 6 Edgecombe Avenue Manhattan,0.9651158
A2465,CHENANGO BRIDGE ELEMENTARY SCHOOL 741 RIVER RD BINGHAMTON,B839,Chenango Bridge Elem School 741 River Rd Binghamton,0.96507764
A2549,CORINTH HIGH SCHOOL 105 OAK ST CORINTH,B984,Corinth Jr-Sr High School 105 Oak St Corinth,0.9650696
A54,WEST SAND LAKE ELEMENTARY SCHOOL 24 MEELER RD WEST SAND LAKE,B5281,West Sand Lake Elementary Sch 24 Meeler Rd West Sand Lake,0.9650482
A2374,CAMDEN SENIOR HIGH SCHOOL 55 OSWEGO ST CAMDEN,B672,Camden Senior High School Oswego Street Camden,0.96499395
A1768,DEMOCRACY PREPARATORY CHARTER SCHOOL 2230 5TH AVE NEW YORK,B1078,Democracy Preparatory Charter Middle School 2230 5th Ave New York,0.96499175
A353,GREGORIO LUPERON HIGH SCHOOL FOR SCIENCE AND MATHEMATICS 501 W 165TH ST NEW YORK,B1723,Gregorio Luperon High School For Science And Mathematics 501 West 165th Manhattan,0.9649533
A1425,FLUSHING HIGH SCHOOL 35-01 UNION ST FLUSHING,B1448,Flushing High School 35-01 Union St Queens,0.9649474
A2375,MCCONNELLSVILLE ELEMENTARY SCHOOL 8564 STATE RT 13 BLOSSVALE,B2731,Mcconnellsville Elem School 8564 State Rt 13 Blossvale,0.9649175
A4622,PLANK ROAD SOUTH ELEMENTARY SCHOOL 715 PLANK RD WEBSTER,B4042,Plank Road South Elem School 715 Plank Rd Webster,0.9649036
A2912,GREENE INTERMEDIATE SCHOOL 105 ELEMENTARY LN GREENE,B1708,Greene Intermediate School 105 Elementary Lane Greene,0.96485794
A3983,RANDOLPH SENIOR HIGH SCHOOL 18 MAIN ST RANDOLPH,B4171,Randolph Jr-Sr High School 18 Main St Randolph,0.9648299
A3498,MIDDLETOWN HIGH SCHOOL 30 GARDNER AVE EXT MIDDLETOWN,B2776,Middletown High School Gardner Ave Ext Middletown,0.964814
A700,MATILDA AVENUE SCHOOL (THE) 4520 MATILDA AVE BRONX,B4884,The Matilda Avenue School 4520 Matilda Avenue Bronx,0.96479267
A3757,VALLEY COTTAGE SCHOOL 26 LAKE RD VALLEY COTTAGE,B5096,Valley Cottage Elem School 26 Lake Rd Valley Cottage,0.96473086
A291,EDWARD A REYNOLDS WEST SIDE HIGH SCHOOL 105 E 106TH ST NEW YORK,B1250,Edward A. Reynolds West Side High School 140 West 102 St Manhattan,0.96472824
A342,COLUMBIA SECONDARY SCHOOL 425 W 123RD ST NEW YORK,B935,Columbia Secondary School 425 West 123 Street Manhattan,0.9646927
A4510,JOHN F KENNEDY MIDDLE SCHOOL 500 DEERFIELD DR E UTICA,B2277,John F Kennedy Midddle School 500 Deerfield Dr E Utica,0.964684
A3179,NORWOOD AVENUE SCHOOL 290 NORWOOD AVE PORT JEFFERSON STATION,B3065,Norwood Avenue Elem School 290 Norwood Ave Port Jefferson,0.9646518
A1458,QUEENS ACADEMY HIGH SCHOOL 138-11 35TH AVE FLUSHING,B4134,Queens Academy High School 138-11 35 Avenue Queens,0.9646149
A3276,LAWRENCE PRIMARY SCHOOL AT #2 SCHOOL 1 DONAHUE AVE INWOOD,B2430,Lawrence Primary School #2 1 Donahue Avenue Inwood,0.964591
A13,BROADALBIN-PERTH ELEMENTARY SCHOOL 1870 COUNTY HWY 107 AMSTERDAM,B480,Broadalbin Perth Elementary School 1870 County Highway 107 Amsterdam,0.9644908
A2224,KRAMER LANE ELEMENTARY SCHOOL 1 KRAMER LN PLAINVIEW,B2380,Kramer Elementary School Kramer Ln Plainview,0.96447736
A4334,WILLIAM O SCHAEFER ELEMENTARY SCHOOL 140 LESTER DR TAPPAN,B5354,William O. Schaefer Elementary School 140 Lester Drive Tappan,0.9644151
A3373,LYONS SENIOR HIGH SCHOOL 10 CLYDE RD LYONS,B2568,Lyons Jr-Sr High School 10 Clyde Rd Lyons,0.9643741
A3612,NEW HYDE PARK ROAD SCHOOL 300 NEW HYDE PARK RD NEW HYDE PARK,B2958,New Hyde Park Road Elem School 300 New Hyde Park Rd New Hyde Park,0.9643139
A739,CINEMA SCHOOL (THE) 1551 E 172ND ST BRONX,B4850,The Cinema School 1551 East 172nd Street Bronx,0.9643115
A2586,MAY MOORE PRIMARY SCHOOL 239 CENTRAL AVE DEER PARK,B2726,May Moore Elementary School 239 Central Ave Deer Park,0.9642314
A3749,NORWOOD-NORFOLK MIDDLE SCHOOL 7852 STATE HWY 56 NORWOOD,B3066,Norwood-Norfolk Jr Sr High 7852 State Hwy 56 Norwood,0.9642236
A124,TOMPKINS SQUARE MIDDLE SCHOOL 600 E 6TH ST NEW YORK,B4972,Tompkins Square Middle School 600 East 6 Street Manhattan,0.9641856
A384,CITY COLLEGE ACADEMY OF THE ARTS 4600 BROADWAY NEW YORK,B878,City College Academy Of The Arts 4600 Broadway Manhattan,0.9641193
A1878,CHILDREN'S AID COLLEGE PREPARATORY CHARTER SCHOOL 1919 PROSPECT AVE BRONX,B856,"Childrens Aid College Prep Charter School 1919 Prospect Ave, 3rd Floor Bronx",0.9641149
A2805,FAIRGRIEVE SCHOOL 716 ACADEMY ST FULTON,B1396,Fairgrieve Elementary School 716 Academy St Fulton,0.9640628
A1949,BRONX CHARTER SCHOOL FOR EXCELLENCE 2 1804 HOLLAND AVE BRONX,B505,Bronx Charter School For Excellence 2 - Middle 1734 Williambridge Rd Bronx,0.96403587
A2745,JEFFERSON AVENUE SCHOOL 303 JEFFERSON AVE FAIRPORT,B2248,Jefferson Avenue Elem School 303 Jefferson Ave Fairport,0.9640149
A4338,SOUTHAMPTON HIGH SCHOOL 141 NARROW LN SOUTHAMPTON,B4577,Southampton Sr High School 141 Narrow Ln Southampton,0.9640044
A203,INDEPENDENCE HIGH SCHOOL 850 10TH AVE NEW YORK,B2109,Independence High School 850 10th Avenue Manhattan,0.9639833
A2627,SCHOOL 5 117 BRIGHAM RD DUNKIRK,B1276,Elementary School 05 115 Brigham Rd Dunkirk,0.9639523
A4304,SOMERS INTERMEDIATE SCHOOL 240 RT 202 SOMERS,B4533,Somers Intermediate School 240 Route 202 Somers,0.9639437
A4220,LINCOLN SCHOOL 40 ALBION ST SCOTIA,B2495,Lincoln Elementary School 40 Albion St Scotia,0.96393824
A4226,GLENWOOD LANDING ELEMENTARY SCHOOL 60 CODY AVE GLEN HEAD,B1629,Glenwood Landing Elem School 60 Cody Ave Glen Head,0.96389794
A3172,GEORGE WASHINGTON MIDDLE SCHOOL 159 BUFFALO ST JAMESTOWN,B5197,Washington Middle School 159 Buffalo St Jamestown,0.96385425
A2847,LANDING SCHOOL 60 MCLOUGHLIN ST GLEN COVE,B2415,Landing Elementary School 60 Mcloughlin St Glen Cove,0.96384233
A282,SPECIAL MUSIC SCHOOL 129 W 67TH ST NEW YORK,B4596,Special Music School 129 West 67 Street Manhattan,0.96382225
A4221,SACANDAGA SCHOOL 300 WREN ST SCOTIA,B4332,Sacandaga Elementary School 300 Wren St Scotia,0.9638221
A4532,VALLEY STREAM MEMORIAL JUNIOR HIGH SCHOOL 320 FLETCHER AVE VALLEY STREAM,B5099,Valley Stream Memorial Jr High 320 Fletcher Ave Valley Stream,0.963788
A3739,OCEAN AVENUE SCHOOL 100 OCEAN AVE NORTHPORT,B3095,Ocean Avenue Elementary School 1000 Ocean Ave Northport,0.96378624
A2335,HARVEY AUSTIN SCHOOL #97 1405 SYCAMORE ST BUFFALO,B4405,"School #097, Harvey Austin School 1405 Sycamore Street Buffalo",0.9637419
A3232,E R CROSBY ELEMENTARY SCHOOL 767 NEIGHBORHOOD RD LAKE KATRINE,B1021,Crosby Elementary School 767 Neighborhood Rd Lake Katrine,0.96371174
A2755,ALBANY AVENUE ELEMENTARY SCHOOL 101 ALBANY AVE NORTH MASSAPEQUA,B96,Albany Avenue Elem School 101 Albany Ave Massapequa,0.9637079
A4173,LAKE AVENUE ELEMENTARY SCHOOL 126 LAKE AVE SARATOGA SPRINGS,B2398,Lake Avenue Elementary School 126 Lake Ave Saratoga Spgs,0.96368635
A389,HIGH SCHOOL FOR EXCELLENCE AND INNOVATION 650 ACADEMY ST NEW YORK,B1899,High School For Excellence And Innovation 650 Academy Street Manhattan,0.963586
A4374,REACH ACADEMY (THE) 45 E GAINSBORG AVE WEST HARRISON,B4178,Reach Academy 45 East Gainsborg Avenue West Harrison,0.9635525
A3370,L A WEBBER MIDDLE-HIGH SCHOOL PO BOX 540 LYNDONVILLE,B2384,L A Webber Middle-High School 25 Housel Ave Lyndonville,0.9635128
A2498,CLEVELAND HILL ELEMENTARY SCHOOL 105 MAPLEVIEW RD CHEEKTOWAGA,B896,Cleveland Hill Elem School 105 Mapleview Rd Cheektowaga,0.9634792
A4560,MANDALAY SCHOOL 2667 BAYVIEW AVE WANTAGH,B2638,Mandalay Elementary School 2667 Bayview Ave Wantagh,0.9634394
A2743,DUDLEY SCHOOL 211 HAMILTON RD FAIRPORT,B1144,Dudley Elementary School 211 Hamilton Rd Fairport,0.9633859
A4100,WASHINGTON ROSE SCHOOL 2 ROSE AVE ROOSEVELT,B5199,Washington Rose Elem School 2 Washington Ave Roosevelt,0.9633274
A3036,EAST STREET SCHOOL 50 EAST ST HICKSVILLE,B1221,East Street Elementary 50 East Street Hicksville,0.9632611
A3758,OAKFIELD-ALABAMA ELEMENTARY SCHOOL 7001 LEWISTON RD OAKFIELD,B3090,Oakfield-Alabama Elem School 7001 Lewiston Rd Oakfield,0.96323085
A4274,SILVER CREEK ELEMENTARY SCHOOL 1 DICKINSON ST SILVER CREEK,B4505,Silver Creek Elementary School Dickinson Street Silver Creek,0.96322215
A3497,MIDDLETOWN TWIN TOWERS MIDDLE SCHOOL 112 GRAND AVE MIDDLETOWN,B5009,Twin Towers Middle School 112 Grand Ave Middletown,0.9632138
A4620,KLEM ROAD NORTH ELEMENTARY SCHOOL 1015 KLEM RD WEBSTER,B2372,Klem Road North Elem School 1015 Klem Rd Webster,0.9631939
A2713,RIVERSIDE ELEMENTARY 409 RIVERSIDE AVE ELMIRA,B1334,Elmira Riverside Elementary School 409 Riverside Ave Elmira,0.96318185
A2783,FRANKLINVILLE JUNIOR-SENIOR HIGH SCHOOL 31 N MAIN ST FRANKLINVILLE,B1506,Franklinville Jr-Sr High Sch 31 N Main St Franklinville,0.9631765
A221,BUSINESS OF SPORTS SCHOOL 439 W 49TH ST NEW YORK,B647,Business Of Sports School 439 West 49th Street Manhattan,0.9631655
A2023,GIRLS PREPARATORY CHARTER SCHOOL OF THE BRONX II 263 E 203RD ST BRONX,B1615,"Girls Preparatory Charter School Of The Bronx-Elementary 681 Kelly Street, Room 205 Bronx",0.9631521
A3171,SAMUEL G LOVE ELEMENTARY SCHOOL 50 E 8TH ST JAMESTOWN,B4357,Samuel G Love Elem School 50 E 8th St Jamestown,0.96315026
A4351,LEO BERNABI SCHOOL 1 BERNABI RD SPENCERPORT,B2454,Leo Bernabi School 69 Lyell Ave Spencerport,0.96313
A3392,DAVISON AVENUE INTERMEDIATE SCHOOL 49 DAVISON AVE LYNBROOK,B1052,Davison Avenue Elem School 49 Davison Ave Lynbrook,0.9631194
A1964,BRONX CHARTER SCHOOL FOR EXCELLENCE 3 3956 CARPENTER AVE BRONX,B507,Bronx Charter School For Excellence 3 And 4 Middle 1160 E 213th S Bronx,0.9631012
A386,WASHINGTON HEIGHTS EXPEDITIONARY LEARNING SCHOOL 511 W 182ND ST NEW YORK,B5193,Washington Heights Expeditionary Learning School 511 West 182nd Street Manhattan,0.9630641
A4262,E A MCALLISTER ELEMENTARY SCHOOL 217 KINSLEY ST SHERRILL,B1154,E A Mcallister Elem School 217 Kinsley St Sherrill,0.9629972
A4852,ACADEMY CHARTER SCHOOL 2 (THE) 244-248 LONG ISLAND AVE WYANDANCH,B4822,The Academy Charter School 2 Wyandanch 244-248 Long Island Ave Wyandanch,0.96296966
A3005,LINDEN HILL HIGH SCHOOL 226 LINDA AVE HAWTHORNE,B2507,Linden Hill School 226 Linda Ave Hawthorne,0.96294034
A1329,HIGH SCHOOL FOR ENTERPRISE BUSINESS & TECHNOLOGY (THE) 850 GRAND ST BROOKLYN,B4870,"The High School For Enterprise, Business And Technology 850 Grand St Brooklyn",0.96293074
A3747,NORWOOD-NORFOLK ELEMENTARY SCHOOL 7852 STATE HWY 56 NORWOOD,B3066,Norwood-Norfolk Jr Sr High 7852 State Hwy 56 Norwood,0.96286356
A636,BRONX ACADEMY FOR SOFTWARE ENGINEERING (BASE) 2474 CROTONA AVE BRONX,B491,Bronx Academy For Software Engineering - Base 2474 Crotona Ave Bronx,0.96284235
A2685,GREENVALE SCHOOL 1 GABRIEL RESCIGNO DR SCARSDALE,B1713,Greenvale School 1 Gabriel Rescigno Drive Scarsdale,0.9628387
A3454,MECHANICVILLE ELEMENTARY SCHOOL 25 KNISKERN AVE MECHANICVILLE,B2746,Mechanicville Sr High School 25 Kniskern Avenue Mechanicville,0.9628352
A175,STUYVESANT HIGH SCHOOL 345 CHAMBERS ST NEW YORK,B4767,Stuyvesant High School 345 Chambers Street Manhattan,0.96281695
A383,MIDDLE SCHOOL 322 4600 BROADWAY NEW YORK,B2769,Middle School 322 4600 Broadway Manhattan,0.9628154
A3911,MENDON CENTER ELEMENTARY SCHOOL 110 MENDON CENTER RD PITTSFORD,B2753,Mendon Center Elementary Sch 110 Mendon Center Rd Pittsford,0.9627875
A370,HIGH SCHOOL FOR MEDIA & COMMUNICATIONS 549 AUDUBON AVE NEW YORK,B1908,High School For Media And Communications 549 Audubon Avenue Manhattan,0.9627407
A2368,CALEDONIA-MUMFORD ELEMENTARY SCHOOL 99 NORTH ST CALEDONIA,B660,Caledonia-Mumford Elem School 99 North St Caledonia,0.9627146
A4775,SCHOOL 22 1408 NEPPERHAN AVE YONKERS,B1295,Elementary School 22 1408 Nepperhan Ave Yonkers,0.9626874
A743,ARCHER ELEMENTARY SCHOOL 1827 ARCHER ST BRONX,B171,Archer Elementary School 1827 Archer Street Bronx,0.9626849
A3852,PAVILION JUNIOR-SENIOR HIGH SCHOOL 7014 BIG TREE RD PAVILION,B3964,Pavilion Jr-Sr High School 7014 Big Tree Rd Pavilion,0.96265227
A3918,STRATFORD ROAD SCHOOL 33 BEDFORD RD PLAINVIEW,B4763,Stratford Road Elem School 33 Bedford Road Plainview,0.9625337
A4582,WARSAW SENIOR HIGH SCHOOL 81 W COURT ST WARSAW,B5188,Warsaw Jr-Sr High School 81 W Court St Warsaw,0.9625067
A379,MUSCOTA 4862 BROADWAY NEW YORK,B2899,Muscota 4862 Broadway Manhattan,0.962482
A3856,EVANS PARK SCHOOL 40 MARION PL PEARL RIVER,B1375,Evans Park Elementary School 40 Marion Place Pearl River,0.9624653
A1787,NORTHSIDE CHARTER HIGH SCHOOL 424 LEONARD ST-4TH FL BROOKLYN,B3050,Northside Charter High School 424 Leonard Street Brooklyn,0.9624575
A346,URBAN ASSEMBLY SCHOOL FOR GLOBAL COMMERCE (THE) 2005 MADISON AVE NEW YORK,B4922,The Urban Assembly School For Global Commerce 2005 Madison Ave Manhattan,0.96244514
A547,CLAREMONT INTERNATIONAL HIGH SCHOOL 240 E 172ND ST BRONX,B884,Claremont International Hs 240 East 172 Street Bronx,0.9624265
A4135,HIAWATHA SCHOOL 97 PATCHOGUE-HOLBROOK RD LAKE RONKONKOMA,B1886,Hiawatha Elementary School 97 Patchogue Holbrook Rd Lake Ronkonkom,0.9624244
A3861,HILLCREST SCHOOL 4 HORTON DR PEEKSKILL,B1935,Hillcrest Elementary School 99 Horton Dr Peekskill,0.96241313
A3883,PERRY JUNIOR-SENIOR HIGH SCHOOL 33 WATKINS AVE PERRY,B4001,Perry Jr-Sr High School 33 Watkins Ave Perry,0.9623573
A195,MILLENNIUM HIGH SCHOOL 75 BROAD ST NEW YORK,B2798,Millennium High School 75 Broad Street Manhattan,0.962325
A4567,FISHKILL PLAINS ELEMENTARY SCHOOL 17 LAKE WALTON RD WAPPINGERS FALLS,B1433,Fishkill Plains Elem School 17 Lake Walton Rd Wappingers Falls,0.96230227
A4732,WILLIAMSVILLE SOUTH HIGH SCHOOL 5950 MAIN ST WILLIAMSVILLE,B5371,Williamsville South High Sch 5950 Main St Williamsville,0.96226686
A4635,WELLSVILLE ELEMENTARY SCHOOL 98 SCHOOL ST WELLSVILLE,B5249,Wellsville Elementary School 98 School Street Wellsville,0.96222985
A3458,OAK ORCHARD PRIMARY SCHOOL 335 W OAK ORCHARD ST MEDINA,B3086,Oak Orchard Elementary School 335 W Oak Orchard St Medina,0.96222043
A2285,BROCTON MIDDLE HIGH SCHOOL 138 W MAIN ST BROCTON,B484,Brocton Central School 138 W Main St Brocton,0.9621477
A3748,NORWOOD-NORFOLK SCHOOL 7852 STATE HWY 56 NORWOOD,B3066,Norwood-Norfolk Jr Sr High 7852 State Hwy 56 Norwood,0.96214396
A3690,WILLIAM E DELUCA JR ELEMENTARY SCHOOL 223 PHELPS LN NORTH BABYLON,B1072,Deluca Elementary School 223 Phelps Ln North Babylon,0.9620876
A4309,SHAKER ROAD ELEMENTARY SCHOOL 512 ALBANY SHAKER RD ALBANY,B4477,Shaker Road Elementary Sch 512 Albany Shaker Rd Albany,0.9620855
A2187,SYLVAN AVENUE ELEMENTARY SCHOOL 600 SYLVAN AVE BAYPORT,B4787,Sylvan Avenue Elem School 600 Sylvan Ave Bayport,0.96208274
A3784,RIVERSIDE ELEMENTARY SCHOOL 39 HOUSE ST ONEONTA,B4240,Riverside Elementary School 1 Henry St Oneonta,0.9619975
A2362,WAMPUS SCHOOL 41 WAMPUS AVE ARMONK,B5174,Wampus Elementary School 41 Wampus Avenue Armonk,0.9619955
A4316,HARRISON AVENUE ELEMENTARY SCHOOL 76 HARRISON AVE SOUTH GLENS FALLS,B1805,Harrison Avenue Elem School 76 Harrison Ave S Glens Falls,0.9619465
A3660,HARRY F ABATE ELEMENTARY SCHOOL 1625 LOCKPORT ST NIAGARA FALLS,B1810,Harry F Abate Elem School 1625 Lockport St Niagara Falls,0.9619236
A3831,OYSTER BAY MIDDLE SCHOOL 150 E MAIN ST OYSTER BAY,B3190,Oyster Bay Sr High School 150 E Main St Oyster Bay,0.9619201
A3855,PAWLING MIDDLE SCHOOL 80 WAGNER RD PAWLING,B3967,Pawling Middle School 80 Wagner Dr Pawling,0.9619153
A4203,PLEASANT VALLEY ELEMENTARY SCHOOL 1097 FOREST RD SCHENECTADY,B4047,Pleasant Valley Elem School 1097 Forest Road Schenectady,0.96184367
A4425,EDWARD SMITH K-8 SCHOOL 1106 LANCASTER AVE SYRACUSE,B1256,Edward Smith Pre-K-8 School 1106 Lancaster Ave Syracuse,0.9618105
A2642,DURAND-EASTMAN INTERMEDIATE SCHOOL 95 PT PLEASANT RD ROCHESTER,B1149,Durand-Eastman Inter School 95 Point Pleasant Rd Rochester,0.96178484
A2879,E M BAKER SCHOOL 69 BAKER HILL RD GREAT NECK,B1156,E M Baker Elementary School 69 Baker Hill Rd Great Neck,0.9617228
A3775,MADILL SCHOOL 800 JEFFERSON AVE OGDENSBURG,B2613,Madill Elementary School 800 Jefferson Ave Ogdensburg,0.9617212
A393,HAMILTON GRANGE MIDDLE SCHOOL 500 W 138TH ST NEW YORK,B1765,Hamilton Grange Middle School 500 West 138 Street Manhattan,0.9617138
A147,CHELSEA CAREER AND TECHNICAL EDUCATION HIGH SCHOOL 131 AVE OF THE AMERICAS NEW YORK,B836,Chelsea Career And Technical Education High School 131 Avenue Of The Americas Manhattan,0.9616573
A2071,ALDEN MIDDLE SCHOOL 13250 PARK ST ALDEN,B117,Alden Senior High School 13190 Park St Alden,0.96164906
A4059,EDISON CAREER AND TECHNOLOGY HIGH SCHOOL 655 COLFAX ST ROCHESTER,B1243,Edison Technical High School 655 Colfax St Rochester,0.96158195
A4125,RYE MIDDLE SCHOOL PARSONS ST RYE,B4328,Rye Middle School 3 Parsons Street Rye,0.9615165
A4337,SOUTHAMPTON INTERMEDIATE SCHOOL 70 LELAND LN SOUTHAMPTON,B4576,Southampton Inter School 70 Leland Ln Southampton,0.9615061
A3141,DOWS LANE (K-3) SCHOOL 6 DOWS LN IRVINGTON,B1124,Dows Lane Elementary School 6 Dows Ln Irvington,0.9614379
A4318,OLIVER W WINCH MIDDLE SCHOOL 99 HUDSON ST SOUTH GLENS FALLS,B3117,Oliver Winch Jr High School 99 Hudson St S Glens Falls,0.96140134
A1381,FRESH CREEK SCHOOL (THE) 875 WILLIAMS AVE BROOKLYN,B4864,The Fresh Creek School 875 Williams Avenue Brooklyn,0.9613915
A2088,AMHERST CENTRAL HIGH SCHOOL 4301 MAIN ST AMHERST,B142,Amherst Central High School 4301 Main St Buffalo,0.9613702
A4611,LINCOLN STREET ELEMENTARY SCHOOL 45 LINCOLN ST WAVERLY,B2503,Lincoln Street Elem School 45 Lincoln St Waverly,0.961341
A464,MILLENIUM ART ACADEMY 1980 LAFAYETTE AVE BRONX,B2796,Millennium Art Academy 1980 Lafayette Avenue Bronx,0.9612771
A2667,EAST ROCHESTER ELEMENTARY SCHOOL 400 WOODBINE AVE EAST ROCHESTER,B1215,East Rochester High School 200 Woodbine Ave East Rochester,0.96117485
A4827,PUTNAM-WESTCHESTER BOCES 200 BOCES DR YORKTOWN HEIGHTS,B4131,Putnam Westchester Boces 200 Boces Drive Yorktown Heights,0.96115625
A2178,FIFTH AVENUE SCHOOL 217 5TH AVE BAY SHORE,B1424,Fifth Avenue Elementary School 217 5th Ave Bay Shore,0.9610988
A4431,HUNTINGTON K-8 SCHOOL 400 SUNNYCREST RD SYRACUSE,B2025,Huntington Pre-K-8 School 400 Sunnycrest Rd Syracuse,0.9610831
A2090,AMHERST MIDDLE SCHOOL 55 KINGS HWY AMHERST,B143,Amherst Middle School 55 Kings Hwy Buffalo,0.9610516
A247,BEACON HIGH SCHOOL 522 W 44TH ST NEW YORK,B305,Beacon High School 227 W 61st St Manhattan,0.96103996
A2853,KENSINGTON ROAD SCHOOL 43 KENSINGTON RD GLENS FALLS,B2333,Kensington Road Elem School 43 Kensington Rd Glens Falls,0.9610125
A4774,SCHOOL 21 100 LEE AVE YONKERS,B1294,Elementary School 21 100 Lee Ave Yonkers,0.9609897
A231,URBAN ASSEMBLY GATEWAY SCHOOL FOR TECHNOLOGY 439 W 49TH ST NEW YORK,B5052,Urban Assembly Gateway School For Technology 439 West 49th Street Manhattan,0.9609835
A434,SOUTH BRONX LITERACY ACADEMY 750 CONCOURSE VILLAGE WEST BRONX,B4548,South Bronx Literacy Academy 628 Tinton Ave Bronx,0.9609722
A2779,JOHN STREET SCHOOL 560 NASSAU BLVD FRANKLIN SQUARE,B2298,John Street Elementary School 560 Nassau Blvd Frankln Square,0.96095026
A179,ELLA BAKER SCHOOL 317 E 67TH ST NEW YORK,B1319,Ella Baker School 317 East 67 Street Manhattan,0.9609495
A3722,NORTH TONAWANDA MIDDLE SCHOOL 455 MEADOW DR NORTH TONAWANDA,B3038,North Tonawanda Sr High School 405 Meadow Dr N Tonawanda,0.9608845
A3363,LYNBROOK SENIOR HIGH SCHOOL 9 UNION AVE LYNBROOK,B2559,Lynbrook Sr High School 9 Union Ave Lynbrook,0.96085495
A274,HIGH SCHOOL OF ARTS AND TECHNOLOGY 122 AMSTERDAM AVE NEW YORK,B1916,High School Of  Arts And Technology 122  Amsterdam Avenue Manhattan,0.9608397
A235,HARVEST COLLEGIATE HIGH SCHOOL 34 W 14TH ST NEW YORK,B1817,Harvest Collegiate High School 34 West 14 Street Manhattan,0.9608357
A3685,ROBERT MOSES MIDDLE SCHOOL 250 PHELPS LN NORTH BABYLON,B2856,Moses Middle School 250 Phelps Ln North Babylon,0.96079755
A702,BRONX CHARTER SCHOOL FOR BETTER LEARNING 3740 BAYCHESTER AVE ANNEX BRONX,B4833,The Bronx Charter School For Better Learning 1 3740 Baychester Ave. Annex Bronx,0.9607966
A4396,MONTEBELLO ROAD SCHOOL 50 MONTEBELLO RD SUFFERN,B2831,Montebello Road Elementary School 50 Montebello Road Suffern,0.9607907
A1684,JOANNE SEMINARA SCHOOL OF LAW AND MEDICINE 280 SENATOR ST BROOKLYN,B2262,Joanne Seminara School Of Law And Medicine 6740 3rd Ave Brooklyn,0.9607759
A2124,UNION VALE MIDDLE SCHOOL 1657 E NOXON RD LAGRANGEVILLE,B5022,Union Vale Middle School 1657 East Noxon Road La Grangeville,0.96076035
A2789,BAYVIEW AVENUE SCHOOL 325 W MERRICK RD FREEPORT,B299,Bayview Avenue School Merrick Rd & Bayview Avenue Freeport,0.9606652
A4658,BEACH STREET MIDDLE SCHOOL 17 BEACH ST WEST ISLIP,B304,Beach Street Middle School Beach St West Islip,0.9606625
A2954,CHARLOTTE AVENUE ELEMENTARY SCHOOL 301 CHARLOTTE AVE HAMBURG,B818,Charlotte Avenue Elem School 301 Charlotte Ave Hamburg,0.9606215
A1392,EAST NEW YORK ARTS AND CIVICS HIGH SCHOOL (THE) 800 VAN SICLEN AVE BROOKLYN,B4855,The East New York Arts And Civics High School 800 Van Siclen Ave Brooklyn,0.96059203
A4438,ROBERTS K-8 SCHOOL 715 GLENWOOD AVE SYRACUSE,B4262,Roberts Pre-K-8 School 715 Glenwood Ave Syracuse,0.960592
A2555,FREDERICK CARDER ELEMENTARY SCHOOL 289 STATE ST CORNING,B1510,Frederick Carder Elem School 289 State St Corning,0.96057105
A3802,ORISKANY JUNIOR-SENIOR HIGH SCHOOL 1312 UTICA ST ORISKANY,B3139,Oriskany Jr-Sr High School 1312 Utica St Oriskany,0.9605621
A3592,LAUREL PLAINS ELEMENTARY SCHOOL 14 TEAKWOOD LN NEW CITY,B2424,Laurel Plains Elem School 14 Teakwood Ln New City,0.96055436
A3570,EDWARD WILLIAMS SCHOOL 9 UNION LN MOUNT VERNON,B1258,Edward Williams School 9 Union Lane Mount Vernon,0.96054024
A730,ACCION ACADEMY 977 FOX ST BRONX,B66,Accion Academy 1825 Prospect Avenue Bronx,0.9605228
A4661,PAUL J BELLEW ELEMENTARY SCHOOL 25 HIGBIE LN WEST ISLIP,B337,Bellew Elementary School 25 Higbie West Islip,0.9604879
A3607,ROBERT L BRADLEY ELEMENTARY SCHOOL 33 OXFORD RD NEW HARTFORD,B454,Bradley Elementary School 33 Oxford Rd New Hartford,0.9604736
A3557,MOUNT MORRIS ELEMENTARY SCHOOL 30 BONADONNA AVE MOUNT MORRIS,B2877,Mount Morris Elementary School Bonadonna Ave Mount Morris,0.96039766
A4499,NORTHERN PARKWAY ELEMENTARY SCHOOL 440 NORTHERN PKWY UNIONDALE,B3046,Northern Parkway Elem School 440 Northern Pkwy Uniondale,0.96039003
A2137,AVON HIGH SCHOOL 245 CLINTON ST AVON,B215,Avon Jr-Sr High School 245 Clinton Street Ext Avon,0.96037024
A2959,HAMILTON ELEMENTARY SCHOOL 47 W KENDRICK AVE HAMILTON,B1762,Hamilton Central School 47 W Kendrick Ave Hamilton,0.9603123
A2236,WEST MIDDLE SCHOOL W MIDDLE AVE BINGHAMTON,B5275,West Middle School West Middle Ave. Binghamton,0.96029985
A3405,SHELTER ROCK ELEMENTARY SCHOOL 27A SHELTER ROCK RD MANHASSET,B4486,Shelter Rock Elementary School Shelter Rock Rd Manhasset,0.96029234
A3909,THORNELL ROAD SCHOOL 431 THORNELL RD PITTSFORD,B4953,Thornell Road Elementary Sch 431 Thornell Rd Pittsford,0.96027243
A103,EAST SIDE COMMUNITY SCHOOL 420 E 12TH ST NEW YORK,B1217,East Side Community School 420 E 12th St Manhattan,0.96022725
A608,FORDHAM LEADERSHIP ACADEMY 500 E FORDHAM RD BRONX,B1456,Fordham Leadership Academy For Business And Technology 500 East Fordham Road Bronx,0.96021545
A3451,MAYFIELD JR/SR HIGH SCHOOL 27 SCHOOL ST MAYFIELD,B2728,Mayfield High School 27 School St Mayfield,0.960204
A4566,FISHKILL ELEMENTARY SCHOOL 20 CHURCH ST FISHKILL,B1432,Fishkill Elementary School Church St Fishkill,0.9601804
A978,AVIATION CAREER AND TECHNICAL EDUCATION HIGH SCHOOL 45-30 36TH ST LONG ISLAND CITY,B213,Aviation Career & Technical Education Hs 4530 36th St Long Island City,0.9601752
A1467,QUEENS HIGH SCHOOL FOR LANGUAGE STUDIES 35-01 UNION ST FLUSHING,B4139,Queens High School For Language Studies 35-01 Union Street Queens,0.9601302
A2907,HIGHVIEW SCHOOL 200 N CENTRAL AVE HARTSDALE,B1933,Highview Elementary School 200 North Central Avenue Hartsdale,0.9601259
A1409,BROOKLYN COLLEGIATE: A COLLEGE BOARD SCHOOL 2021 BERGEN ST BROOKLYN,B568,"Brooklyn Collegiate, A College Board School 2021 Bergen Street Brooklyn",0.96008754
A4770,SCHOOL 16 759 N BROADWAY YONKERS,B1287,Elementary School 16 759 N Broadway Yonkers,0.9600761
A344,NEW DESIGN MIDDLE SCHOOL 625 W 133RD ST NEW YORK,B2948,New Design Middle School 625 West 133 Street Manhattan,0.9600373
A745,METROPOLITAN SOUNDVIEW HIGH SCHOOL (THE) 1300 BOYNTON AVE BRONX,B4886,The Metropolitan Soundview High School 1300 Boynton Avenue Bronx,0.9600276
A1674,ACADEMY OF TALENTED SCHOLARS (THE) 50 AVE P BROOKLYN,B4825,The Academy Of Talented Scholars 50 Avenue P Brooklyn,0.9599212
A2031,RENAISSANCE CHARTER SCHOOL 2 (THE) 45-20 83RD ST ELMHURST,B4899,The Renaissance Charter School 2 45-20 83rd Street Elmhurst,0.9598831
A1784,GREEN TECH HIGH CHARTER SCHOOL 99 SLINGERLAND ST ALBANY,B1699,Green Tech High School 99 Slingerland Avenue Albany,0.95987916
A3919,H B MATTLIN MIDDLE SCHOOL 100 WASHINGTON AVE PLAINVIEW,B2725,Mattlin Middle School 100 Washington Ave Plainview,0.95986885
A317,RENAISSANCE SCHOOL OF THE ARTS 319 E 117TH ST NEW YORK,B4198,Renaissance School Of The Arts 319 East 117 St Manhattan,0.95985913
A3440,NIGHTENGALE ELEMENTARY SCHOOL 84 NIGHTENGALE AVE MASSENA,B3001,Nightengale Elementary School Nightengale Avenue Massena,0.9598315
A2060,WILLIAM S HACKETT MIDDLE SCHOOL 45 DELAWARE AVE ALBANY,B1751,Hackett Middle School 45 Delaware Ave Albany,0.959816
A2193,SOUTH AVENUE SCHOOL 60 SOUTH AVE BEACON,B4537,South Avenue Elementary School 60 South Ave Beacon,0.9597208
A3359,LOWVILLE HIGH SCHOOL 7668 N STATE ST LOWVILLE,B2550,Lowville Elementary School 7668 N State St Lowville,0.95960337
A4765,SCHOOL 5 118 LOCKWOOD AVE YONKERS,B1275,Elementary School 05 118 Lockwood Ave Yonkers,0.95954895
A3951,CARRIE PALMER WEBER MIDDLE SCHOOL 52 CAMPUS DR PORT WASHINGTON,B731,Carrie Palmer Weber Middle 52 Campus Dr Port Washington,0.9595085
A3168,THOMAS JEFFERSON MIDDLE SCHOOL 195 MARTIN RD JAMESTOWN,B2254,Jefferson Middle School 195 Martin Rd Jamestown,0.9593148
A134,LIBERTY HIGH SCHOOL ACADEMY FOR NEWCOMERS 250 W 18TH ST NEW YORK,B2472,Liberty High School Academy For Newcomers 250 W 18th St Manhattan,0.95930684
A2916,GREENPORT ELEMENTARY SCHOOL 720 FRONT ST GREENPORT,B1712,Greenport High School_elementary School 720 Front St Greenport,0.9593032
A4537,CLAYTON AVENUE ELEMENTARY SCHOOL 209 CLAYTON AVE VESTAL,B893,Clayton Avenue Elem School 209 Clayton Ave Vestal,0.9592578
A3803,ANNE M DORNER MIDDLE SCHOOL VAN CORTLANDT AVE OSSINING,B159,Anne M. Dorner Middle School 100 Van Cortlandt Avenue Ossining,0.95920664
A4513,THOMAS JEFFERSON ELEMENTARY SCHOOL 190 BOOTH ST UTICA,B4947,Thomas Jefferson Elem School 190 Booth St Utica,0.9591893
A2884,JOHN F KENNEDY SCHOOL 1-A GRASSFIELD RD GREAT NECK,B2273,John F Kennedy Elem School 1 Grassfield Rd # A Great Neck,0.9591637
A4667,EAST MIDDLE SCHOOL 1445 CENTER RD WEST SENECA,B5276,West Middle School 395 Center Rd West Seneca,0.9591137
A3926,ARTHUR P MOMOT ELEMENTARY SCHOOL 60 MONTY ST PLATTSBURGH,B183,Arthur P Momot Elem School 60 Monty St Plattsburgh,0.95908165
A4526,ROBERT W CARBONARO SCHOOL 50 HUNGRY HARBOR RD VALLEY STREAM,B4260,Robert W Carbonaro School Hungry Harbor Rd And Mill Rd Valley Stream,0.95906025
A385,COMMUNITY HEALTH ACADEMY OF THE HEIGHTS 504 W 158TH ST NEW YORK,B946,Community Health Academy Of The Heights 504 West 158th Street Manhattan,0.95905495
A128,HIGH SCHOOL FOR ENVIRONMENTAL STUDIES 444 W 56TH ST NEW YORK,B1898,High School For Environmental Studies 444  West 56th Street Manhattan,0.95905286
A2895,ENGLISH VILLAGE ELEMENTARY SCHOOL 800 TAIT AVE ROCHESTER,B1352,English Village Elementary Sch 800 Tait Ave Rochester,0.9590477
A3549,BEDFORD HILLS ELEMENTARY SCHOOL 123 BABBITT RD BEDFORD HILLS,B318,Bedford Hills Elem School 123 Babbitt Rd Bedford Hills,0.9590318
A181,URBAN ACADEMY LABORATORY HIGH SCHOOL 317 E 67TH ST NEW YORK,B5049,Urban Academy Laboratory High  School 317 E 67 St Manhattan,0.9589271
A2371,CAMBRIDGE JUNIOR-SENIOR HIGH SCHOOL 24 S PARK ST CAMBRIDGE,B669,Cambridge High School 24 S Park St Cambridge,0.9589219
A224,YORKVILLE COMMUNITY SCHOOL 421 E 88TH ST NEW YORK,B5458,Yorkville Community School 421 East 88 Street Manhattan,0.9588786
A185,EAST SIDE MIDDLE SCHOOL 331 E 91ST ST NEW YORK,B1219,East Side Middle School 331 East 91st Street Manhattan,0.958847
A4593,WASHINGTONVILLE SENIOR HIGH SCHOOL 54 W MAIN ST WASHINGTONVILLE,B5204,Washingtonville Sr High School 54 W Main St Washingtonvle,0.9588133
A2479,CHESTNUT RIDGE ELEMENTARY SCHOOL 3560 CHILI AVE ROCHESTER,B853,Chestnut Ridge Elementary Sch 3560 Chili Ave Rochester,0.9587562
A1629,NYC AUTISM CHARTER SCHOOL EAST HARLEM 433 E 100TH ST NEW YORK,B3079,Nyc Autism Charter Schools 433 East 100th Street New York,0.95872504
A3220,KINGS PARK HIGH SCHOOL 200 RT 25A KINGS PARK,B2347,Kings Park High School 200 Route 25a Kings Park,0.9587072
A3367,WEST END SCHOOL 30 CLARK AVE LYNBROOK,B5260,West End Elementary School 30 Clark Ave Lynbrook,0.9586308
A2123,VAIL FARM ELEMENTARY SCHOOL 1659 E NOXON RD LAGRANGEVILLE,B5089,Vail Farm Elementary School 1659 East Noxon Road La Grangeville,0.95858383
A2774,FORT PLAIN JUNIOR-SENIOR HIGH SCHOOL 1 WEST ST FORT PLAIN,B1476,Fort Plain Sr High School 1 West St Fort Plain,0.95852053
A3744,NORWICH MIDDLE SCHOOL 89 MIDLAND DR NORWICH,B3062,Norwich Middle School Midland Dr Norwich,0.9584945
A1,JAMES A GREEN JUNIOR-SENIOR HIGH SCHOOL 38 SLAWSON ST DOLGEVILLE,B2224,James A Green Jr/Sr High School 38 Slawson St Dolgeville,0.9584921
A2914,GREENE PRIMARY SCHOOL 127 ELEMENTARY LN GREENE,B1709,Greene Primary School 127 Elementary Lane Greene,0.9584863
A3165,CARLYLE C RING ELEMENTARY SCHOOL 333 BUFFALO ST JAMESTOWN,B724,Carlyle C Ring Elem School 333 Buffalo St Jamestown,0.9584856
A2710,FASSETT ELEMENTARY SCHOOL 309 W THURSTON ST ELMIRA,B1414,Fassett School 309 Thurston Street Elmira,0.95848024
A4241,NEW HYDE PARK MEMORIAL HIGH SCHOOL 500 LEONARD BLVD NEW HYDE PARK,B2957,New Hyde Park Mem High School 500 Leonard Blvd New Hyde Park,0.9584369
A552,HIGHBRIDGE GREEN SCHOOL (THE) 200 W 167TH ST BRONX,B4873,The Highbridge Green School 200 West 167th St Bronx,0.9584367
A3915,JOHN H WEST SCHOOL 499 BOUNDARY AVE BETHPAGE,B2283,John H West Elementary School 499 Boundary Avenue Bethpage,0.95830274
A4210,CASTLETON ELEMENTARY SCHOOL 80 SCOTT AVE CASTLETON,B742,Castleton Elementary School Campbell & Scott Avenues Castleton,0.9583022
A2882,GREAT NECK SOUTH MIDDLE SCHOOL 349 LAKEVILLE RD GREAT NECK,B1688,Great Neck North Middle School 77 Polo Rd Great Neck,0.95828587
A2446,GRAND ISLAND SENIOR HIGH SCHOOL 1100 RANSOM RD GRAND ISLAND,B1673,Grand Island Senior High Sch 1100 Ransom Rd Grand Island,0.95826656
A835,MILLENNIUM BROOKLYN HIGH SCHOOL 237 7TH AVE BROOKLYN,B2797,Millennium Brooklyn Hs 237 7 Avenue Brooklyn,0.95819175
A4240,H FRANK CAREY HIGH SCHOOL 230 POPPY AVE FRANKLIN SQUARE,B1747,H Frank Carey High School 230 Poppy Ave Frankln Square,0.9581889
A2016,EAST BROOKLYN ASCEND CHARTER SCHOOL (EBACS) 260 SHEPHERD AVE BROOKLYN,B1182,East Brooklyn Ascend Charter School 260 Shepherd Avenue Brooklyn,0.9581352
A3227,GEORGE WASHINGTON SCHOOL 67 WALL ST KINGSTON,B1598,George Washington Elementary School 67 Wall St Kingston,0.9581295
A1251,STEPHANIE A VIERNO SCHOOL (THE) 216 CLAWSON ST STATEN ISLAND,B4916,The Stephanie A. Vierno School 216 Clawson St Staten Island,0.9581069
A2535,SYCAMORE AVENUE ELEMENTARY SCHOOL 745 SYCAMORE AVE BOHEMIA,B4786,Sycamore Avenue Elem School 745 Sycamore Ave Bohemia,0.958065
A1136,BELLAIRE SCHOOL (THE) 207-11 89TH AVE QUEENS VILLAGE,B4831,The Bellaire School 207-11 89 Avenue Queens,0.958048
A2230,CALVIN COOLIDGE SCHOOL 261 ROBINSON ST BINGHAMTON,B665,Calvin Coolidge Elementary Sch 261 Robinson St Binghamton,0.9579226
A4491,UNATEGO JUNIOR-SENIOR HIGH SCHOOL 2641 STATE HWY 7 OTEGO,B5015,Unatego Jr-Sr High School 2641 Sthwy 7 Otego,0.95789593
A4722,COUNTRY PARKWAY ELEMENTARY SCHOOL 35 HOLLYBROOK DR WILLIAMSVILLE,B1004,Country Parkway Elem School 35 Hollybrook Dr Williamsville,0.9578196
A2632,BELL TOP SCHOOL 39 REYNOLDS RD TROY,B332,Bell Top Elementary School 39 Reynolds Rd Troy,0.9577963
A1590,MANHATTAN SCHOOL FOR CAREER DEVELOPMENT 113 E 4TH ST NEW YORK,B2653,Manhattan School For Career Development 113 East 4th Street Manhattan,0.9577477
A2808,J E LANIGAN SCHOOL 59 BAKEMAN AVE FULTON,B2417,Lanigan Elementary School 59 Bakeman St Fulton,0.95772433
A144,INSTITUTE FOR COLLABORATIVE EDUCATION 345 E 15TH ST NEW YORK,B2120,Institute For Collaborative Education 345  East 15th Street Manhattan,0.95769197
A232,PS 527 EAST SIDE SCHOOL FOR SOCIAL ACTION 323 E 91ST ST NEW YORK,B4108,Ps 527 - East Side School For Social Action 323 East 91 Street Manhattan,0.95751446
A3499,MONHAGEN MIDDLE SCHOOL 555 COUNTY RT 78 MIDDLETOWN,B2823,Monhagen Middle School County Route 78 Middletown,0.95750195
A1267,RALPH R MCKEE CAREER AND TECHNICAL EDUCATION HIGH SCHOOL 101 BELMONT PL STATEN ISLAND,B4162,Ralph R. Mckee Career And Technical Education High School 290 Saint Marks Pl Staten Island,0.95743763
A1459,FLUSHING INTERNATIONAL HIGH SCHOOL 144-80 BARCLAY AVE FLUSHING,B1449,Flushing International High School 144-80 Barclay Avenue Queens,0.95742965
A2010,BROOKLYN RISE CHARTER SCHOOL 9 HANOVER PL BROOKLYN,B595,"Brooklyn Rise Charter School 9 Hanover Place, 2nd Fl Brooklyn",0.9574038
A4776,SCHOOL 23 56 VAN CORTLANDT PK AVE YONKERS,B1297,Elementary School 23 56 Van Cortlandt Pk Ave Yonkers,0.9572681
A2589,JOHN F KENNEDY INTERMEDIATE SCHOOL 101 LAKE AVE DEER PARK,B2276,John F Kennedy Inter School 101 Lake Ave Deer Park,0.95721996
A2153,CHARLES W BAKER HIGH SCHOOL 29 E ONEIDA ST BALDWINSVILLE,B259,Baker High School 29 E Oneida St Baldwinsville,0.95721155
A2558,WILLIAM E SEVERN ELEMENTARY SCHOOL 36 MCMAHON AVE CORNING,B4471,Severn Elementary School 51 Mcmahon Ave Corning,0.95719576
A2543,GREAT NECK ROAD ELEMENTARY SCHOOL 1400 GREAT NECK RD COPIAGUE,B1689,Great Neck Road Elementary Sch 1400 Great Neck Rd Copiague,0.9571379
A4394,CHERRY LANE ELEMENTARY SCHOOL 1 HEATHER DR SUFFERN,B847,Cherry Lane Elementary School 1 Heather Drive Suffern,0.95712227
A4752,FAMILY SCHOOL 32 1 MONTCLAIR PL YONKERS,B1406,Family School 32 1 Montclair Rd Yonkers,0.9571161
A3430,EAST LAKE ELEMENTARY SCHOOL 154 E LAKE AVE MASSAPEQUA PARK,B1200,East Lake Elementary School 154 Eastlake Ave Massapequa Pk,0.9570948
A4631,EUGENE BROOKS INTERMEDIATE SCHOOL PO BOX N AMENIA,B1372,Eugene Brooks Intermediate School 194 Haight Road Box 405 Amenia,0.9570094
A2389,F S BANFORD ELEMENTARY SCHOOL 99 STATE ST CANTON,B268,Banford Elementary School 99 State St Canton,0.95683867
A2758,HOWITT SCHOOL 70 VAN COTT AVE FARMINGDALE,B2008,Howitt Middle School 70 Van Cott Ave Farmingdale,0.9568111
A120,UNIVERSITY NEIGHBORHOOD MIDDLE SCHOOL 220 HENRY ST NEW YORK,B5042,University Neighborhood Middle School 220 Henry Street Manhattan,0.9567988
A1884,UNITED CHARTER HIGH SCHOOL FOR THE HUMANITIES II 900 TINTON AVE BRONX,B5029,United Charter High School For Humanities 99 Terrace View Ave Bronx,0.95677876
A3756,UPPER NYACK SCHOOL 336 N BROADWAY UPPER NYACK,B5047,Upper Nyack Elementary School 336 N Broadway Nyack,0.9567745
A3384,MAINE-ENDWELL MIDDLE SCHOOL 1119 FARM-TO-MARKET RD ENDWELL,B2629,Maine Endwell Middle School 1119 Farm To Market Rd Endicott,0.9566741
A4559,FOREST LAKE SCHOOL 3100 BELTAGH AVE WANTAGH,B1462,Forest Lake Elementary Sch 3100 Beltagh Ave Wantagh,0.956641
A592,ANGELO PATRI MIDDLE SCHOOL (THE) 2225 WEBSTER AVE BRONX,B4829,The Angelo Patri Middle School 2225 Webster Avenue Bronx,0.9566286
A2442,WESTORCHARD SCHOOL 25 GRANITE RD CHAPPAQUA,B5312,Westorchard Elementary School 25 Granite Road Chappaqua,0.95655173
A3480,NORTH COLEMAN ROAD SCHOOL 197 N COLEMAN RD CENTEREACH,B3010,North Coleman Road Elem School 197 N Coleman Rd Centereach,0.9565498
A205,ESSEX STREET ACADEMY 350 GRAND ST NEW YORK,B1368,Essex Street Academy 350 Grand Street Manhattan,0.95652175
A3176,CLINTON AVENUE SCHOOL 140 CLINTON AVE PORT JEFFERSON STATION,B900,Clinton Avenue Elem School 140 Clinton Ave Port Jefferson,0.95652044
A4005,RHINEBECK SENIOR HIGH SCHOOL 45 N PARK RD RHINEBECK,B4210,Rhinebeck Jr-Sr High School 45 North Park Road Rhinebeck,0.9563982
A1655,SEEALL ACADEMY (THE) 5601 16TH AVE BROOKLYN,B4912,The Seeall Academy 5601 16 Avenue Brooklyn,0.9563765
A2464,CHENANGO VALLEY HIGH SCHOOL 221 CHENANGO BRIDGE RD BINGHAMTON,B844,Chenango Valley Jr-Sr High Sch 221 Chenango Bridge Road Binghamton,0.9563569
A2953,BOSTON VALLEY ELEMENTARY SCHOOL 7476 BACK CREEK RD HAMBURG,B442,Boston Valley Elem School 7476 Back Creek Rd Hamburg,0.9563314
A2234,THEODORE ROOSEVELT SCHOOL 9 OGDEN ST BINGHAMTON,B4937,Theodore Roosevelt Elem School 9 Ogden St Binghamton,0.956274
A2927,GRIFFITH INSTITUTE MIDDLE SCHOOL 267 NEWMAN ST SPRINGVILLE,B1727,Griffith Institute High School 290 N Buffalo St Springville,0.9562123
A4,SAUQUOIT VALLEY ELEMENTARY SCHOOL 2640 SULPHUR SPRINGS RD SAUQUOIT,B4382,Sauquoit Valley Elementary Sch 2601 Oneida St Sauquoit,0.9561354
A197,NEW DESIGN HIGH SCHOOL 350 GRAND ST NEW YORK,B2947,New Design High School 350 Grand Street Manhattan,0.95611763
A4817,MADISON-ONEIDA BOCES PO BOX 168 VERONA,B2616,Madison-Oneida Boces 4937 Spring Road Po Box 168 Verona,0.9560895
A207,PACE HIGH SCHOOL 100 HESTER ST NEW YORK,B3908,Pace High School 100 Hester Street Manhattan,0.95603406
A4054,NORTHWEST COLLEGE PREPARATORY HIGH SCHOOL 940 FERNWOOD PK ROCHESTER,B3014,North East College Prep High School 940 Fernwood Park Rochester,0.95599383
A2426,CHARLES A MULLIGAN ELEMENTARY SCHOOL 1 BROADWAY CENTRAL ISLIP,B2892,Mulligan Elementary School 1 Broadway Ave Central Islip,0.95598
A3068,HOOSIC VALLEY ELEMENTARY SCHOOL 22 PLEASANT AVE SCHAGHTICOKE,B1986,Hoosic Valley Elem School 22 Pleasant Avenue Schaghticoke,0.9559524
A3076,BIG FLATS SCHOOL 543 MAPLE ST BIG FLATS,B387,Big Flats Elementary School 543 Maple St Big Flats,0.9559411
A1288,WAVERLY ACADEMY OF EMPOWERED LEARNERS (THE) 45 WAVERLY PL STATEN ISLAND,B4928,The Waverly Academy Of Empowered Learners 45 Waverly Place Staten Island,0.9558314
A4324,MAPLEWOOD INTERMEDIATE SCHOOL 19 SCHOOL LN HUNTINGTON STATION,B2670,Maplewood Intermediate School 19 School Ln Huntington Sta,0.95576084
A3809,CHARLES E RILEY ELEMENTARY SCHOOL 269 E 8TH ST OSWEGO,B4225,Riley Elementary School 269 E 8th St Oswego,0.95575774
A3393,HOWARD T HERBER MIDDLE SCHOOL 75 OCEAN AVE MALVERNE,B1866,Herber Middle School 75 Ocean Ave Malverne,0.95574117
A2044,TUSCARORA ELEMENTARY SCHOOL 7 CLEVELAND DR ADDISON,B5005,Tuscarora Elementary School Cleveland St Addison,0.9557238
A3077,CENTER STREET SCHOOL 812 CENTER ST HORSEHEADS,B780,Center Street Elem School 812 Center St Horseheads,0.9557072
A2386,SOUTH SIDE ELEMENTARY SCHOOL 200 HIGH ST CANASTOTA,B4571,South Side Elementary School High St Canastota,0.9555651
A3706,CAMP AVENUE SCHOOL 1712 MERRICK AVE MERRICK,B674,Camp Avenue Elementary School 1712 Merrick Ave N Merrick,0.9555495
A4621,KLEM ROAD SOUTH ELEMENTARY SCHOOL 1025 KLEM RD WEBSTER,B2373,Klem Road South Elem School 1025 Klem Rd Webster,0.9554904
A3743,NORWICH HIGH SCHOOL 49 MIDLAND DR NORWICH,B3061,Norwich High School Midland Dr Norwich,0.95547724
A466,SCHOOL FOR INQUIRY AND SOCIAL JUSTICE (THE) 1025 MORRISON AVE BRONX,B4907,The School For Inquiry And Social Justice 1025 Morrison Ave Bronx,0.95547396
A1831,DEMOCRACY PREP HARLEM CHARTER SCHOOL 207 W 133RD ST NEW YORK,B1076,Democracy Prep Harlem Middle School 207 W 133rd St New York,0.9554287
A2156,L PEARL PALMER ELEMENTARY SCHOOL 7864 HICKS RD BALDWINSVILLE,B3920,Palmer Elementary School 7864 Hicks Rd Baldwinsville,0.955328
A4509,JOHN F HUGHES ELEMENTARY SCHOOL 24 PROSPECT ST UTICA,B2272,John F Hughes Elementary Sch 24 Prospect St Utica,0.95523614
A4863,BROOKLYN ASCEND CHARTER SCHOOL 6 205 ROCKAWAY PARKWAY-6TH FL BROOKLYN,B562,Brooklyn Ascend Charter School 205 Rockaway Parkway Brooklyn Brooklyn,0.9552289
A3947,EAST MAIN ELEMENTARY SCHOOL 118 E MAIN ST PORT JERVIS,B1201,East Main Elementary 118 East Main Street Port Jervis,0.95517194
A217,GRAMERCY ARTS HIGH SCHOOL 40 IRVING PL NEW YORK,B1668,Gramercy Arts High School 40 Irving Place Manhattan,0.9551685
A4505,WATSON WILLIAMS ELEMENTARY SCHOOL 107 ELMWOOD PL UTICA,B5220,Watson Williams Elementary Sch 107 Elmwood Pl Utica,0.9550291
A371,HIGH SCHOOL FOR LAW & PUBLIC SERVICE 549 AUDUBON AVE NEW YORK,B1904,High School For Law And Public Service 549 Audubon Avenue Manhattan,0.9549154
A4676,MOUNT MARKHAM MIDDLE SCHOOL 500 FAIRGROUND RD WEST WINFIELD,B2875,Mount Markham Middle School Fairground Road West Winfield,0.9548807
A2718,THOMAS A EDISON HIGH SCHOOL 2083 COLLEGE AVE ELMIRA HEIGHTS,B4945,Thomas Edison Jr-Sr High Sch 2083 College Ave Elmira Heights,0.9548744
A3525,NORTH MAIN STREET SCHOOL 212 N MAIN ST MONROE,B3020,North Main Street Elem School 212 N Main St Monroe,0.9548444
A3868,HUTCHINSON SCHOOL 48 5TH ST PELHAM,B2026,Hutchinson Elementary School 48th Fifth Street Pelham,0.954801
A4097,CENTENNIAL AVENUE ELEMENTARY SCHOOL 140 W CENTENNIAL AVE ROOSEVELT,B775,Centennial Avenue Elem School 140 W Centennial Ave Roosevelt,0.95478904
A4790,JUSTICE SONIA SOTOMAYER COMMUNITY SCHOOL DISTRICT 121 MCLEAN AVE YONKERS,B2311,Justice Sonia Sotomayor Community School 121 Mclean Avenue Yonkers,0.9546802
A4354,CANAL VIEW ELEMENTARY SCHOOL 1 RANGER RD SPENCERPORT,B678,Canal View Elementary #1 Ranger Road Spencerport,0.9546342
A4594,WATERFORD-HALFMOON ELEMENTARY SCHOOL 125 MIDDLETOWN RD WATERFORD,B5206,Waterford-Halfmoon Junior-Senior High School 125 Middletown Rd Waterford,0.95458025
A2034,AMBER CHARTER SCHOOL INWOOD 532 W 215TH ST NEW YORK,B141,Amber Charter Schools 220 East 106th. Street New York,0.95455146
A2267,JOHN F KENNEDY ELEMENTARY SCHOOL 31 FOGGINTOWN RD BREWSTER,B2327,Kennedy Elementary School 31 Foggintown Road Brewster,0.9545224
A4625,DEWITT ROAD ELEMENTARY SCHOOL 722 DEWITT RD WEBSTER,B1056,De Witt Road Elementary School 722 Dewitt Rd Webster,0.95440567
A4681,POWELLS LANE SCHOOL 603 POWELLS LN WESTBURY,B4075,Powells Lane Elementary School 603 Powells Ln Westbury,0.9543964
A4167,MAPLE AVENUE MIDDLE SCHOOL 515 MAPLE AVE SARATOGA SPRINGS,B2662,Maple Avenue Middle School 515 Maple Ave Saratoga Spgs,0.9542815
A3385,MAINE-ENDWELL SENIOR HIGH SCHOOL 750 FARM-TO-MARKET RD ENDWELL,B2630,Maine Endwell Sr High School 750 Farm To Market Rd Endwell,0.9541925
A4465,TONAWANDA MIDDLE/HIGH SCHOOL 600 FLETCHER ST TONAWANDA,B4974,Tonawanda Elementary School 555 Fletcher St Tonawanda,0.95413864
A3691,JOHN G DINKELMEYER SCHOOL 2100 WALTOFFER AVE NORTH BELLMORE,B2270,John Dinkelmeyer Elem School 2100 Waltoffer Avenue Bellmore,0.9540705
A2076,ALEXANDER MIDDLE SCHOOL-HIGH SCHOOL 3314 BUFFALO ST ALEXANDER,B121,Alexander Jr-Sr High School 3314 Buffalo St Alexander,0.95405185
A4627,SCHLEGEL ROAD ELEMENTARY SCHOOL 1548 SCHLEGEL RD WEBSTER,B4397,Schlegel Road Elem School 1548 Schlegel Rd Webster,0.95398366
A2849,BIG CROSS STREET SCHOOL 15 BIG CROSS ST GLENS FALLS,B386,Big Cross Street Elem School 15 Big Cross St Glens Falls,0.9539126
A1856,EAST HARLEM SCHOLARS ACADEMY CHARTER SCHOOL 2050 2ND AVE NEW YORK,B1193,East Harlem Scholars Academy 2050 Second Avenue New York,0.95386857
A2369,CALEDONIA-MUMFORD MIDDLE/HIGH SCHOOL 99 NORTH ST CALEDONIA,B661,Caledonia-Mumford M-Hs School 99 North St Caledonia,0.9538349
A3057,HOLLEY ELEMENTARY SCHOOL 3800 N MAIN ST HOLLEY,B1956,Holley Primary School 3800 N Main Street Rd Holley,0.9538218
A715,MS 129 ACADEMY FOR INDEPENDENT LEARNING AND LEADERSHIP 2055 MAPES AVE BRONX,B2573,M.S. 129 Academy For Independent Learning And Leadership 2055 Mapes Avenue Bronx,0.95381904
A1108,QUEENS METROPOLITAN HIGH SCHOOL 91-30 METROPOLITAN AVE FOREST HILLS,B4143,Queens Metropolitan High School 91-30 Metropolitan Avenue Queens,0.95366395
A35,BOLIVAR-RICHBURG JUNIOR-SENIOR HIGH SCHOOL 100 SCHOOL ST BOLIVAR,B439,Bolivar-Richburg Js-Hs 100 School St Bolivar,0.9535351
A4152,SENECA INTERMEDIATE SCHOOL 50 IROQUOIS DR SALAMANCA,B4461,Seneca Intermediate School 25 Center St Salamanca,0.95350915
A4767,SCHOOL 9 53 FAIRVIEW ST YONKERS,B1282,Elementary School 09 53 Fairview St Yonkers,0.9534452
A3876,INDIAN LANDING ELEMENTARY SCHOOL 702 LANDING RD N ROCHESTER,B2112,Indian Landing Elem School 702 Landing Rd N Rochester,0.9533803
A10,HERMAN L BRADT ELEMENTARY SCHOOL 2719 HAMBURG ST SCHENECTADY,B455,Bradt Primary School 2719 Hamburg St Schenectady,0.9533719
A372,HIGH SCHOOL FOR HEALTH CAREERS & SCIENCES 549 AUDUBON AVE NEW YORK,B1900,High School For Health Careers And Sciences 549 Audubon Avenue Manhattan,0.9533587
A4731,WILLIAMSVILLE NORTH HIGH SCHOOL 1595 HOPKINS RD WILLIAMSVILLE,B5370,Williamsville North High Sch 1595 Hopkins Rd Williamsville,0.95328647
A3785,VALLEYVIEW ELEMENTARY SCHOOL 40 VALLEYVIEW ST ONEONTA,B5102,Valleyview Elementary School 4046 Valleyview St Oneonta,0.95327556
A4257,SHERBURNE-EARLVILLE ELEMENTARY SCHOOL 15 SCHOOL ST SHERBURNE,B4488,Sherburne Earlville Elem School 15 School St Sherburne,0.9530083
A3383,HOMER BRINK SCHOOL 3618 BRIAR LN ENDWELL,B1976,Homer Brink Elementary School 3618 Briar Ln Endicott,0.95295924
A4055,NORTHEAST COLLEGE PREPARATORY HIGH SCHOOL 4115 LAKE AVE ROCHESTER,B3014,North East College Prep High School 940 Fernwood Park Rochester,0.95295775
A4675,MOUNT MARKHAM ELEMENTARY SCHOOL 500 FAIRGROUND RD WEST WINFIELD,B2875,Mount Markham Middle School Fairground Road West Winfield,0.9527863
A3902,PINE VALLEY CENTRAL JUNIOR-SENIOR HIGH SCHOOL 7827 RT 83 SOUTH DAYTON,B4027,Pine Valley Central Jr Sr High 7827 Route 83 # Rr South Dayton,0.952727
A2181,SOUTH COUNTRY SCHOOL 885 HAMPSHIRE RD BAY SHORE,B4552,South Country Elem School 885 Hampshire Rd Bay Shore,0.95271397
A176,HUMANITIES PREPARATORY ACADEMY 351 W 18TH ST NEW YORK,B2020,Humanities Preparatory Academy 351 W 18th St Manhattan,0.95267713
A4124,RYE HIGH SCHOOL PARSONS ST RYE,B4327,Rye High School 1 Parsons Street Rye,0.95261776
A3946,PORT JEFFERSON ELEMENTARY SCHOOL 500 SCRAGGY HILL RD PORT JEFFERSON,B4060,Port Jefferson Middle  School 350 Old Post Rd Port Jefferson,0.952608
A2213,BETHLEHEM CENTRAL MIDDLE SCHOOL 332 KENWOOD AVE DELMAR,B376,Bethlehem Central Middle Sch 332 Kenwood Ave Delmar,0.9526009
A3398,HOMMOCKS SCHOOL 130 HOMMOCKS RD LARCHMONT,B1980,Hommocks Middle School 130 Hommocks Road Larchmont,0.952551
A3186,JOHNSBURG CENTRAL SCHOOL 165 MAIN ST NORTH CREEK,B2302,Johnsburg Central School Main Street North Creek,0.95249146
A2441,ROBERT E BELL SCHOOL 50 SENTER ST CHAPPAQUA,B4248,Robert E. Bell Middle School 50 Senter Street Chappaqua,0.95244503
A2140,BABYLON JUNIOR-SENIOR HIGH SCHOOL 50 RAILROAD AVE BABYLON,B241,Babylon Jr-Sr High School 50 Railroad Ave Babylon,0.952399
A306,HERITAGE SCHOOL (THE) 1680 LEXINGTON AVE NEW YORK,B1872,"Heritage School, The 1680 Lexington Ave Manhattan",0.95237756
A3298,WISDOM LANE MIDDLE SCHOOL 120 CENTER LN LEVITTOWN,B5396,Wisdom Lane Middle School Center Ln Levittown,0.9523169
A948,LENOX ACADEMY 100001 FLATLANDS AVE BROOKLYN,B2452,Lenox Academy M. S. 961 10001 Flatlands Ave Brooklyn,0.95226204
A2752,PAUL B D TEMPLE ELEMENTARY SCHOOL 3470 CEMETERY ST KENNEDY,B4816,Temple Elementary School 3470 Cemetery St Kennedy,0.9522501
A4391,SETAUKET ELEMENTARY SCHOOL PO BOX 9050 EAST SETAUKET,B4465,Setauket Elementary School 134 Main St East Setauket,0.9522161
A1631,SOUTH BRONX CHARTER SCHOOL 164 BRUCKNER BLVD BRONX,B4545,South Bronx Community Charter High School 1110 Washington Avenue Bronx,0.95220786
A4443,INSTITUTE OF TECHNOLOGY AT SYRACUSE CENTRAL 258 E ADAMS ST SYRACUSE,B2122,Institute Of Technology At Syracuse Central (Itc) 258 E Adams St Syracuse,0.95220226
A3273,RENSSELAER PARK ELEMENTARY SCHOOL 70 110TH ST TROY,B4201,Rensselaer Park Elem School 70 110th St Troy,0.9521397
A2268,C V STARR INTERMEDIATE SCHOOL 20 FARM-TO-MARKET RD BREWSTER,B655,C.V. Starr Intermediate School 20 Farm To Markey Road Brewster,0.95201206
A4197,JESSIE T ZOLLER ELEMENTARY SCHOOL 1880 LANCASTER ST SCHENECTADY,B2260,Jessie Zoller Elementary Sch 1880 Lancaster Street Schenectady,0.9520082
A137,HIGH SCHOOL FOR HEALTH PROFESSIONS & HUMAN SERVICES 345 E 15TH ST NEW YORK,B1901,High School For Health Professions And Human Services 345 E 15th Street Manhattan,0.95193535
A3778,OLEAN INTERMEDIATE-MIDDLE SCHOOL 401 WAYNE ST OLEAN,B3115,Olean Intermediate-Middle School 420 N 7th St Olean,0.9518952
A2913,GREENE HIGH SCHOOL 40 S CANAL ST GREENE,B1697,Green Middle School/High School 40 S Canal St Greene,0.95185673
A2638,RED MILL SCHOOL 225 MCCULLOUGH PL RENSSELAER,B4187,Red Mill Elementary School 225 Mccullough Pl Rensselaer,0.95180583
A315,MOSAIC PREPARATORY ACADEMY 141 E 111TH ST NEW YORK,B2853,Mosaic Preparatory Academy 141 East 111th Street Manhattan,0.9517924
A4222,SCOTIA-GLENVILLE SENIOR HIGH SCHOOL 1 TARTAN WAY SCOTIA,B4442,Scotia Glenville High School 1 Tartan Way Scotia,0.95174587
A3463,WELLINGTON C MEPHAM HIGH SCHOOL 2401 CAMP AVE BELLMORE,B5246,Wellington C Mepham High Sch 2401 Camp Ave Bellmore,0.95171946
A4121,MIDLAND SCHOOL MIDLAND AVE RYE,B2781,Midland School 312 Midland Avenue Rye,0.95171446
A30,JOSEPH B RADEZ ELEMENTARY SCHOOL 319 MAIN ST RICHMONDVILLE,B4159,Radez Elementary School 44 E Main St Richmondville,0.951689
A1993,TRUXTON ACADEMY CHARTER SCHOOL PO BOX 104 TRUXTON,B4996,Truxton Academy Charter School 6337 Academy Street Truxton,0.95166314
A3350,LOCUST VALLEY INTERMEDIATE SCHOOL 119 RYEFIELD RD LOCUST VALLEY,B2529,Locust Valley High School 99 Horse Hollow Rd Locust Valley,0.95158994
A3215,KENMORE WEST SENIOR HIGH SCHOOL 33 HIGHLAND PKY BUFFALO,B2326,Kenmore West Sr High School 33 Highland Pkwy Buffalo,0.95158726
A2233,MACARTHUR SCHOOL 1123 VESTAL AVE BINGHAMTON,B2610,Macarthur Elementary School 1123 Vestal Ave Binghamton,0.9515619
A3905,JEFFERSON ROAD SCHOOL 15 SCHOOL LN PITTSFORD,B2255,Jefferson Road Elementary Sch School Ln Pittsford,0.95152247
A1978,PERSISTENCE PREPARATORY ACADEMY CHARTER SCHOOL 378 URBAN ST BUFFALO,B4004,Persistence Preparatory Academy 378 Urban Street Buffalo,0.9514743
A5,SAUQUOIT VALLEY MIDDLE SCHOOL 2648 SULPHUR SPRINGS RD SAUQUOIT,B4383,Sauquoit Valley Sr High School 2601 Oneida St Sauquoit,0.9514652
A3340,GEORGE SOUTHARD ELEMENTARY SCHOOL 6385 LOCUST EXT LOCKPORT,B1593,George Southard Elementary Sch 6385 Locust Street Ext Lockport,0.95131874
A2556,HUGH W GREGG ELEMENTARY SCHOOL 164 FLINT AVE CORNING,B1722,Gregg Elementary School 164 Flint Ave Corning,0.9512949
A2408,CARTHAGE MIDDLE SCHOOL 21986 COLE RD CARTHAGE,B734,Carthage Senior High School 36500 Martin Street Road Carthage,0.9512849
A283,WEST PREP ACADEMY 220 W 108TH ST NEW YORK,B5279,West Prep Academy 150 West 105 Street Manhattan,0.9512509
A4319,SOUTH GLENS FALLS SENIOR HIGH SCHOOL 42 MERRITT RD SOUTH GLENS FALLS,B4554,South Glens Falls Sr High Sch 42 Merritt Rd Glens Falls,0.9511491
A3913,CHARLES E SCHWARTING SCHOOL FLOWER RD & JERUSALEM AVE MASSAPEQUA,B809,Charles E Schwarting School 1 Flower Rd North Massapequa,0.95109993
A1081,PS 117 J KELD/BRIARWOOD SCHOOL 85-15 143RD ST JAMAICA,B3481,P.S. 117 J. Keld / Briarwood School 8515 143rd St Jamaica,0.9508553
A3665,SEVENTY NINTH STREET SCHOOL 551 79TH ST NIAGARA FALLS,B4470,Seventy-Ninth St Elem School 551 79th St Niagara Falls,0.9508047
A2910,RICHARD J BAILEY SCHOOL 33 HILLSIDE AVE S WHITE PLAINS,B4213,Richard J. Bailey Elementary School 33 West Hillside Avenue White Plains,0.95080405
A2982,SAMUEL J PRESTON SCHOOL 50 TAYLOR AVE WEST HARRISON,B4358,Samuel J. Preston Elementary School 50 Taylor Avenue West Harrison,0.95076966
A2557,WINFIELD STREET ELEMENTARY SCHOOL 193 WINFIELD ST CORNING,B5390,Winfield Elementary School 194 Winfield St Corning,0.95076394
A624,NEW SCHOOL FOR LEADERSHIP AND JOURNALISM (THE) 120 W 231ST ST BRONX,B4891,The New School For Leadership And Journalism 120 West 231st Street Bronx,0.9507053
A4305,SOMERS MIDDLE SCHOOL 250 RT 202 SOMERS,B4534,Somers Middle School 250 Route 202 Somers,0.9507038
A1790,EQUITY PROJECT CHARTER SCHOOL (THE) 549 AUDUBON AVE-TRAILER 30 NEW YORK,B4860,"The Equity Project Charter School 549 Audubon Avenue, T 30 New York",0.95069504
A3194,KNOX MIDDLE SCHOOL 400 S PERRY ST JOHNSTOWN,B2379,Knox Junior High School 400 S Perry St Johnstown,0.95068276
A1781,ROCHESTER PREP CHARTER SCHOOL 1 630 BROOKS AVE ROCHESTER,B4264,Rochester Academy Charter School 841 Genesee Street Rochester,0.9505873
A3553,POUND RIDGE ELEMENTARY SCHOOL 7 POUND RIDGE RD POUND RIDGE,B4074,Pound Ridge Elementary School Pound Ridge Road Pound Ridge,0.9505706
A2628,SCHOOL 7 348 LAKE SHORE DR E DUNKIRK,B1279,Elementary School 07 348 Lake Shore Dr E Dunkirk,0.9505353
A3442,WILLIAM FLOYD ELEMENTARY SCHOOL 111 LEXINGTON RD SHIRLEY,B5346,William Floyd Elem School 111 Lexington Rd Shirley,0.9504602
A3514,MINEOLA HIGH SCHOOL 10 ARMSTRONG RD GARDEN CITY PARK,B2809,Mineola High School 10 Armstrong Rd New Hyde Park,0.95045435
A2227,KIRYAS JOEL VILLAGE SCHOOL 1 DINEV RD MONROE,B2370,Kiryas Joel Union Free Public School 1 Dinev Rd Monroe,0.95042306
A2417,CATSKILL ELEMENTARY SCHOOL 770 EMBOUGHT RD CATSKILL,B751,Catskill Middle School 345 W Main St Catskill,0.95027274
A3066,LIMA ELEMENTARY SCHOOL 7342 COLLEGE ST LIMA,B2491,Lima Elementary School College Street Lima,0.9501312
A4518,VIRGINIA ROAD ELEMENTARY SCHOOL 86 VIRGINIA RD WHITE PLAINS,B5138,Virginia Road School 86 Virginia Road White Plains,0.9501206
A2438,DOUGLAS G GRAFFLIN SCHOOL 650 KING ST CHAPPAQUA,B1118,Douglas Grafflin Elementary School 650 King Street Chappaqua,0.9501166
A1828,ALBANY LEADERSHIP CHARTER SCHOOL FOR GIRLS 19 HACKETT BLVD ALBANY,B106,Albany Leadership Charter School 19 Hackett Boulevard Albany,0.95011353
A48,ALLEGANY-LIMESTONE ELEMENTARY SCHOOL 120 MAPLE AVE ALLEGANY,B132,Allegany Elementary School 120 Maple Ave Allegany,0.95007515
A4010,BLIND BROOK-RYE MIDDLE SCHOOL 840 KING ST RYE BROOK,B405,Blind Brook High & Middle School 840 King Street Rye Brook,0.94996905
A2116,BEEKMAN SCHOOL 201 LIME RIDGE RD POUGHQUAG,B324,Beekman Elementary School Lime Ridge Road Poughquag,0.9499678
A2078,ALEXANDRIA CENTRAL HIGH SCHOOL 34 BOLTON AVE ALEXANDRIA BAY,B122,Alexandria Central Elem School 34 Bolton Ave Alexandria Bay,0.94991654
A3237,LA FAYETTE JUNIOR-SENIOR HIGH SCHOOL 3122 ROUTE 11N LAFAYETTE,B2396,Lafayette Central Jr-Sr High 3122 Route 11 La Fayette,0.94986236
A4122,MILTON SCHOOL 12 HEWLETT ST RYE,B2807,Milton School 12 Hewlett Avenue Rye,0.9498526
A1004,QUEENS TECHNICAL HIGH SCHOOL 37-02 47TH AVE LONG ISLAND CITY,B4149,Queens Vocational And Technical High School 3702 47th Ave Long Island City,0.9498177
A4781,SCHOOL 29 47 CROYDON RD YONKERS,B1301,Elementary School 29 47 Croydon Rd Yonkers,0.9498103
A3731,ROUSES POINT ELEMENTARY SCHOOL 80 MAPLE ST ROUSES POINT,B4312,Rouses Point Elem School 80 Maple St Rouses Point,0.949806
A3371,LYNDONVILLE ELEMENTARY SCHOOL PO BOX 540 LYNDONVILLE,B2563,Lyndonville Elementary School 25 Housel Ave Lyndonville,0.94977677
A273,HIGH SCHOOL FOR LAW ADVOCACY AND COMMUNITY JUSTICE 122 AMSTERDAM AVE NEW YORK,B1906,"High School For Law, Advocacy And Community Justice 122 Amsterdam Avenue Manhattan",0.94974405
A1687,PS 90 EDNA COHEN SCHOOL 2840 W 12TH ST BROOKLYN,B3833,P.S. 90 Edna Cohen School 2840 W 12th St Brooklyn,0.9497084
A3824,OWEN D YOUNG CENTRAL SCHOOL PO BOX 125 VAN HORNESVILLE,B3185,Owen D Young Central School 2316 Route 80 Van Hornesville,0.94969344
A2669,CENTRE AVENUE ELEMENTARY SCHOOL 55 CENTRE AVE EAST ROCKAWAY,B796,Centre Avenue Elem School 55 Centre Ave East Rockaway,0.94965255
A149,MURRY BERGTRAUM HIGH SCHOOL FOR BUSINESS CAREERS 411 PEARL ST NEW YORK,B2898,Murry Bergtraum High School For Business Careers 411 Pearl Street Manhattan,0.94955474
A2152,CATHERINE M MCNAMARA ELEMENTARY SCHOOL 7344 O'BRIEN RD BALDWINSVILLE,B2736,Mcnamara Elementary School Obrien Rd Baldwinsville,0.9494513
A780,URBAN ASSEMBLY SCHOOL FOR MUSIC AND ART 49 FLATBUSH AVE EXT BROOKLYN,B5053,Urban Assembly High School Of Music And Art 49 Flatbush Avenue Extension Brooklyn,0.9493946
A2364,BYRON-BERGEN JUNIOR/SENIOR HIGH SCHOOL 6917 W BERGEN RD BERGEN,B651,Byron Bergen Jr-Sr High School 6917 W Bergen Rd Bergen,0.94932353
A4787,BARACK OBAMA SCHOOL FOR SOCIAL JUSTICE 201 PALISADE AVE YONKERS,B270,Barack Obama School For Social Justice (Formerly Palisade Preparatory School) 190 N Broadway Yonkers,0.9492848
A3250,JOHN T WAUGH ELEMENTARY SCHOOL 100 HIGH ST ANGOLA,B2299,John T Waugh Elem School. 100 High St Angola,0.94925475
A3156,CAROLINE ELEMENTARY SCHOOL 2439 SLATERVILLE RD SLATERVILLE SPRINGS,B727,Caroline Elementary School 2439 Slaterville Rd Slatervle Spg,0.94923633
A2720,ALDEN TERRACE SCHOOL 1835 CENTRAL AVE VALLEY STREAM,B118,Alden Terrace Elem School 1835 N Central Ave Valley Stream,0.94917417
A3544,MORIAH JUNIOR-SENIOR HIGH SCHOOL 39 VIKING LN PORT HENRY,B2842,Moriah Jr-Sr High School 39 Viking Ln Port Henry,0.9491055
A903,SCHOOL OF INTEGRATED LEARNING (THE) 1224 PARK PL BROOKLYN,B4909,The School Of Integrated Learning 1224 Park Place Brooklyn,0.94910103
A77,BRIGHTER CHOICE CHARTER SCHOOL FOR GIRLS 250 CENTRAL AVE ALBANY,B471,Brighter Choice Charter For Girls 250 Central Ave. Albany,0.9489207
A3436,JEFFERSON ELEMENTARY SCHOOL 75 BAYLEY RD MASSENA,B2252,Jefferson Elementary School Bailey Road Massena,0.948801
A3279,LAWRENCE MIDDLE SCHOOL AT BROADWAY CAMPUS 195 BROADWAY LAWRENCE,B2429,Lawrence Middle School 195 Broadway Lawrence,0.9486885
A4580,WARRENSBURG JUNIOR-SENIOR HIGH SCHOOL 103 SCHROON RIVER RD WARRENSBURG,B5185,Warrensburg Jr-Sr High School 1 James Street Warrensburg,0.94862175
A444,PS 75 SCHOOL OF RESEARCH AND DISCOVERY 984 FAILE ST BRONX,B3825,P.S. 75 School Of Research And Discovery 984 Faile St Bronx,0.948519
A3093,GEORGE JUNIOR REPUBLIC SCHOOL 24 MCDONALD RD FREEVILLE,B4865,The George Jr Republic School 104 Mcdonald Road. Freeville,0.94840795
A394,UNIVERSITY HEIGHTS SECONDARY SCHOOL-BRONX COMMUNITY COLLEGE 701 ST ANNS AVE BRONX,B5040,University Heights Secondary School 701 St. Anns Ave Bronx,0.9483985
A4738,FRANKLIN EARLY CHILDHOOD CENTER 1180 HENRIETTA PL HEWLETT,B1502,Franklin Early Childhood Ctr 1180 Henrietta Pl Hewlett,0.9482959
A2647,EAST IRONDEQUOIT MIDDLE SCHOOL 155 DENSMORE RD ROCHESTER,B2140,Irondequoit High School 260 Cooper Rd Rochester,0.9482769
A3953,JOHN J DALY ELEMENTARY SCHOOL 36 ROCKWOOD AVE PORT WASHINGTON,B2285,John J Daly Elementary School 36 Rockwood Ave Port Washingtn,0.94813204
A2167,BARKER CENTRAL SCHOOL 1628 QUAKER RD BARKER,B277,Barker Jrsr High School 1628 Quaker Rd Barker,0.94805413
A126,SCHOOL FOR GLOBAL LEADERS 145 STANTON ST NEW YORK,B4415,School For Global Leaders 145 Stanton Street Manhattan,0.9479305
A4648,ONONDAGA ROAD ELEMENTARY SCHOOL 703 ONONDAGA RD SYRACUSE,B3127,Onondaga Road Elem School 703 Onondaga Rd S Syracuse,0.9479214
A3224,RJ O INTERMEDIATE SCHOOL 99 OLD DOCK RD KINGS PARK,B4242,Rjo Intermediate School 98 Old Dock Rd Kings Park,0.9478987
A4608,WATKINS GLEN CENTRAL HIGH SCHOOL 301 12TH ST WATKINS GLEN,B5216,Watkins Glen Central High Sch 301 12th Street Watkins Glen,0.94781613
A4772,ELLA FITZGERALD ACADEMY 77 PARK HILL AVE YONKERS,B1320,Ella Fitzgerald Academy (Formerly Scholastic Academy) 77 Park Hill Ave Yonkers,0.94776493
A3437,MADISON ELEMENTARY SCHOOL 25 OWL AVE MASSENA,B2615,Madison Elementary School Owl Street Massena,0.94775933
A53,MILLER HILL SCHOOL 8439 MILLER HILL RD AVERILL PARK,B2800,Miller Hill/Sand Lake Elementary School 8439 Miller Hill Rd Averill Park,0.9476028
A1455,TOWNSEND HARRIS HIGH SCHOOL 149-11 MELBOURNE AVE FLUSHING,B4982,Townsend Harris High School 149-11 Melbourne Ave Queens,0.94757783
A3104,FRANKLIN D ROOSEVELT SENIOR HIGH SCHOOL PO BOX 2032 HYDE PARK,B1500,Franklin D Roosevelt School Po Box 2032 Hyde Park,0.9475348
A562,PS 291 2195 ANDREWS AVE BRONX,B4109,Ps 536 1827 Archer Street Bronx,0.9474282
A2753,BENJAMIN COSOR ELEMENTARY SCHOOL PO BOX 123 FALLSBURG,B348,Benjamin Cosor Elem School Po Box Ah6d 53 Fallsburg,0.94742346
A3295,LEE ROAD SCHOOL 901 LEE RD WANTAGH,B2445,Lee Road Elementary School 901 Lee Road Wantagh,0.9473966
A4613,WAVERLY MIDDLE SCHOOL 1 FREDERICK ST WAVERLY,B5223,Waverly Jr-Sr High School 1 Frederick St Waverly,0.9473635
A1977,ZETA CHARTER SCHOOL - INWOOD 401 W 218TH ST NEW YORK,B5472,Zeta Charter School - Inwood 400 W 219th Street Bronx,0.9472922
A3429,BIRCH LANE ELEMENTARY SCHOOL 41 BIRCH LN MASSAPEQUA PARK,B390,Birch Lane Elementary School Birch Ln Massapequa Pk,0.94727796
A2855,GLOVERSVILLE MIDDLE SCHOOL PO BOX 593 GLOVERSVILLE,B1634,Gloversville Middle School 234 Lincoln Street Gloversville,0.94727
A3864,URIAH HILL SCHOOL 980 PEMART AVE PEEKSKILL,B5071,Uriah Hill Elementary School Pemart Ave Peekskill,0.9472676
A3530,EAST COLDENHAM ELEMENTARY SCHOOL 286  STATE RT 17K NEWBURGH,B1184,East Coldenham Elem School 286 State Route 17k # 290 Newburgh,0.9472015
A495,PS 58 459 E 176TH ST BRONX,B4109,Ps 536 1827 Archer Street Bronx,0.9471618
A1929,COMPASS CHARTER SCHOOL 300 ADELPHI-4TH FL BROOKLYN,B955,Compass Charter School 300 Adelphi St Brooklyn,0.9471211
A1098,PS 161 ARTHUR ASHE SCHOOL 101-33 124TH ST JAMAICA,B3576,P.S. 161 Arthur Ashe School 101-33  124 Street Jamaica,0.94708437
A3225,CHAMBERS SCHOOL 945 MORTON BLVD KINGSTON,B803,Chambers Elementary School 945 Morton Blvd Kingston,0.9470836
A3391,SAINT JOSEPH'S ELEMENTARY SCHOOL 99 ELM ST MALONE,B4661,St Joseph Elementary 111 Elm St Malone,0.94706327
A4239,FLORAL PARK MEMORIAL HIGH SCHOOL 210 LOCUST ST FLORAL PARK,B1439,Floral Park Mem High School 210 Locust St Floral Park,0.94705033
A4813,HAMILTON-FULTON-MONTGOMERY BOCES 2755 STATE HWY 67 JOHNSTOWN,B1764,Hamilton Fulton Montgomery Boces 2755 State Hwy 67 Johnstown,0.94686306
A2883,GREAT NECK SOUTH HIGH SCHOOL 341 LAKEVILLE RD GREAT NECK,B1687,Great Neck North High School 35 Polo Rd Great Neck,0.94684714
A1273,PS 6 CORPORAL ALLAN F KIVLEHAN SCHOOL 555 PAGE AVE STATEN ISLAND,B3816,P.S. 6 Corporal Allan F. Kivlehan School 555 Page Avenue Staten Island,0.9468376
A4127,F E BELLOWS ELEMENTARY SCHOOL 200 CARROLL AVE MAMARONECK,B1391,F. E. Bellows  School 200 Carroll Ave Mamaroneck,0.9468361
A2560,CORNING-PAINTED POST MIDDLE SCHOOL 35 VICTORY HWY PAINTED POST,B991,Corning-Painted Post Middle School 35 Victoria Highway Painted Post,0.94682884
A4072,RIVERSIDE SCHOOL 110 RIVERSIDE DR ROCKVILLE CENTRE,B4239,Riverside Elementary School 110 Riverside Dr Rockville Ctr,0.94678354
A297,BILINGUAL BICULTURAL SCHOOL (THE) 219 E 109TH ST NEW YORK,B4832,The Bilingual Bicultural School 219 East 109 Street Manhattan,0.9467734
A3261,JOHN A SCIOLE ELEMENTARY SCHOOL 86 ALYS DR E DEPEW,B2265,John A Sciole Elem School 86 Alys Dr E Depew,0.9467707
A3193,WARREN STREET SCHOOL 110 WARREN ST JOHNSTOWN,B5183,Warren Street Elementary Sch 110 Warren St Johnstown,0.94675374
A3618,NEW PALTZ SENIOR HIGH SCHOOL 196 MAIN ST NEW PALTZ,B2963,New Paltz Middle School 196 Main Street New Paltz,0.94662535
A3374,LYONS MIDDLE SCHOOL 10 CLYDE RD LYONS,B2567,Lyons Elementary School 98 William St Lyons,0.9466169
A2781,WASHINGTON STREET SCHOOL 760 WASHINGTON ST FRANKLIN SQUARE,B5200,Washington Street Elem School 760 Washington St Franklin Square,0.9465495
A2797,ROBERT H JACKSON ELEMENTARY SCHOOL 135 IVORY ST FREWSBURG,B4253,Robert H Jackson Elementary Ivory St Frewsburg,0.94650817
A2996,JAMES A FARLEY ELEMENTARY SCHOOL 140 RT 210 STONY POINT,B1410,Farley Elementary School 140 Central Dr Stony Point,0.9464979
A4590,ROUND HILL ELEMENTARY SCHOOL 1314 RT 208 WASHINGTONVILLE,B4311,Round Hill Elementary School 205 South St Washingtonvle,0.94646525
A1203,YOUNG WOMENS LEADERSHIP SCHOOL - ASTORIA 23-15 NEWTOWN AVE LONG ISLAND CITY,B5467,"Young Women'S Leadership School, Astoria 23-15 Newtown Avenue Queens",0.9464179
A3670,COLONIAL VILLAGE ELEMENTARY SCHOOL 1456 SAUNDERS STLMNT RD NIAGARA FALLS,B929,Colonial Village Elem School 1456 Saunders Settlement Rd Niagara Falls,0.94632536
A285,GLOBAL LEARNING COLLABORATIVE (THE) 145 W 84TH ST NEW YORK,B4866,The Global Learning Collaborative 145 West 84 Street Manhattan,0.9462085
A2533,OAKDALE-BOHEMIA MIDDLE SCHOOL 60 OAKDALE-BOHEMIA RD OAKDALE,B3089,Oakdale-Bohemia Rd Jr High Sch 60 Oakdale-Bohemia Rd Oakdale,0.9461924
A3988,MARGARET W CUYLER ELEMENTARY SCHOOL PO BOX 190 RED CREEK,B2679,Margaret W Cuyler Elementary School 6624 South St Red Creek,0.9460724
A3122,IROQUOIS INTERMEDIATE SCHOOL PO BOX  32 ELMA,B2141,Iroquois Intermediate School 2111 Girdle Road Elma,0.9460578
A2407,CARTHAGE ELEMENTARY SCHOOL 900 BEAVER LN CARTHAGE,B733,Carthage Elementary School Beaver Ln Carthage,0.94604695
A3169,ABRAHAM LINCOLN ELEMENTARY SCHOOL 301 FRONT ST JAMESTOWN,B2498,Lincoln Elementary School 301 Front St Jamestown,0.9459978
A4263,J D GEORGE ELEMENTARY SCHOOL PO BOX 108 VERONA,B2268,John D George Elementary Sch Po Box 108 Verona,0.9459903
A3891,EMERSON J DILLON MIDDLE SCHOOL 116 VOLNEY ST PHOENIX,B1094,Dillon Middle School 116 Volney St Phoenix,0.9459546
A3991,MILL ROAD-ELEMENTARY SCHOOL 9 MILL RD RED HOOK,B2792,Mill Road Elementary 9 Mill Road Red Hook,0.9459071
A4697,WHITE PLAINS MIDDLE SCHOOL 128 GRANDVIEW AVE WHITE PLAINS,B5323,White Plains Senior High School 550 North Street White Plains,0.945907
A3281,LE ROY JUNIOR-SENIOR HIGH SCHOOL 9300 SOUTH ST RD LE ROY,B2436,Le Roy Central Jr-Sr High Sch 9300 South St Rd Le Roy,0.9458047
A3192,PLEASANT AVENUE SCHOOL 235 PLEASANT AVE JOHNSTOWN,B4046,Pleasant Avenue Elementary Sch 235 Pleasant Ave Johnstown,0.94579864
A2229,BENJAMIN FRANKLIN ELEMENTARY SCHOOL 262 CONKLIN AVE BINGHAMTON,B349,Benjamin Franklin Elem School 262 Conklin Ave Binghamton,0.9456357
A2577,CARRIE E TOMPKINS SCHOOL 8 GERSTEIN ST CROTON ON HUDSON,B730,Carrie E. Tompkins Elementary School 8 Gerstein Street Croton-On-Hudson,0.94555974
A779,URBAN ASSEMBLY SCHOOL FOR LAW AND JUSTICE (THE) 283 ADAMS ST BROOKLYN,B4924,The Urban Assembly School For Law And Justice 283 Adams Street Brooklyn,0.94554186
A1826,CONEY ISLAND PREPARATORY PUBLIC CHARTER SCHOOL 626 SHEEPSHEAD BAY RD-5TH FL BROOKLYN,B961,Coney Island Prepartory Charter Middle School 501 West Avenue Brooklyn,0.9455004
A2961,GLENN H CURTISS MEMORIAL SCHOOL 8272 MAIN ST HAMMONDSPORT,B1625,Glenn H. Curtiss Elementary School 8272 Main Street Hammondsport,0.9454727
A3326,LIVERPOOL MIDDLE SCHOOL 720 SEVENTH ST LIVERPOOL,B2522,Liverpool High School 4338 Wetzel Rd Liverpool,0.9454404
A1589,RICHARD H HUNGERFORD SCHOOL (THE) 715 L OCEAN TERRACE STATEN ISLAND,B4900,The Richard H. Hungerford School 155 Tompkins Avenue Staten Island,0.9453187
A296,LEXINGTON ACADEMY (THE) 131 E 104TH ST NEW YORK,B4880,The Lexington Academy 131 E 104th St Manhattan,0.94521797
A2098,WILBUR H LYNCH LITERACY ACADEMY 55 BRANDT PL AMSTERDAM,B2560,Lynch Literacy Academy 55 Brandt Place Amsterdam,0.9451622
A2980,PARSONS MEMORIAL SCHOOL 200 HALSTEAD AVE HARRISON,B3949,Parsons Memorial Elementary School 200 Halstead Avenue Harrison,0.945131
A4276,SILVER CREEK MIDDLE SCHOOL 1 DICKINSON ST SILVER CREEK,B4505,Silver Creek Elementary School Dickinson Street Silver Creek,0.9450392
A2734,CHARLES F JOHNSON JR ELEMENTARY SCHOOL 715 PADEN ST ENDICOTT,B811,Charles F Johnson Elem School 715 Paden St Endicott,0.9450294
A4768,LAS HERMANAS MIRABAL COMMUNITY SCHOOL 195 MCLEAN AVE YONKERS,B2420,Las Hermanas Mirabal Community School (Formerly Elementary School 13) 195 Mclean Ave Yonkers,0.94501776
A2807,G RAY BODLEY HIGH SCHOOL 6 WILLIAM GILLARD DR FULTON,B434,Bodley High School 6 William Gillard Dr Fulton,0.94499594
A2542,DEAUVILLE GARDENS EAST ELEMENTARY SCHOOL 45 WALDO ST COPIAGUE,B1058,Deauville Gardens West Elem School 100 Deauville Blvd Copiague,0.9449819
A237,RIVER SCHOOL (THE) 425 E 35TH ST NEW YORK,B4902,The River School 425 East 35th Street Manhattan,0.94497156
A3520,OTISVILLE ELEMENTARY SCHOOL 2525 MT HOPE RD OTISVILLE,B3149,Otisville Elementary School School Street Otisville,0.9447593
A4211,MAPLE HILL JUNIOR/SENIOR HIGH SCHOOL 1477 S SCHODACK RD CASTLETON,B2666,Maple Hill High School 1216 Maple Hill Rd Castleton,0.94473654
A4258,SHERBURNE-EARLVILLE MIDDLE SCHOOL 13 SCHOOL ST SHERBURNE,B4489,Sherburne-Earlville Mshs 13 School St Sherburne,0.9447104
A88,JOHN V LINDSAY WILDCAT ACADEMY CHARTER SCHOOL 17 BATTERY PL NEW YORK,B2300,John V. Lindsay Wildcat Charter School 17 Battery Pl # 1fl New York,0.94470644
A4763,ROOSEVELT HIGH SCHOOL - EARLY COLLEGE STUDIES 631 TUCKAHOE RD YONKERS,B4300,Roosevelt High School 631 Tuckahoe Rd Yonkers,0.9446408
A2760,WOODWARD PARKWAY ELEMENTARY SCHOOL 95 WOODWARD PKY FARMINGDALE,B5414,Woodward Parkway Elem School 95 Woodward Pkwy Farmingdale,0.94460595
A4273,SIDNEY MIDDLE SCHOOL 13 PEARL ST E SIDNEY,B4502,Sidney High School 95 W Main St Sidney,0.9445849
A3336,LIVONIA MIDDLE/HIGH SCHOOL 2 BULLDOG BLVD LIVONIA,B2524,Livonia Middle-High School 2 Bull Dog Boulevard Livonia,0.94443643
A3196,JORDAN-ELBRIDGE HIGH SCHOOL 5721 HAMILTON RD JORDAN,B2306,Jordan Elbridge High School 5721 Hamilton Road Jordan,0.9443835
A1902,EAST HARLEM SCHOLARS ACADEMY CHARTER SCHOOL II 1573 MADISON AVE-RM 320 NEW YORK,B1194,East Harlem Scholars Academy Ii 1573 Madison Ave New York,0.9443401
A2621,DUANESBURG HIGH SCHOOL 163 SCHOOL DR DELANSON,B1143,Duanesburg Jr-Sr High School 136 School Rd Delanson,0.94427013
A600,PS 226 1950 SEDGWICK AVE BRONX,B4109,Ps 536 1827 Archer Street Bronx,0.9442668
A102,LOWER EAST SIDE PREPARATORY HIGH SCHOOL 145 STANTON ST-4TH FL NEW YORK,B2547,Lower East Side Preparatory High School 145 Stanton Street Manhattan,0.9441887
A1516,NEW YORK CITY ACADEMY FOR DISCOVERY 95-16 89TH AVE WOODHAVEN,B2972,New York City Academy For Discovery 95-16 89th Avenue Queens,0.94415224
A3575,MOUNT VERNON STEAM ACADEMY 350 GRAMATAN AVE MOUNT VERNON,B2901,Mv Steam Academy 350 Gramatan Avenue Mount Vernon,0.9440239
A3278,LAWRENCE ELEMENTARY SCHOOL AT BROADWAY CAMPUS 195 BROADWAY LAWRENCE,B2428,Lawrence Elementary School - Broadway #5 195 Broadway Lawrence,0.94399357
A4557,WALTON HIGH SCHOOL 47-49 STOCKTON AVE WALTON,B5173,Walton Jr. Sr. High School 47-49 Stockton Ave Walton,0.9437635
A3526,PINE TREE ELEMENTARY SCHOOL 156 PINE TREE RD MONROE,B4026,Pine Tree Elementary School Pine Tree Road Monroe,0.9437089
A361,JHS 143 ELEANOR ROOSEVELT 511 W 182ND ST NEW YORK,B2187,J.H.S. 143 Eleanor Roosevelt 511 W 182nd Street Manhattan,0.94357014
A263,YOUNG WOMEN'S LEADERSHIP SCHOOL 140 W 102ND ST NEW YORK,B5465,Young Women'S Leadership School Of Brooklun 223 Graham Avenue Brooklyn,0.9435378
A4105,ROSLYN HIGH SCHOOL 475 ROUND HILL RD ROSLYN HEIGHTS,B4309,Roslyn High School Roslyn Rd Roslyn Heights,0.9435169
A1515,QUEENS HIGH SCHOOL FOR INFORMATION RESEARCH AND TECHNOLOGY 8-21 BAY 25TH ST FAR ROCKAWAY,B4138,"Queens High School For Information, Research, And Technology 8-21 Bay 25 Street Queens",0.94349325
A3768,SCHOOL 4 3210 OCEANSIDE RD OCEANSIDE,B3099,Oceanside School No 4 3210 Oceanside Rd Oceanside,0.94345015
A1504,RICHMOND HILL HIGH SCHOOL 89-30 114TH ST RICHMOND HILL,B4218,Richmond Hill High School 89-30 114 Street Queens,0.9434321
A2053,GIFFEN MEMORIAL ELEMENTARY SCHOOL 274 S PEARL ST ALBANY,B1608,Giffen Elem Memorial School 274 S Pearl St Albany,0.943429
A4754,WILLIAM BOYCE THOMPSON SCHOOL 1061 N BROADWAY YONKERS,B5341,William Boyce Thompson School (Formerly The Foxfire School) 1061 N Broadway Yonkers,0.9434283
A4063,MONROE LOWER SCHOOL 164 ALEXANDER ST ROCHESTER,B2827,Monroe Middle School 164 Alexander St Rochester,0.94336987
A3147,MICHAEL F STOKES SCHOOL 101 OWL PL LEVITTOWN,B2767,Michael F Stokes Elem School 101 Owl Pl Levittown,0.9433652
A3418,MARION ELEMENTARY SCHOOL PO BOX 998 MARION,B2687,Marion Elementary School 3863 N Main St Marion,0.94336414
A3780,WASHINGTON WEST ELEMENTARY SCHOOL 1626 WASHINGTON ST OLEAN,B5202,Washington West Elem School 1626 Washington St Olean,0.9433584
A1197,FRANK SINATRA SCHOOL OF THE ARTS HIGH SCHOOL 35-12 35TH AVE LONG ISLAND CITY,B1495,Frank Sinatra School Of The Arts High School 35-12 35th Avenue Queens,0.94335175
A3125,MARILLA PRIMARY SCHOOL PO BOX 32 MARILLA,B2685,Marilla Primary School 11683 Bullis Rd Marilla,0.9432684
A4751,ROBERT C DODSON SCHOOL 105 AVONDALE RD YONKERS,B1112,Dodson Intermediate School 105 Avondale Rd Yonkers,0.9432572
A2748,MINERVA DELAND SCHOOL 140 HULBURT RD FAIRPORT,B2812,Minerva Deland Jr High School 140 Hulburt Rd Fairport,0.9432233
A401,PS 25 BILINGUAL SCHOOL 811 E 149TH ST BRONX,B3269,P.S. 025 Bilingual School 811 East 149 Street Bronx,0.94309443
A4589,LITTLE BRITAIN ELEMENTARY SCHOOL 1160 LITTLE BRITAIN RD NEW WINDSOR,B2517,Little Britain Elem School 1160 Little Britain Road New Windsor,0.94309396
A1870,EXPLORE EXCEED CHARTER SCHOOL 443 ST MARKS AVE-RM 114 BROOKLYN,B1386,"Explore Charter School 655 Parkside Ave, 4th Floor Rm 416 Brooklyn",0.94303596
A390,CASTLE BRIDGE SCHOOL 560 W 169TH ST NEW YORK,B741,Castle Bridge School 560 West 169 Street Manhattan,0.9429822
A2014,EAST FLATBUSH ASCEND CHARTER SCHOOL (EFACS) 870 ALBANY AVE BROOKLYN,B1188,East Flatbush Ascend Charter School 870 Albany Avenue Brooklyn,0.9429414
A2976,W A OLMSTED ELEMENTARY SCHOOL PO BOX 147 HARPURSVILLE,B5150,W A Olmsted Elementary School 54 Main Street Harpursville,0.9429347
A239,STEPHEN T MATHER BUILDING ARTS AND CRAFTMANSHIP HIGH SCHOOL 439 W 49TH ST NEW YORK,B4748,Stephen T. Mather Building Arts & Craftsmanship High School 439 West 49th Street Manhattan,0.9429257
A2463,PORT DICKINSON ELEMENTARY SCHOOL 770 CHENANGO ST BINGHAMTON,B4059,Port Dickinson Elem School 770 Chenango St Binghamton,0.942807
A1576,PS 168 3050 WEBSTER AVE BRONX,B4113,Ps X469 3177 Webster Ave Bronx,0.94276065
A2183,ACADEMY STREET ELEMENTARY SCHOOL 150 ACADEMY ST BAYPORT,B64,Academy Street Elem School 150 Academy St Bayport,0.94272655
A1062,QUEENS HIGH SCHOOL OF TEACHING LIBERAL ARTS AND SCIENCES 74-20 COMMONWEALTH BLVD BELLEROSE,B4141,"Queens High School Of Teaching, Liberal Arts And The Sciences 74-20 Commonwealth Blvd Queens",0.9426737
A3297,SUMMIT LANE SCHOOL 4 SUMMIT LN LEVITTOWN,B4773,Summit Lane Elementary School Summit Ln Levittown,0.94264156
A3223,WILLIAM T ROGERS MIDDLE SCHOOL 97 OLD DOCK RD KINGS PARK,B4285,Rogers Middle School 97 Old Dock Rd Kings Park,0.9425519
A2068,CHARLES D'AMICO HIGH SCHOOL 302 EAST AVE ALBION,B808,Charles D'Amico Hs 302 East Ave Albion,0.9425444
A1885,KIPP NYC WASHINGTON HEIGHTS ACADEMY CHARTER SCHOOL 21 JUMEL PL-RM D109 NEW YORK,B2365,"Kipp Nyc Washington Heights Academy Charter School 586 West 177th Street, Fourth Floor New York",0.94250715
A4605,MEMORIAL PARK ELEMENTARY SCHOOL 145 E BACON ST WATERVILLE,B5213,Waterville-Memorial Parke Elem School 45 E Bacon St Waterville,0.9423919
A2918,SCOTT M ELLIS ELEMENTARY SCHOOL PO BOX 125 GREENVILLE,B4444,Scott M Ellis Elementary Sch Rr 32 Greenville,0.94237494
A286,URBAN ASSEMBLY SCHOOL FOR GREEN CAREERS (THE) 145 W 84TH ST NEW YORK,B4923,The Urban Assembly School For Green Careers 145 West 84th Street Manhattan,0.9422119
A2626,SCHOOL 3 742 LAMPHERE ST DUNKIRK,B1273,Elementary School 03 Lamphere Street Dunkirk,0.9421931
A560,PS 209 313 E 183RD ST BRONX,B4109,Ps 536 1827 Archer Street Bronx,0.9421478
A1971,FORTE PREPARATORY ACADEMY CHARTER SCHOOL 51-35 REEDER ST-2ND FL ELMHURST,B1478,Forte Prep Academy Charter School 51-35 Reeder St Elmhurst,0.9421469
A3065,HONEOYE FALLS-LIMA SENIOR HIGH SCHOOL 83 EAST ST HONEOYE FALLS,B1983,Honeoye Falls Lima Sr High Sch 83 East St Honeoye Falls,0.9421062
A3766,SCHOOL 5 2440 N OCEANSIDE RD OCEANSIDE,B3099,Oceanside School No 4 3210 Oceanside Rd Oceanside,0.9420817
A1124,PS 36 SAINT ALBANS SCHOOL 187-01 FOCH BLVD SAINT ALBANS,B3301,P.S. 036 Saint Albans School 18701 Foch Blvd Saint Albans,0.94207567
A4339,SOUTHERN CAYUGA  7-12 SECONDARY SCHOOL 2384 RT 34B AURORA,B4581,Southern Cayuga Junior/High School 2384 Route 34b Aurora,0.94207335
A447,PS 107 1695 SEWARD AVE BRONX,B4109,Ps 536 1827 Archer Street Bronx,0.94202423
A1972,BRILLA VERITAS CHARTER SCHOOL 600 E 156TH ST BRONX,B475,Brilla Caritas Charter School 2336 Andrews Avenue N Bronx,0.9419972
A1362,PS 345 PATROLMAN ROBERT BOLDEN 111 BERRIMAN ST BROOKLYN,B3784,P.S. 345 Patrolman Robert Bolden 111 Berriman Street Brooklyn,0.94196117
A3259,VAN CORTLANDTVILLE SCHOOL 31002 MAIN ST-RT 6 MOHEGAN LAKE,B5106,Van Cortlandville Elementary School 3100 East Main Street Mohegan Lake,0.9419224
A377,PAULA HEDBAVNY SCHOOL 3761 10TH AVE NEW YORK,B3961,Paula Hedbavny School 421 W 219th St Manhattan,0.9418741
A4500,SMITH STREET ELEMENTARY SCHOOL 780 SMITH ST UNIONDALE,B4520,Smith Street Elem School 780 Smith St Uniondale,0.9418119
A3293,GEN DOUGLAS MACARTHUR SENIOR HIGH SCHOOL 3369 OLD JERUSALEM RD LEVITTOWN,B1119,Douglas Macarthur High School Old Jerusalem Rd Levittown,0.9417925
A2579,PIERRE VAN CORTLANDT SCHOOL 3 GLEN PLACE CROTON-ON-HUDSON,B4014,Pierre Van Cortlandt Middle School 3 Glen Place Croton-On-Hudson,0.9417448
A647,PS 68 4011 MONTICELLO AVE BRONX,B4109,Ps 536 1827 Archer Street Bronx,0.94172466
A2915,GREENE MIDDLE SCHOOL 40 S CANAL ST GREENE,B1697,Green Middle School/High School 40 S Canal St Greene,0.94161737
A228,HUDSON HIGH SCHOOL OF LEARNING TECHNOLOGIES 351 W 18TH ST NEW YORK,B2014,Hudson High School Of Learning Technologies 351 West ?18 Street Manhattan,0.9416126
A460,PS 304 EARLY CHILDHOOD SCHOOL 2750 LAFAYETTE AVE BRONX,B3761,P.S. 304 Early Childhood School 2750 Lafayette Bronx,0.94160783
A3209,KENDALL JUNIOR-SENIOR HIGH SCHOOL 16887 ROOSEVELT HWY KENDALL,B2323,Kendall Jr-Sr High School Roosevelt Highway Kendall,0.94156927
A2670,EAST ROCKAWAY JUNIOR-SENIOR HIGH SCHOOL 443 OCEAN AVE EAST ROCKAWAY,B1216,East Rockaway Jr-Sr High Sch 443 Ocean Ave East Rockaway,0.9415437
A2190,J V FORRESTAL ELEMENTARY SCHOOL 125 LIBERTY ST BEACON,B2166,J V Forrestal Elementary Sch 125 Liberty Street Beacon,0.9414911
A3041,JAMES I O'NEILL HIGH SCHOOL PO BOX 287 HIGHLAND FALLS,B2230,James I. O'Neill High School 21 Morgan Road Highland Falls,0.9414619
A839,SCHOOL OF CREATIVITY AND INNOVATION (THE) 4513 8TH AVE BROOKLYN,B4908,The School Of Creativity And Innovation 736 48th Street Brooklyn,0.9414325
A2437,CENTRAL SQUARE MIDDLE SCHOOL 44 SCHOOL DR CENTRAL SQUARE,B793,Central Square Middle School 248 Us Route 11 Central Square,0.94140166
A2931,ALTAMONT ELEMENTARY SCHOOL PO BOX 648 ALTAMONT,B137,Altamont Elementary School 117 Grand Street Altamont,0.94139665
A343,TEACHERS COLLEGE COMMUNITY SCHOOL 168 MORNINGSIDE AVE NEW YORK,B4812,Teachers College Community School 168 Morningside Avenue Manhattan,0.9413336
A81,AMBER CHARTER SCHOOL EAST HARLEM 220 E 106TH ST NEW YORK,B141,Amber Charter Schools 220 East 106th. Street New York,0.94133013
A1604,JM RAPPORT SCHOOL FOR CAREER DEVELOPMENT 470 JACKSON AVE BRONX,B2167,J. M. Rapport School Career Development 470 Jackson Avenue Bronx,0.941252
A1574,SOUTH RICHMOND HIGH SCHOOL IS/PS 25 6581 HYLAN BLVD STATEN ISLAND,B4567,South Richmond High School I.S./P.S. 25 6581 Hylan Boulevard Staten Island,0.9412341
A1106,QUEENS SATELLITE HIGH SCHOOL FOR OPPORTUNITY 162-02 HILLSIDE AVE JAMAICA,B4145,Queens Satellite High School For Opportunity 162-02 Hillside Avenue Queens,0.9411793
A895,SCHOOL FOR HUMAN RIGHTS (THE) 600 KINGSTON AVE BROOKLYN,B4416,"School For Human Rights, The 600 Kingston Avenue Brooklyn",0.94110066
A1813,NEW ROOTS CHARTER SCHOOL PO BOX 936 ITHACA,B2965,New Roots Charter School 116 N Cayuga St Ithaca,0.941003
A3456,CLIFFORD WISE INTERMEDIATE SCHOOL 1016 GWINN ST MEDINA,B898,Clifford Wise Intermediate/Middle School 1016 Gwinn St Medina,0.9409192
A604,PS 91 2200 AQUEDUCT AVE BRONX,B4109,Ps 536 1827 Archer Street Bronx,0.9408816
A4587,WARWICK VALLEY MIDDLE SCHOOL PO BOX 595 WARWICK,B5189,Warwick Valley Middle School 225 West St Warwick,0.9408325
A4141,TAMARAC ELEMENTARY SCHOOL 50 SPENCE AVE HOLBROOK,B4804,Tamarac Elementary School 50 Spence Ave Holtsville,0.9408035
A2592,DELAWARE ACADEMY HIGH SCHOOL 2 SHELDON DR DELHI,B1061,Delaware Academy Ms Hs 2 Sheldon Dr Delhi,0.9407555
A2409,CARTHAGE SENIOR HIGH SCHOOL 36500 NYS RT 26 CARTHAGE,B734,Carthage Senior High School 36500 Martin Street Road Carthage,0.94073987
A122,NEIGHBORHOOD SCHOOL 121 E 3RD ST NEW YORK,B2933,Neighborhood School 121 East 3 Street Manhattan,0.94068456
A67,SULLIVAN WEST ELEMENTARY SCHOOL PO BOX 308 JEFFERSONVILLE,B4770,Sullivan West Elementary School583 33 Schoolhouse Road Jeffersonville,0.940676
A2507,CLYDE-SAVANNAH JUNIOR HIGH SCHOOL 215 GLASGOW ST CLYDE,B909,Clyde-Savannah Jr-Sr High School 215 Glasgow St Clyde,0.9406001
A2863,GOSHEN CENTRAL HIGH SCHOOL 222 SCOTCHTOWN AVE GOSHEN,B1889,High School 120 Scotchtown Ave Goshen,0.94056356
A3576,NELSON MANDELA/DR HOSA ZOLLICOFFER SCHOOL 250 GRAMATAN AVE MOUNT VERNON,B2936,Nelson Mandela - Hosa Zollicoffer School 250 Granatan Avenue Mount Vernon,0.94056255
A690,PS/MS 498 VAN NEST ACADEMY 1640 BRONXDALE AVE BRONX,B4117,Ps/Ms 11x498 - Van Nest Academy 1640 Bronxdale Ave Bronx,0.94055396
A2413,CATO-MERIDIAN JUNIOR-SENIOR HIGH SCHOOL 2851 STATE RTE 370 CATO,B748,Cato-Meridian Sr High School 2851 Route 370 Cato,0.940545
A3072,HOOSICK FALLS MIDDLE SCHOOL 21187 NY RT 22 HOOSICK FALLS,B1988,Hoosick Falls Elem School 21187 New York 22 Hoosick Falls,0.9405327
A4079,FRANK J CARASITI ELEMENTARY SCHOOL 90 ROCKY PT-YAPHANK RD ROCKY POINT,B1491,Frank J Carasiti Elem School 90 Rocky Point Yaphank Rd Rocky Point,0.94049495
A3270,LANSING MIDDLE SCHOOL 6 LUDLOWVILLE RD LANSING,B2418,Lansing High School 300 Ridge Rd Lansing,0.94043165
A3886,PERU MIDDLE SCHOOL 17 SCHOOL ST PERU,B4006,Peru Jr/Sr High School 17 School Street Peru,0.9404117
A4640,SOUTH BAY SCHOOL 160 GREAT E NECK RD WEST BABYLON,B4538,South Bay Elementary School 666 Albin Ave West Babylon,0.9403582
A3286,NORTH ROSE-WOLCOTT MIDDLE SCHOOL 5957 NEW HARTFORD ST WOLCOTT,B3029,North Rose-Wolcott Middle Sch 5957 New Hartford St Wolcott,0.9403226
A2999,THIELLS ELEMENTARY SCHOOL PO BOX 491 THIELLS,B4940,Thiells Elementary School 78 Rosman Rd Thiells,0.94026995
A3496,WILLIAM A CARTER SCHOOL 345 SCHUTT RD EXT MIDDLETOWN,B5337,William A. Carter Elementary School 345 Schutt Road Extension Middletown,0.94025874
A4665,ALLENDALE ELEMENTARY SCHOOL 1399 ORCHARD PARK RD WEST SENECA,B136,Allendale Elementary School 1399 Orchard Park Rd Buffalo,0.9401778
A4048,SCHOOL 58-WORLD OF INQUIRY SCHOOL 200 UNIVERSITY AVE ROCHESTER,B4409,School #58-World Of Inquiry Elem School 200 University Ave Rochester,0.94017315
A3609,GARDEN CITY PARK SCHOOL 51 CENTRAL AVE GARDEN CITY PARK,B1555,Garden City Park Elem School 51 Central Ave Garden City Park,0.9399889
A3898,PINE BUSH ELEMENTARY SCHOOL PO BOX 899 PINE BUSH,B4020,Pine Bush High School Po Box 670 Pine Bush,0.9399853
A229,MURRAY HILL ACADEMY 111 E 33RD ST NEW YORK,B2897,Murray Hill Academy 111 East ?33rd Street Manhattan,0.93996185
A1213,GOTHAM TECH HIGH SCHOOL 28-04 41ST AVE LONG ISLAND CITY,B1656,Gotham Tech High School 28-01 41 Avenue Queens,0.93989545
A1960,ROCHESTER PREP CHARTER SCHOOL 3 85 ST JACOB ST ROCHESTER,B4264,Rochester Academy Charter School 841 Genesee Street Rochester,0.9398092
A3284,NORTH ROSE-WOLCOTT ELEMENTARY SCHOOL 10456 SALTER RD NORTH ROSE,B3027,North Rose Elementary School 10456 Salter Rd North Rose,0.9397199
A3203,KEENE CENTRAL SCHOOL 33 MARKET ST-PO BOX 67 KEENE VALLEY,B2319,Keene Central Elem-High School 33 Market Street Keene Valley,0.9397108
A753,GEORGE WESTINGHOUSE CAREER AND TECHNICAL ED HIGH SCHOOL 105 TECH PL BROOKLYN,B1602,George Westinghouse Career And Technical Education High School 105 Johnson Street Brooklyn,0.93970346
A191,AMERICAN SIGN LANGUAGE & ENGLISH SECONDARY SCHOOL 223 E 23RD ST NEW YORK,B4821,The 47 American Sign Language & English Lower School 3 E 23rd St New York,0.9396565
A1745,PS 217 COLONEL DAVID MARCUS SCHOOL 1100 NEWKIRK AVE BROOKLYN,B3691,P.S. 217 Colonel David Marcus School 1100 Newkirk Ave Brooklyn,0.93955725
A2738,GEORGE F JOHNSON ELEMENTARY SCHOOL 999 TAFT AVE ENDICOTT,B1594,George W Johnson Elem School 201 Hill Ave Endicott,0.93943846
A616,WEST BRONX ACADEMY FOR THE FUTURE 500 E FORDHAM RD BRONX,B5255,West Bronx Academy For The Future 500 East Fordham Road Bronx,0.93941426
A2736,THOMAS J WATSON SR ELEMENTARY SCHOOL 263 RIDGEFIELD RD ENDICOTT,B4952,Thomas Watson Elementary Sch 263 Ridgefield Rd Endicott,0.93939
A376,PROFESSOR JUAN BOSCH PUBLIC SCHOOL 12-18 ELLWOOD ST NEW YORK,B4094,Professor Juan Bosch Public School 12 Ellwood St # 18 New York,0.9393613
A2770,FORT ANN MIDDLE/HIGH SCHOOL 1 CATHERINE ST FORT ANN,B1469,Fort Ann Elementary School 1 Catherine St Fort Ann,0.939361
A2466,CHENANGO VALLEY MIDDLE SCHOOL 221 CHENANGO BRIDGE RD BINGHAMTON,B843,Chenango Forks Middle School 1 Gordon Dr Binghamton,0.9393536
A4168,CAROLINE STREET ELEMENTARY SCHOOL 310 CAROLINE ST SARATOGA SPRINGS,B729,Caroline Street Elem School 310 Caroline St Saratoga Spgs,0.9393526
A2677,WOODLAND ELEMENTARY SCHOOL 100 SPARTAN WAY EAST SYRACUSE,B5404,Woodland Elementary School 100 Spartan Wy East Syracuse,0.93932176
A138,LEADERSHIP & PUBLIC SERVICE HIGH SCHOOL 90 TRINITY PL NEW YORK,B2438,Leadership And Public Service High School 90 Trinity Place Manhattan,0.9392216
A2908,LEE F JACKSON SCHOOL SARATOGA RD WHITE PLAINS,B2444,Lee F. Jackson Elementary School 2 Saratoga Road White Plains,0.9391968
A4133,CHIPPEWA ELEMENTARY SCHOOL 1 DAVID MELLO DR HOLTSVILLE,B861,Chippewa Elementary School 1 David Mello Drine Holtsville,0.93905705
A4449,STEAM AT DR KING ELEMENTARY SCHOOL 416 E RAYNOR AVE SYRACUSE,B4743,Steam @ Dr King Elementary School 416 E Raynor Ave Syracuse,0.9389517
A2420,CAZENOVIA MIDDLE SCHOOL 31 EMORY AVE CAZENOVIA,B764,Cazenovia Jr-Sr High School 31 Emory Ave Cazenovia,0.93893063
A4492,UNATEGO MIDDLE SCHOOL 2641 STATE HWY 7 OTEGO,B5015,Unatego Jr-Sr High School 2641 Sthwy 7 Otego,0.9389102
A410,PS 277 519 ST ANNS AVE BRONX,B4109,Ps 536 1827 Archer Street Bronx,0.93886614
A1615,PS 771 1075 OCEANVIEW AVE BROOKLYN,B4111,Ps 936 270 59th Street Brooklyn,0.93881476
A1159,QUEENS UNITED MIDDLE SCHOOL 229-02 137TH AVE SPRINGFIELD GARDENS,B4148,Queens United Middle School 229-02 137 Ave Queens,0.93869025
A3630,NEW YORK MILLS SCHOOL 1 MARAUDER BLVD NEW YORK MILLS,B2976,New York Mills Elementary School One Marauder Blvd New York Mills,0.9386853
A3113,INDIAN LAKE CENTRAL SCHOOL 6345 NYS RT 30 INDIAN LAKE,B2111,Indian Lake Central School 28 W Main St Indian Lake,0.9386178
A75,ROOSEVELT CHILDREN'S ACADEMY CHARTER SCHOOL 201 DEBEVOISE AVE ROOSEVELT,B4298,Roosevelt Childrens Academy - Main Campus 201 Debevoise Ave Roosevelt,0.9380958
A3146,J FRED SPARKE SCHOOL 100 ROBIN PL LEVITTOWN,B2164,J Fred Sparke Elem School 100 Robin Pl Levittown,0.9380175
A508,PS/IS 218 RAFAEL HERNANDEZ DUAL LANGUAGE MAGNET SCHOOL 1220 GERARD AVE BRONX,B3895,P.S./I.S. 218 Rafael Hernandez Dual Language Magnet School 1220 Gerard Avenue Bronx,0.93797773
A2080,ALFRED-ALMOND JUNIOR-SENIOR HIGH SCHOOL 6795 RT 21 ALMOND,B125,Alfred-Almond Elementary Sch 6795 State Route 21 Almond,0.93793905
A2474,RANDOLPH ACADEMYHAMBURG CAMPUS 4655 LOGANS LN HAMBURG,B4170,Randolph Academy Hamburg Campus 3780 Howard Rd Hamburg,0.93791205
A3123,IROQUOIS MIDDLE SCHOOL PO BOX 32 ELMA,B2143,Iroquois Middle School 2111 Girdle Road Elma,0.9378018
A4673,WEST ELEMENTARY SCHOOL 1397 ORCHARD PARK RD WEST SENECA,B5276,West Middle School 395 Center Rd West Seneca,0.9377823
A3519,MINISINK VALLEY MIDDLE SCHOOL PO BOX 217 SLATE HILL,B2816,Minisink Valley Middle School 2320 Route 6 Slate Hill,0.93774056
A3226,HARRY L EDSON SCHOOL 116 MERILINA AVE KINGSTON,B1247,Edson Elementary School 116 Merilina Ave Kingston,0.93772054
A2567,FE SMITH INTERMEDIATE SCHOOL 33 WHEELER AVE CORTLAND,B1389,F E Smith Elementary School 33 Wheeler Ave Cortland,0.9377191
A584,RIVERDALE/KINGSBRIDGE ACADEMY (MS/HS 141) 660 W 237TH ST BRONX,B4231,Riverdale / Kingsbridge Academy (Middle School / High School 141) 660 West 237 St Bronx,0.9376943
A1137,PS 136 ROY WILKINS 201-15 115TH AVE SAINT ALBANS,B3524,P.S. 136 Roy Wilkins 20115 115th Ave Saint Albans,0.9376661
A2157,MAE E REYNOLDS SCHOOL 222 DEERWOOD DR BALDWINSVILLE,B4208,Reynolds Elementary School 222 Deerwood Dr Baldwinsville,0.93757266
A119,EAST VILLAGE COMMUNITY SCHOOL (THE) 185 1ST AVE NEW YORK,B4856,The East Village Community School 610 East 12 Street Manhattan,0.9374732
A4569,JAMES S EVANS ELEMENTARY SCHOOL 747 SERGEANT PALMATEER WAY WAPPINGERS FALLS,B2232,James S Evans Elementary Sch 747 Old Route 9 Wappingers Falls,0.93745047
A3432,LOCKHART ELEMENTARY SCHOOL 199 PITTSBURG AVE MASSAPEQUA,B2526,Lockhart Elementary School Pittsburgh Ave Massapequa,0.93739974
A861,BROOKLYN ACADEMY OF GLOBAL FINANCE (THE) 125 STUYVESANT AVE BROOKLYN,B4839,The Brooklyn Academy Of Global Finance 125 Stuyvesant Avenue Brooklyn,0.9373805
A3958,PORTVILLE ELEMENTARY SCHOOL PO BOX 790 PORTVILLE,B4067,Portville Elementary School 500 Elm St Portville,0.93734294
A3187,JOHNSON CITY MIDDLE SCHOOL 601 COLUMBIA DR JOHNSON CITY,B2303,Johnson City High School 666 Reynolds Rd Johnson City,0.9373393
A2189,GLENHAM SCHOOL 20 CHASE DR FISHKILL,B1623,Glenham Elementary School 20 Chase Drive Fishkill,0.93722755
A4212,SCHOHARIE ELEMENTARY SCHOOL PO BOX 430 SCHOHARIE,B4399,Schoharie Elementary School 136 Academy Drive Schoharie,0.9372153
A1854,ROCHESTER PREP CHARTER SCHOOL 2 432 CHILI AVE ROCHESTER,B4264,Rochester Academy Charter School 841 Genesee Street Rochester,0.93694854
A4259,SHERBURNE-EARLVILLE SENIOR HIGH SCHOOL 13 SCHOOL ST SHERBURNE,B4489,Sherburne-Earlville Mshs 13 School St Sherburne,0.9369385
A718,PS 211 1919 PROSPECT AVE BRONX,B4109,Ps 536 1827 Archer Street Bronx,0.9368408
A4677,MOUNT MARKHAM SENIOR HIGH SCHOOL 500 FAIRGROUND RD WEST WINFIELD,B2875,Mount Markham Middle School Fairground Road West Winfield,0.9367948
A4085,LYNDON H STROUGH MIDDLE SCHOOL 801 LAUREL ST ROME,B2562,Lyndon H Strough Jr High Sch 801 Laurel St Rome,0.9367872
A2220,BETHPAGE SENIOR HIGH SCHOOL 10 CHERRY AVE BETHPAGE,B377,Bethpage Sr High School Cherry Ave Bethpage,0.93674344
A802,PS 295 330 18TH ST BROOKLYN,B4111,Ps 936 270 59th Street Brooklyn,0.9366642
A1067,QUEENS GATEWAY TO HEALTH SCIENCES SECONDARY SCHOOL 160-20 GOETHALS AVE JAMAICA,B4137,Queens Gateway To Health Sciences Secondary School 160-20 Goethals Avenue Queens,0.9366045
A3064,HONEOYE FALLS-LIMA MIDDLE SCHOOL 619 QUAKER MTNGHSE RD HONEOYE FALLS,B1982,Honeoye Falls Lima Mid School 619 Quaker Meeting House Rd Honeoye Falls,0.93655
A100,BUFFALO UNITED CHARTER SCHOOL 325 MANHATTAN AVE BUFFALO,B4551,South Buffalo Charter School 154 South Ogden Street Buffalo,0.93654555
A3659,HENRY J KALFAS MAGNET SCHOOL 1880 BEECH AVE NIAGARA FALLS,B1861,Henry J Kalfas Elem School 1800 Beech Ave Niagara Falls,0.9364671
A1822,UNCOMMON EXCELLENCE GIRLS CHARTER SCHOOL NYC 794 MONROE ST-3RD FL BROOKLYN,B1380,"Excellence Girls Charter School 794 Monroe Street, 3rd Floor Brooklyn",0.9363689
A2841,GERMANTOWN JUNIOR-SENIOR HIGH SCHOOL 123 MAIN ST GERMANTOWN,B1604,Germantown School 123 Main St Germantown,0.93609303
A4453,TACONIC HILLSJUNIOR/SENIOR HIGH SCHOOL 73 COUNTY RTE 11A CRARYVILLE,B4796,Taconic Hills Junior Senior High 73 County Route 11a Craryville,0.9360744
A855,PS 309 GEORGE E WIBECAN PREPARATORY ACADEMY (THE) 794 MONROE ST BROOKLYN,B3767,P.S. 309 The George E. Wibecan Preparatory Academy 794 Monroe St Brooklyn,0.93600005
A853,PS 262 EL HAJJ MALIK EL SHABAZZ ELEMENTARY SCHOOL 500 MACON ST BROOKLYN,B3733,P.S. 262 El Hajj Malik El Shabazz Elementary School 500 Macon St Brooklyn,0.93599445
A4277,SKANEATELES MIDDLE SCHOOL 35 EAST ST SKANEATELES,B4512,Skaneateles High School 49 E Elizabeth St Skaneateles,0.93589014
A3924,PASADENA ELEMENTARY SCHOOL 3 RICHARD CT PLAINVIEW,B3950,Pasadena Elementary School 3 Richard Court Plainview,0.9358225
A4791,ROBERT HALMI SENIOR ACADEMY OF FILM AND TELEVISION 463 HAWTHORNE AVE YONKERS,B4904,The Robert Halmi Sr. Academy Of Film And Television 501 Hawthorne Avenue Yonkers,0.9357692
A4295,SMITHTOWN HIGH SCHOOL EAST 10 SCHOOL ST SAINT JAMES,B4524,Smithtown High School East Campus 10 School St Saint James,0.9356042
A215,JAMES BALDWIN SCHOOL-A SCHOOL FOR EXPEDITIONARY LRNING 351 W 18TH ST NEW YORK,B2225,"James Baldwin School, The: A School For Expeditionary Learning 351 West 18th Street Manhattan",0.9355736
A1048,MS 158 MARIE CURIE 46-35 OCEANIA ST BAYSIDE,B2576,M.S. 158 Marie Curie 46-35  Oceania St Queens,0.93557066
A1473,JOHN ADAMS HIGH SCHOOL 101-01 ROCKAWAY BLVD OZONE PARK,B2266,John Adams High School 101-01 Rockaway Boulevard Queens,0.93554837
A4119,EMMA E SHERMAN ELEMENTARY SCHOOL 50 AUTHORS AVE HENRIETTA,B1344,Emma E Sherman School 50 Authors Ave Henrietta,0.9355381
A2122,TITUSVILLE INTERMEDIATE 128 MEADOW LN POUGHKEEPSIE,B4965,Titusville Middle School 128 Meadow Lane Poughkeepsie,0.93541044
A2523,ROLLING HILLS SCHOOL 25 MCCULLOCH DR DIX HILLS,B4287,Rolling Hills Elementary Sch 25 Mccullough Dr Dix Hills,0.93535507
A121,CHILDREN'S WORKSHOP SCHOOL (THE) 610 E 12TH ST NEW YORK,B4847,The Children'S Workshop School 610 East 12th Street Manhattan,0.9352632
A1961,NEW YORK CITY CHARTER SCHOOL OF THE ARTS 26 BROADWAY-12TH FL NEW YORK,B2973,New York City Charter School Of The Arts 241 Water Street New York,0.9352293
A821,SOUTH BROOKLYN COMMUNITY HIGH SCHOOL 173 CONOVER ST BROOKLYN,B4550,South Brooklyn Community High School 173 Conover Hs Brooklyn,0.93513685
A1283,HARBOR VIEW SCHOOL (THE) 300 RICHMOND TERR STATEN ISLAND,B4869,The Harbor View School 300 Richmond Terrace Staten Island,0.93509847
A3957,SOUTH SALEM ELEMENTARY SCHOOL 10 NEWBURY RD PORT WASHINGTON,B4065,Port Washington South Salem Elementary 10 Newbury Road Port Washington,0.93495345
A2705,ELLICOTTVILLE ELEMENTARY SCHOOL PO BOX 51 ELLICOTTVILLE,B1324,Ellicottville Elementary School 5873 Route 219 S Ellicottville,0.9348572
A532,URBAN ASSEMBLY SCHOOL FOR APPLIED MATH AND SCIENCE (THE) 1595 BATHGATE AVE BRONX,B5057,"Urban Assembly School For Applied Math And Science, The 1595 Bathgate Avenue Bronx",0.93484175
A3445,JOHN S HOBART ELEMENTARY SCHOOL 230 VAN BUREN ST SHIRLEY,B2284,John Hobart Elementary School Van Buren St Shirley,0.9347925
A2815,RICHARD MANN ELEMENTARY SCHOOL PO BOX 609 WALWORTH,B4214,Richard Mann Elementary School 1366 Waterford Rd Walworth,0.93467915
A2809,GRANBY ELEMENTARY SCHOOL 400 W 7TH ST N FULTON,B1669,Granby Elementary School Rr 1 Box 20a Fulton,0.9344834
A2343,EAST COMMUNITY SCHOOL 820 NORTHAMPTON ST BUFFALO,B1206,East Middle School 1445 Center Rd Buffalo,0.93436855
A3613,NEW LEBANON JUNIOR-SENIOR HIGH SCHOOL 14665 RTE 22 NEW LEBANON,B2960,New Lebanon Jr-Sr High School 14665 Route 22 New Lebanon,0.9343578
A2983,HARRISVILLE ELEMENTARY SCHOOL 14371 PIRATE LN HARRISVILLE,B1808,Harrisville Central School 14371 Pirate Lane Harrisville,0.93422884
A2106,ANDOVER MIDDLE SCHOOL 31-35 ELM ST ANDOVER,B151,Andover Central School 31 Elm St Andover,0.9341739
A1916,BRILLA COLLEGE PREPARATORY CHARTER SCHOOL 413 E 144TH ST BRONX,B476,Brilla College Prep Cs 413 E 144th St Bronx,0.9341508
A4359,HEMPSTEAD ELEMENTARY SCHOOL 80 BRICK CHURCH RD SPRING VALLEY,B1854,Hempstead Elementary School Union And Brick Church Rd Spring Valley,0.9341507
A4387,MINNESAUKE ELEMENTARY SCHOOL PO BOX 9050 EAST SETAUKET,B2817,Minnesauke Elementary School 75 Bennetts Rd East Setauket,0.93414676
A38,DURHAMVILLE SCHOOL 5462 MAIN ST DURHAMVILLE,B1150,Durhamville Elementary School Main Street Durhamville,0.9339453
A2138,AVON MIDDLE SCHOOL 191 CLINTON ST AVON,B215,Avon Jr-Sr High School 245 Clinton Street Ext Avon,0.9339404
A4735,WILSON ELEMENTARY SCHOOL PO BOX 648 WILSON,B5379,Wilson Elementary School 430 Young St Wilson,0.9338864
A63,CAMPBELL-SAVONA JUNIOR/SENIOR HIGH SCHOOL 8455 COUNTY RT 125 CAMPBELL,B676,Campbell-Savona High School 8455 County Road 125 Campbell,0.9337834
A652,PS 89 980 MACE AVE BRONX,B4109,Ps 536 1827 Archer Street Bronx,0.9337065
A888,PS 375 JACKIE ROBINSON SCHOOL 46 MCKEEVER PL BROOKLYN,B3796,P.S. 375 Jackie Robinson School 46 Mckeever Place Brooklyn,0.9336921
A597,IN-TECH ACADEMY (MS/HS 368) 2975 TIBBETTS AVE BRONX,B2106,In-Tech Academy (M.S. / High School 368) 2975 Tibbett Avenue Bronx,0.9336833
A369,COLLEGE ACADEMY (THE) 549 AUDUBON AVE NEW YORK,B4852,The College Academy 549 Audubon Avenue Manhattan,0.93349886
A3908,PITTSFORD SUTHERLAND HIGH SCHOOL 55 SUTHERLAND ST PITTSFORD,B4035,Pittsford Sutherland High Sch 55 Sutherland St Pittsford,0.93326724
A3142,FRANCIS X HEGARTY ELEMENTARY SCHOOL 100 RADCLIFFE RD ISLAND PARK,B1489,Francis X Hegarty Elem School Radcliffe Rd Island Park,0.93325245
A1237,PS 21 MARGARET EMERY-ELM PARK 168 HOOKER PL STATEN ISLAND,B3678,P.S. 21 Margaret Emery-Elm Park 168 Hooker Pl Staten Island,0.93308485
A2232,HORACE MANN SCHOOL 30 COLLEGE ST BINGHAMTON,B1991,Horace Mann Elementary School 30 College Street Binghamton,0.9330176
A2568,FRANKLYN S BARRY PRIMARY SCHOOL 20 RAYMOND AVE CORTLAND,B1507,Franklyn S Barry Elementary School 20 Raymond Ave Cortland,0.9329537
A1092,PS 206 HORACE HARDING SCHOOL (THE) 61-02 98TH ST REGO PARK,B3670,P.S. 206 The Horace Harding School 6102 98th St Rego Park,0.9328766
A4418,SYOSSET SENIOR HIGH SCHOOL 70 S WOODS RD SYOSSET,B4788,Syosset High School 70 Southwoods Rd Syosset,0.9328541
A4404,F P DONNELLY SCHOOL PO BOX 250 CONKLIN,B1485,Fp Donnelly Elementary School Po Box 250 Conklin,0.93279546
A3119,INDIAN RIVER MIDDLE SCHOOL PO BOX 429 PHILADELPHIA,B2114,Indian River Intermediate School 32430 Us Route 11 Philadelphia,0.9327313
A4012,AQUEBOGUE ELEMENTARY SCHOOL 499 MAIN RD AQUEBOGUE,B164,Aquebogue Elementary School 499 Main Rd Riverhead,0.9326439
A3233,M CLIFFORD MILLER MIDDLE SCHOOL 65 FORDING PL RD LAKE KATRINE,B2801,Miller Jr High School 65 Fording Place Rd Lake Katrine,0.93258065
A4170,DOROTHY NOLAN ELEMENTARY SCHOOL 221 JONES RD SARATOGA SPRINGS,B1116,Dorothy Nolan Elementary Sch 221 Jones Rd Saratoga Spgs,0.9324747
A2118,OVERLOOK PRIMARY SCHOOL 11 MAPLEVIEW RD EXT POUGHKEEPSIE,B3180,Overlook Elementary School 164 Overlook Rd Poughkeepsie,0.93244153
A2472,CHESTER ACADEMY-MIDDLE/HIGH SCHOOL 64 HAMBLETONIAN AVE CHESTER,B852,Chester Jr-Sr High School 64 Hambletonian Avenue Chester,0.93241507
A3895,E J RUSSELL ELEMENTARY SCHOOL PO BOX 730 PINE BUSH,B1155,E J Russell Elementary School Holland Ave Pine Bush,0.9324148
A2548,PEMBROKE PRIMARY SCHOOL PO BOX 190 EAST PEMBROKE,B3989,Pembroke Primary School Rt5 & West Ave East Pembroke,0.9324122
A1623,GIRLS PREPARATORY CHARTER SCHOOL OF NEW YORK 1160 BEACH AVE BRONX,B1615,"Girls Preparatory Charter School Of The Bronx-Elementary 681 Kelly Street, Room 205 Bronx",0.93237525
A654,PS 97 1375 MACE AVE BRONX,B4109,Ps 536 1827 Archer Street Bronx,0.9323675
A2039,MANNSVILLE MANOR ELEMENTARY SCHOOL PO BOX 10 MANNSVILLE,B2656,Mannsville Manor Elem School 423 N Main St Mannsville,0.93234193
A1207,EAST ELMHURST COMMUNITY SCHOOL 26-25 97TH ST EAST ELMHURST,B1186,East Elmhurst Community School 26-25 97th St Queens,0.932336
A358,PS 115 ALEXANDER HUMBOLDT 586 W 177TH ST NEW YORK,B3476,P.S. 115 Alexander Humboldt 586 West 177 Street Manhattan,0.932299
A2404,MATTHEW PATERSON ELEMENTARY SCHOOL 100 SOUTH ST PATTERSON,B2723,Matthew Paterson Elem School 100 South Street Patterson,0.9322772
A1270,PS 56 LOUIS DESARIO SCHOOL (THE) 250 KRAMER AVE STATEN ISLAND,B3812,P.S. 56 The Louis Desario School 250 Kramer Avenue Staten Island,0.9322114
A287,FRANK MCCOURT HIGH SCHOOL 145 W 84TH ST NEW YORK,B1493,Frank Mccourt High School 145 West ?84 Street Manhattan,0.93217367
A3694,SAW MILL ROAD SCHOOL 2801 SAW MILL RD NORTH BELLMORE,B4384,Saw Mill Road Elementary Sch 2801 Sawmill Rd North Bellmore,0.9320353
A4223,SCOTIA-GLENVILLE MIDDLE SCHOOL 10 PRESTIGE PKWY SCOTIA,B4443,Scotia Glenville Jr High Sch 10 Prestige Pkwy Scotia,0.93197715
A2211,BERNE-KNOX-WESTERLO ELEMENTARY SCHOOL 1738 HELDERBERG TRAIL BERNE,B363,Berne Elementary School 1738 Helderbert Trail Berne,0.9319627
A1113,JAMAICA CHILDREN'S SCHOOL 109-20 UNION HALL ST JAMAICA,B2221,Jamaica Children'S School 109-20 Union Hall Street Queens,0.93192196
A66,SULLIVAN WEST HIGH SCHOOL AT LAKE HUNTINGTON P O BOX 309 LAKE HUNTINGTON,B4771,Sullivan West High School 6604 State Route 52 Lake Huntington,0.93175757
A3820,OWEGO FREE ACADEMY 1 SHELDON GUILE BLVD OWEGO,B3183,Owego Free Academy High School 1 Sheldon Guile Blvd Owego,0.93162847
A3960,A A KINGSTON MIDDLE SCHOOL 29 LEROY ST POTSDAM,B9,A A Kingston Middle School Outer Lawrence Avenue Potsdam,0.931461
A3959,PORTVILLE JUNIOR-SENIOR HIGH SCHOOL PO BOX 790 PORTVILLE,B4068,Portville Jr-Sr High School 500 Elm St Portville,0.9314234
A1068,FOREST HILLS HIGH SCHOOL 67-01 110TH ST FOREST HILLS,B1461,Forest Hills High School 67-01 110 Street Queens,0.9314071
A917,PS 115 DANIEL MUCATEL SCHOOL 1500 E 92ND ST BROOKLYN,B3477,P.S. 115 Daniel Mucatel School 1500 East 92 Street Brooklyn,0.9313583
A3917,PLAINEDGE MIDDLE SCHOOL 200 STEWART AVE BETHPAGE,B4039,Plainedge Middle School 200 Jerusalem Ave. Bethpage,0.93134695
A4300,SOLVAY ELEMENTARY SCHOOL 701 WOODS RD SOLVAY,B4530,Solvay High School 600 Gertrude Ave Solvay,0.9313191
A1562,PS 723 3540 BIVONA ST BRONX,B4109,Ps 536 1827 Archer Street Bronx,0.93117684
A4047,JOSEPH C WILSON MAGNET HIGH SCHOOL 501 GENESEE ST ROCHESTER,B5381,Wilson Magnet School 501 Genesee St Rochester,0.93112075
A3127,ELMA PRIMARY SCHOOL PO BOX 32 ELMA,B1332,Elma Primary School 711 Rice Rd Elma,0.9310908
A2329,WEST HERTEL ELEMENTARY SCHOOL 489 HERTEL AVE BUFFALO,B4404,"School #094, West Hertel Academy 489 Hertel Avenue Buffalo",0.93100774
A12,BROADALBIN-PERTH JUNIOR-SENIOR HIGH SCHOOL 100 BRIDGE ST BROADALBIN,B481,Broadalbin Perth Jrsr High School 100 Bridge St Broadalbin,0.93090045
A36,BOLIVAR-RICHBURG ELEMENTARY SCHOOL 211 MAIN ST RICHBURG,B437,Bolivar Richburg Elem School Main Street Richburg,0.9308578
A1255,PS 46 ALBERT V MANISCALCO 41 REID AVE STATEN ISLAND,B3325,P.S. 046 Albert V. Maniscalco 41 Reid Ave Staten Island,0.93083286
A3453,MCGRAW SECONDARY SCHOOL 10 W ACADEMY ST MCGRAW,B2732,Mcgraw High School 10 W Academy St Mc Graw,0.93078625
A2610,DOVER ELEMENTARY SCHOOL 9 SCHOOL ST DOVER PLAINS,B1120,Dover Elementary School School Street Dover Plains,0.9307724
A3502,MILFORD CENTRAL SCHOOL PO BOX 237 MILFORD,B2787,Milford Central School 42 W Main St Milford,0.9307641
A4663,WEST ISLIP SENIOR HIGH SCHOOL 1 LION'S PATH WEST ISLIP,B5272,West Islip High School 1 Lions Path West Islip,0.93072885
A3475,HAWKINS PATH SCHOOL 485 HAWKINS RD SELDEN,B1827,Hawkins Path Elementary School 485 Hawkins Rd Selden,0.93070704
A3102,WOODHULL INTERMEDIATE SCHOOL PO BOX 1500 HUNTINGTON,B5402,Woodhull Intermediate School 140 Woodhull Rd Huntington,0.9306481
A564,PS 15 INSTITUTE FOR ENVIRONMENTAL LEARNING 2195 ANDREWS AVE BRONX,B3874,P.S. X015 Institute For Environmental Learning 2195 Andrews Ave Bronx,0.9305696
A4497,GRAND AVENUE ELEMENTARY SCHOOL 711 SCHOOL DR NORTH BALDWIN,B1670,Grand Avenue Elem School 711 School Dr N Baldwin,0.9305562
A3230,JOHN F KENNEDY SCHOOL 107 GROSS ST KINGSTON,B2328,Kennedy Elementary School 107 Gross St Kingston,0.9304521
A299,PS 102 JACQUES CARTIER 315 E 113TH ST NEW YORK,B3445,P.S. 102 Jacques Cartier 315 E 113th St Manhattan,0.93041724
A1191,WILLIAM CULLEN BRYANT HIGH SCHOOL 48-10 31ST AVE LONG ISLAND CITY,B5343,William Cullen Bryant High School 48-10 31st Avenue Queens,0.9304137
A586,PS 315 LAB SCHOOL 2865 CLAFLIN AVE BRONX,B3771,P.S. 315 Lab School 2246 Jerome Ave Bronx,0.9303854
A280,ANDERSON SCHOOL (THE) 100 W 77TH ST NEW YORK,B4828,The Anderson School 100 W. 77th. Street Manhattan,0.93034124
A1697,PS 177 MARLBORO (THE) 346 AVE P BROOKLYN,B3607,P.S. 177 The Marlboro 346 Avenue P Brooklyn,0.9303297
A2676,PINE GROVE MIDDLE SCHOOL 101 SPARTAN WAY EAST SYRACUSE,B4022,"Pine Grove Middle School 101 Spartan Wy, East Syracuse",0.93032134
A711,PS 57 CRESCENT 2111 CROTONA AVE BRONX,B4109,Ps 536 1827 Archer Street Bronx,0.9302906
A3840,BARTON ELEMENTARY SCHOOL 199 BARTON AVE PATCHOGUE,B281,Barton Avenue Elem School 199 Barton Ave Patchogue,0.9300558
A1593,PS 753 SCHOOL FOR CAREER DEVELOPMENT 510 CLERMONT AVE BROOKLYN,B3849,P.S. K753 - School For Career Development 510 Clermont Avenue Brooklyn,0.93002295
A1751,PS 255 BARBARA REING SCHOOL 1866 E 17TH ST BROOKLYN,B3730,P.S. 255 Barbara Reing School 1866 E 17th St Brooklyn,0.9299587
A3476,HOLBROOK ROAD SCHOOL 170 HOLBROOK AVE CENTEREACH,B1950,Holbrook Road Elem School 170 Holbrook Rd Centereach,0.92988956
A774,MS 113 RONALD EDMONDS LEARNING CENTER 300 ADELPHI ST BROOKLYN,B2572,M.S. 113 Ronald Edmonds Learning Center 300 Adelphi Street Brooklyn,0.9298806
A74,GENESEE COMMUNITY CHARTER SCHOOL 657 EAST AVE ROCHESTER,B4264,Rochester Academy Charter School 841 Genesee Street Rochester,0.92987335
A4484,TULLY ELEMENTARY SCHOOL 20 STATE ST TULLY,B4999,Tully Junior-Senior High School 20 State St Tully,0.9298452
A4429,HURLBUT W SMITH K-8 SCHOOL 1130 SALT SPRINGS RD SYRACUSE,B1748,H W Smith Pre-K-8 School 1130 Salt Springs Rd Syracuse,0.92963684
A2832,GENERAL BROWN JUNIOR-SENIOR HIGH SCHOOL 17643 CEMETERY RD DEXTER,B1576,General Brown Jr-Sr High Sch 17643 Cemetery Rd Dexter,0.9296173
A1732,JHS 278 MARINE PARK 1925 STUART ST BROOKLYN,B2209,J.H.S. 278 Marine Park 1925 Stuart St Brooklyn,0.92957574
A1302,BROOKLYN EXCELSIOR CHARTER SCHOOL 856 QUINCY ST BROOKLYN,B784,Central Brooklyn Ascend Charter School 465 E 29th St Brooklyn,0.92952394
A734,SCHOOL OF SCIENCE AND APPLIED LEARNING (THE) 2050 PROSPECT AVE BRONX,B4910,The School Of Science And Applied Learning 2050 Prospect Avenue Bronx,0.9294496
A373,A PHILIP RANDOLPH CAMPUS HIGH SCHOOL 433 W 135TH ST NEW YORK,B18,A. Philip Randolph Campus High School 433 W 135th Street Manhattan,0.92944086
A4271,SIDNEY ELEMENTARY SCHOOL 15 PEARL ST E SIDNEY,B4502,Sidney High School 95 W Main St Sidney,0.92937905
A1808,BROWNSVILLE COLLEGIATE  CHARTER SCHOOL 140 MONTROSE AVE BROOKLYN,B614,Brownsville Ascend Charter School 1501 Pitkin Ave Brooklyn,0.92934704
A411,PS 179 468 E 140TH ST BRONX,B4109,Ps 536 1827 Archer Street Bronx,0.9292618
A4340,SOUTHERN CAYUGA ELEMENTARY SCHOOL 2384 RT 34B AURORA,B4581,Southern Cayuga Junior/High School 2384 Route 34b Aurora,0.92919517
A3636,NATHAN T HALL SCHOOL PO BOX 547 NEWARK VALLEY,B2919,Nathan T Hall Elem School 86 Whig St Newark Valley,0.92914605
A2262,EAST ELEMENTARY SCHOOL 50 TIMBERLINE DR BRENTWOOD,B1204,East Middle School 70 Hilltop Dr Brentwood,0.92913234
A3124,IROQUOIS SENIOR HIGH SCHOOL PO BOX 32 ELMA,B2145,Iroquois Senior High School 2111 Girdle Road Elma,0.92899853
A311,RIVER EAST ELEMENTARY 2351 1ST AVE NEW YORK,B4229,River East Elementary 508 East 120 St Manhattan,0.9289588
A4209,ONEIDA MIDDLE SCHOOL 1629 ONEIDA ST SCHENECTADY,B3122,Oneida Middle School 1529 Oneida Street Schenectady,0.92889506
A916,PS 114 RYDER ELEMENTARY 1077 REMSEN AVE BROOKLYN,B3475,P.S. 114 Ryder Elementary 1077 Remsen Avenue Brooklyn,0.9287857
A2572,EDENWALD SCHOOL PO BOX 8 PLEASANTVILLE,B1238,Edenwald School 1075 Broadway Pleasantville,0.9287175
A2641,JOHN M MARSHALL ELEMENTARY SCHOOL 3 GINGERBREAD LN EAST HAMPTON,B2292,John M Marshall Elem School 3 Gingerbread Ln East Hampton,0.92864704
A123,EARTH SCHOOL 600 E 6TH ST NEW YORK,B1177,Earth School 600 East 6 Street Manhattan,0.92862475
A4531,VALLEY STREAM CENTRAL HIGH SCHOOL 135 FLETCHER AVE VALLEY STREAM,B5098,Valley Stream Central High Sch 135 Fletcher Ave Valley Stream,0.9286245
A1139,PS/MS 147 RONALD MCNAIR 218-01 116TH AVE CAMBRIA HEIGHTS,B4118,Ps/Ms 147 Ronald Mcnair 218-01 116 Avenue Queens,0.92843634
A42,OTTO L SHORTELL MIDDLE SCHOOL BOX 716 WAMPSVILLE,B3153,"Otto Shortell Middle School Markell Drive, P.O. Box 716 Wampsville",0.9283493
A1677,PS 748 BROOKLYN SCHOOL FOR GLOBAL SCHOLARS 1664 BENSON AVE BROOKLYN,B3824,P.S. 748 Brooklyn School For Global Scholars 1664 Benson Avenue Brooklyn,0.928349
A3808,ROOSEVELT SCHOOL 190 CROTON AVE OSSINING,B4299,Roosevelt Education Center 190 Croton Avenue Ossining,0.9282946
A69,CATTARAUGUS-LITTLE VALLEY HIGH SCHOOL 25 N FRANKLIN ST CATTARAUGUS,B757,Cattaraugus-Little Valley Hs 25 N Franklin St Cattaraugus,0.9282473
A1753,PS 203 FLOYD BENNETT SCHOOL 5101 AVE M BROOKLYN,B3661,P.S. 203 Floyd Bennett School 5101 Avenue M Brooklyn,0.9282372
A300,PS 108 ASSEMBLYMAN ANGELO DEL TORO EDUCATIONAL COMPLEX 1615 MADISON AVE NEW YORK,B3458,P.S. 108 Assemblyman Angelo Del Toro Educational Complex 1615 Madison Ave Manhattan,0.92813945
A1568,PS 721 BROOKLYN OCCUPATIONAL TRAINING CENTER 64 AVE X BROOKLYN,B3848,P.S. K721 - Brooklyn Occupational Training Center 64 Avenue X Brooklyn,0.9281267
A1279,STATEN ISLAND SCHOOL OF CIVIC LEADERSHIP 280 REGIS DR STATEN ISLAND,B4741,Staten Island School Of Civic Leadership 280 Regis Drive Staten Island,0.9280021
A2587,JOHN QUINCY ADAMS PRIMARY SCHOOL 172 OLD COUNTRY RD DEER PARK,B2297,John Quincy Adams Elem School 172 Old Country Rd Deer Park,0.92795736
A2617,DRYDEN ELEMENTARY SCHOOL PO BOX 88 DRYDEN,B1138,Dryden Elementary School 36 Union Street Dryden,0.92792565
A3240,TRUMAN ELEMENTARY SCHOOL 15 INNER DR LACKAWANNA,B4995,Truman Elementary School 15 Inner Dr Buffalo,0.9278768
A2519,BURR INTERMEDIATE SCHOOL PO BOX 150 COMMACK,B632,Burr Intermediate School 202 Burr Rd Commack,0.9278053
A3494,MIDDLEBURGH ELEMENTARY SCHOOL PO BOX 606 MIDDLEBURGH,B2773,Middleburgh Elementary School 245 Main St Middleburgh,0.92776185
A3537,GEORGE L COOKE SCHOOL 69 RICHARDSON AVE MONTICELLO,B975,Cooke Elementary School 69 Richardson Ave Monticello,0.9277273
A1524,ROCKAWAY COLLEGIATE HIGH SCHOOL 100-00 BEACH CHANNEL DR ROCKAWAY PARK,B4270,Rockaway Collegiate High School 100-00 Beach Channel Dr Queens,0.9276636
A814,PS 24 427 38TH ST BROOKLYN,B4111,Ps 936 270 59th Street Brooklyn,0.9276576
A660,PS 112 BRONXWOOD 1925 SCHEIFFELIN AVE BRONX,B4109,Ps 536 1827 Archer Street Bronx,0.92758584
A3689,MARION G VEDDER ELEMENTARY SCHOOL 794 DEER PARK AVE NORTH BABYLON,B5114,Vedder Elementary School 794 Deer Park Ave North Babylon,0.92758024
A2795,COLUMBUS AVENUE SCHOOL 150 N COLUMBUS AVE FREEPORT,B936,Columbus Ave School Columbus Avenue Freeport,0.9275577
A3877,PENFIELD SENIOR HIGH SCHOOL 25 HIGH SCHOOL DR PENFIELD,B3990,Penfield High School 25 Highschool Dr Penfield,0.92747736
A4719,WILLIAMSON ELEMENTARY SCHOOL PO BOX 900 WILLIAMSON,B5366,Williamson Elementary School 6036 Highland Ave Williamson,0.9274738
A2428,MARGUERITE L MULVEY SCHOOL 44 E CHERRY ST CENTRAL ISLIP,B2894,Mulvey Elementary School 44 Cherry St Central Islip,0.92746115
A310,TAG YOUNG SCHOLARS 240 E 109TH ST NEW YORK,B4799,Tag Young Scholars 240 East 109 Street Manhattan,0.9273081
A4457,WASHINGTON IRVING INTERM SCHOOL 103 S BROADWAY TARRYTOWN,B5196,Washington Irving Intermediate School 103 South Broadway Tarrytown,0.9272236
A3390,MALONE MIDDLE SCHOOL 15 FRANCIS ST MALONE,B2632,Malone Middle School Webster St Malone,0.9272186
A931,BROOKLYN COMMUNITY HIGH SCHOOL FOR EXCELLENCE AND EQUITY 6565 FLATLANDS AVE BROOKLYN,B1183,East Brooklyn Community High School 7517 Kings Highway Brooklyn,0.9271041
A4020,SCHOOL 15-CHILDREN'S SCHOOL OF ROCHESTER (THE) 85 HILLSIDE AVE ROCHESTER,B4406,School #15- Children'S School Of Rochester 494 Averill Ave Rochester,0.92707694
A1033,BAYSIDE HIGH SCHOOL 32-24 CORP KENNEDY ST BAYSIDE,B298,Bayside High School 32-24 Corporal Kennedy Street Queens,0.92680115
A314,CENTRAL PARK EAST II 433 E 100TH ST NEW YORK,B788,Central Park East Ii 19 East 103 Street Manhattan,0.92675215
A575,PS 46 EDGAR ALLAN POE 2760 BRIGGS AVE BRONX,B3328,P.S. 046 Edgar Allan Poe 279 East 196 St Bronx,0.92667323
A3521,MINISINK VALLEY INTERMEDIATE SCHOOL PO BOX 217 SLATE HILL,B2816,Minisink Valley Middle School 2320 Route 6 Slate Hill,0.92663646
A4007,RICHFIELD SPRINGS JUNIOR/SENIOR HIGH SCHOOL 93 MAIN ST RICHFIELD SPRINGS,B4217,Richfield Springs Central School 93 Main St Richfield Springs,0.9265687
A2945,HALF HOLLOW HILLS HIGH SCHOOL WEST 375 WOLF HILL RD DIX HILLS,B1757,Half Hollow Hills High Sch-W 375 Wolf Hill Rd Dix Hills,0.9265011
A1160,INSTITUTE FOR HEALTH PROFESSIONS AT CAMBRIA HEIGHTS 207-01 116TH AVE CAMBRIA HEIGHTS,B2121,Institute For Health Professions At Cambria Heights 207-01 116th Ave Queens,0.92639315
A3683,IROQUOIS MIDDLE SCHOOL 2495 ROSENDALE RD SCHENECTADY,B2142,Iroquois Middle School 2495 Rosendale Rd Niskayuna,0.9262951
A3872,SIWANOY SCHOOL 489 SIWANOY PL PELHAM,B4510,Siwanoy Elementary School 489 Siwanoy Place Pelham,0.926204
A2017,NEW DAWN CHARTER HIGH SCHOOL II 89-25 161ST ST JAMAICA,B2946,New Dawn Charter School Ii (Queens) 89-25 161st Street Jamaica,0.92607933
A3878,SCRIBNER ROAD ELEMENTARY SCHOOL 1750 SCRIBNER RD PENFIELD,B4445,Scribner Road Elem School 1750 Scribner Rd Penfield,0.925998
A2264,BRENTWOOD HIGH SCHOOL FRESHMAN CAMPUS 33 LEAHY AVE BRENTWOOD,B458,Brentwood High School 1 S 5th Ave Brentwood,0.92597175
A2725,STEWART MANOR SCHOOL 38 STEWART AVE STEWART MANOR,B4750,Stewart Manor Elem School 38 Stewart Ave Garden City,0.9259519
A3290,ABBEY LANE SCHOOL 239 GARDINERS AVE LEVITTOWN,B21,Abbey Lane Elementary School 239 Gardners Ave Levittown,0.9259056
A209,URBAN ASSEMBLY SCHOOL OF BUSINESS FOR YOUNG WOMEN 26 BROADWAY NEW YORK,B5062,"Urban Assembly School Of Business For Young Women, The 26 Broadway Manhattan",0.92574954
A563,PS 306 40 W TREMONT AVE BRONX,B4109,Ps 536 1827 Archer Street Bronx,0.92567694
A2887,SADDLE ROCK SCHOOL 10 HAWTHORNE LN GREAT NECK,B4340,Saddle Rock Elementary School 10 Hawthorne Ln Great Neck,0.9256766
A2154,DONALD S RAY SCHOOL 7650 VAN BUREN RD BALDWINSVILLE,B4175,Ray Middle School 7650 Van Buren Rd Baldwinsville,0.9255351
A1051,IRWIN ALTMAN MIDDLE SCHOOL 172 81-14 257TH ST FLORAL PARK,B2148,Irwin Altman Middle School 172 81-14 257 Street Queens,0.92544335
A392,INWOOD EARLY COLLEGE FOR HEALTH AND INFORMATION TECHNOLOGIES 650 ACADEMY ST NEW YORK,B2137,Inwood Early College For Health And Information Technology 650 Academy Street Manhattan,0.9253012
A1286,KATHLEEN GRIMM SCHOOL FOR LEADERSHIP 644 BLOOMINGDALE RD STATEN ISLAND,B4879,The Kathleen Grimm School For Leadership And Sustainability 644 Bloomingdale Road Staten Island,0.9253
A2694,EDGEMONT JUNIOR-SENIOR HIGH SCHOOL 200 WHITE OAK LN SCARSDALE,B1239,Edgemont Jr.-Sr. High School 200 White Oak Lane Scarsdale,0.92528415
A3541,MILLARD FILLMORE ELEMENTARY SCHOOL PO BOX 1188 MORAVIA,B2793,Millard Fillmore Elementary School 24 S Main St Moravia,0.92523754
A3956,PAUL D SCHREIBER SENIOR HIGH SCHOOL 101 CAMPUS DR PORT WASHINGTON,B3956,Paul D Schreiber High School 101 Campus Dr Port Washingtn,0.92516387
A1527,VOYAGES PREP-SOUTH QUEENS 156-10 BAISLEY BLVD JAMAICA,B5148,Voyages Prep - South Queens 156-10 Baisley Boulevard Queens,0.92515266
A499,PS 88 S SILVERSTEIN LITTLE SPARROW SCHOOL 1340 SHERIDAN AVE BRONX,B3877,P.S. X088 - S. Silverstein Little Sparrow School 1340 Sheridan Ave Bronx,0.925089
A2239,BLOOMFIELD ELEMENTARY SCHOOL PO BOX 220 BLOOMFIELD,B407,Bloomfield Elementary School 45 Maple Ave Bloomfield,0.9250239
A3518,MINISINK VALLEY HIGH SCHOOL PO BOX 217-RT 6 SLATE HILL,B2816,Minisink Valley Middle School 2320 Route 6 Slate Hill,0.9249459
A2958,HAMILTON JUNIOR-SENIOR HIGH SCHOOL 47 W KENDRICK AVE HAMILTON,B1762,Hamilton Central School 47 W Kendrick Ave Hamilton,0.9249021
A3673,NIAGARA-WHEATFIELD SENIOR HIGH SCHOOL 2292 SAUNDERS STLMNT RD SANBORN,B2999,Niagara-Wheatfield Sr High Sch 2292 Saunders Settlement Rd Sanborn,0.9248783
A2844,DEASY SCHOOL 2 DOSORIS LN GLEN COVE,B1057,Deasy Elementary School 2 Dosoris Ln Glen Cove,0.9248496
A4591,TAFT ELEMENTARY SCHOOL 20 TOLEMAN RD WASHINGTONVILLE,B4798,Taft Elementary School 50 Toleman Rd Washingtonvle,0.92480886
A233,UNION SQUARE ACADEMY FOR HEALTH SCIENCES 40 IRVING PL NEW YORK,B5021,Union Square Academy For Health Sciences 40 Irving Place Manhattan,0.9247983
A3054,HOLLAND PATENT ELEMENTARY SCHOOL 9601 MAIN ST HOLLAND PATENT,B1954,Holland Patent Elem School 7940 Elm St Holland Patent,0.9247387
A3403,MANHASSET SECONDARY SCHOOL 200 MEMORIAL PL MANHASSET,B2640,Manhasset Hs - Secondary School 200 Memorial Pl Manhasset,0.924687
A4213,SCHOHARIE HIGH SCHOOL PO BOX 430 SCHOHARIE,B4400,Schoharie High School 136 Academy Drive Schoharie,0.9246042
A2751,HARVEY C FENNER ELEMENTARY SCHOOL 2 EAST AVE N FALCONER,B1422,Fenner Elementary School East Ave Falconer,0.9245779
A4458,SLEEPY HOLLOW MIDDLE SCHOOL 210 N BROADWAY NORTH TARRYTOWN,B4514,Sleepy Hollow Middle & High School 210 North Broadway Sleepy Hollow,0.92450404
A1586,PS 811 1434 LONGFELLOW AVE BRONX,B4109,Ps 536 1827 Archer Street Bronx,0.92447436
A2730,ELWOOD MIDDLE SCHOOL 478 ELWOOD RD ELWOOD,B1341,Elwood Middle School 478 Elwood Rd East Northport,0.92445976
A1389,URBAN ASSEMBLY SCHOOL FOR COLLABORATIVE HEALTHCARE (THE) 999 JAMAICA AVE BROOKLYN,B4920,The Urban Assembly School For Collaborative Health 999 Jamaica Ave Brooklyn,0.9244392
A3581,BLYTHEDALE SCHOOL 95 BRADHURST AVE VALHALLA,B2879,Mount Pleasant Blythedale School 95 Bradhurst Ave Valhalla,0.92442566
A664,PS 153 HELEN KELLER 650 BAYCHESTER AVE BRONX,B3556,P.S. 153 Helen Keller 650 Baychester Avenue Bronx,0.9243813
A3517,MINISINK VALLEY ELEMENTARY SCHOOL PO BOX 217 SLATE HILL,B2816,Minisink Valley Middle School 2320 Route 6 Slate Hill,0.9243187
A500,PS 109 SEDGWICK 1771 POPHAM AVE BRONX,B3463,P.S. 109 Sedgwick 1771 Popham Ave Bronx,0.924316
A1204,ACADEMY FOR CAREERS IN TELEVISION AND FILM 1-50 51ST AVE LONG ISLAND CITY,B39,Academy For Careers In Television And Film 1-50 51st Avenue Queens,0.9242911
A256,PS 149 SOJOURNER TRUTH 41 W 117TH ST NEW YORK,B3545,P.S. 149 Sojourner Truth 41 West 117th St Manhattan,0.92411166
A117,NEW EXPLORATIONS INTO SCIENCETECH AND MATH HIGH SCHOOL 111 COLUMBIA ST NEW YORK,B2952,"New Explorations Into Science, Technology And Math High School 111 Columbia Street Manhattan",0.9240296
A2967,HANCOCK JUNIOR-SENIOR HIGH SCHOOL 67 EDUCATION LN HANCOCK,B1774,Hancock Jr-Sr High School 67 Education Lane Hancock,0.92399716
A1506,MS 137 AMERICA'S SCHOOL OF HEROES 109-15 98TH ST OZONE PARK,B2575,M.S. 137 America'S School Of Heroes 10901 98th St Ozone Park,0.92398155
A3896,PAKANASINK ELEMENTARY SCHOOL PO BOX 148 CIRCLEVILLE,B3913,Pakanasink Elementary School Rt 302 Circleville,0.9239737
A4238,ELMONT MEMORIAL HIGH SCHOOL 555 RIDGE RD ELMONT,B1335,Elmont Mem Jr-Sr High School 555 Ridge Rd Elmont,0.9239319
A313,ISAAC NEWTON MIDDLE SCHOOL FOR MATH AND SCIENCE 260 PLEASANT AVE NEW YORK,B2150,Isaac Newton Middle School For Math & Science 260 Pleasant Avenue Manhattan,0.92381895
A1110,JAMAICA GATEWAY TO THE SCIENCES 167-01 GOTHIC DR JAMAICA,B2222,Jamaica Gateway To The Sciences 16701 Gothic Dr Jamaica,0.9237267
A1012,PS 28 THOMAS EMANUEL EARLY CHILDHOOD CENTER (THE) 109-10 47TH AVE CORONA,B3746,P.S. 28 - The Thomas Emanuel Early Childhood Center 109 10 47th Avenue Corona,0.9237151
A1280,PS 74 FUTURE LEADERS ELEMENTARY SCHOOL 211 DANIEL LOW TERR STATEN ISLAND,B3823,P.S. 74 Future Leaders Elementary School 211 Daniel Low Terrace Staten Island,0.92371327
A64,MATTITUCK JUNIOR-SENIOR HIGH SCHOOL PO BOX 1438 MATTITUCK,B2724,Mattituck Jr-Sr High School 15125 Main Rd Mattituck,0.9235171
A1301,WILLIAMSBURG CHARTER HIGH SCHOOL 198 VARET ST BROOKLYN,B5365,Williamsburg Preparatory School 257 N 6th Street Brooklyn,0.9235071
A29,COBLESKILL-RICHMONDVILLE HIGH SCHOOL PO BOX 269 RICHMONDVILLE,B915,Cobleskill-Richmondville High School 1353 State Rte 7 Richmondville,0.92349184
A1676,SCHOOL OF MATH SCIENCE AND HEALTHY LIVING 6214 4TH AVE BROOKLYN,B4422,"School Of Math, Science, And Healthy Living 6214 4th Avenue New York",0.923489
A2541,COPIAGUE MIDDLE SCHOOL 2650 GREAT NECK RD COPIAGUE,B979,Copiague High School 1100 Dixon Ave Copiague,0.92343354
A3539,MONTICELLO HIGH SCHOOL 39 BREAKEY AVE MONTICELLO,B2838,Monticello Middle School 25 Saint John St Monticello,0.923421
A750,SCIENCE SKILLS CENTER HIGH SCHOOL 49 FLATBUSH AVE EXT BROOKLYN,B4438,"Science Skills Center High School For Science, Technology And The Creative Arts 49 Flatbush Avenue E",0.9233937
A3094,HUNTER ELEMENTARY SCHOOL PO BOX 317 HUNTER,B2021,Hunter Elementary School 7794 Main Street Hunter,0.9232696
A1522,ROCKAWAY PARK HIGH SCHOOL FOR ENVIRONMENTAL SUSTAINABILITY 100-00 BEACH CHANNEL DR ROCKAWAY PARK,B4271,Rockaway Park High School For Environmental Sustainability 100-00 Beach Channel Drive Queens,0.9231506
A589,PS 340 25 W 195TH ST BRONX,B4109,Ps 536 1827 Archer Street Bronx,0.92310995
A2861,MIDDLESEX VALLEY ELEMENTARY SCHOOL 149 RT 245 RUSHVILLE,B2775,Middlesex Valley Elem School 149 Ny State Route 245 Rushville,0.9229921
A2546,PEMBROKE INTERMEDIATE SCHOOL PO BOX 308 CORFU,B3987,Pembroke Intermediate School 58 Alleghany Rd Corfu,0.92282426
A3162,NORTHEAST SCHOOL 425 WINTHROP DR ITHACA,B3041,Northeast Elementary School Winthrop Dr Ithaca,0.9227698
A3668,LASALLE PREPARATORY SCHOOL 7436 BUFFALO AVE NIAGARA FALLS,B2392,La Salle Prepatory School 7436 Buffalo Ave Niagara Falls,0.9226018
A4739,GEORGE W HEWLETT HIGH SCHOOL 60 EVERIT AVE HEWLETT,B1885,Hewlett High School 60 Everit Ave Hewlett,0.9225245
A1206,HUNTERS POINT COMMUNITY MIDDLE SCHOOL 1-50 51ST AVE LONG ISLAND CITY,B2023,Hunters Point Community Middle School 1-50 51st Ave Queens,0.9224946
A4638,JOHN F KENNEDY SCHOOL 175 BROOKVALE AVE WEST BABYLON,B2330,Kennedy Elementary School 175 Brookvale Ave West Babylon,0.92244464
A1428,JOHN BOWNE HIGH SCHOOL 63-25 MAIN ST FLUSHING,B2267,John Bowne High School 63-25 Main St Queens,0.9224423
A2206,REINHARD EARLY CHILDHOOD CENTER 2750 S ST MARK'S AVE BELLMORE,B4193,Reinhard Early Childhood Ctr. 2750 S Saint Marks Ave Bellmore,0.9222807
A1682,DETECTIVE WENJIAN LIU SCHOOL OF CIVICS AND ENTREPRENERUSHIP 6312 13TH AVE BROOKLYN,B4854,The Detective Wenjian Liu School Of Civics And Entrepreneurship 6312 13th Ave Brooklyn,0.9221695
A3277,LAWRENCE EARLY CHILDHOOD CENTER AT #4 SCHOOL 87 WANSER AVE INWOOD,B1,#4 Early Childhood Center 87 Wanser Ave Inwood,0.9221056
A3469,MEXICO ELEMENTARY SCHOOL 26 ACADEMY ST MEXICO,B2764,Mexico High School 3338 Main St Mexico,0.92196673
A4388,NASSAKEAG ELEMENTARY SCHOOL PO BOX 9050 EAST SETAUKET,B2916,Nassakeag Elementary School 490 Pond Path East Setauket,0.9219443
A3143,ISLAND PARK LINCOLN ORENS MIDDLE SCHOOL 150 TRAFALGAR BLVD ISLAND PARK,B2501,Lincoln Orens School Trafalgar Blvd Island Park,0.9218451
A1567,PS 811 CONNIE LEKAS SCHOOL 2525 HARING ST BROOKLYN,B3851,P.S. K811 Connie Lekas School 2525 Haring Street Brooklyn,0.92168266
A1597,PS 188 770 GROTE ST BRONX,B4109,Ps 536 1827 Archer Street Bronx,0.92149
A3769,SCHOOL 9M-OCEANSIDE MIDDLE SCHOOL 186 ALICE AVE OCEANSIDE,B3098,Oceanside Middle School 186 Alice Ave Oceanside,0.9214471
A1835,BROOKLYN DREAMS CHARTER SCHOOL 259 PARKVILLE AVE BROOKLYN,B605,Brooklyn Urban Garden Charter School 500 Nineteenth St Brooklyn,0.92142725
A3707,HAROLD D FAYETTE SCHOOL 1057 MERRICK AVE NORTH MERRICK,B1415,Fayette Elementary School 1057 Merrick Ave N Merrick,0.92133355
A4507,GENERAL HERKIMER ELEMENTARY SCHOOL 420 KEYES RD UTICA,B1578,General Herkimer Elem School 420 Keyes Rd Utica,0.9213283
A174,NYC MUSEUM SCHOOL 333 W 17TH ST NEW YORK,B2910,N.Y.C. Museum School 333 W 17th Street Manhattan,0.92118585
A107,STAR ACADEMY PS 63 (THE) 121 E 3RD ST NEW YORK,B4914,The Star Academy - P.S.63 121 E 3rd St Manhattan,0.92117107
A402,PS/MS 29 MELROSE SCHOOL 758 COURTLANDT AVE BRONX,B3901,P.S./M.S. 029 Melrose School 758 Courtlandt Avenue Bronx,0.9209049
A3637,NEWARK VALLEY MIDDLE SCHOOL PO BOX 547 NEWARK VALLEY,B2982,Newark Valley Middle School 88 Whig St Newark Valley,0.92089206
A4283,THEODORE ROOSEVELT SCHOOL 2495 WILLIAM ST CHEEKTOWAGA,B4938,Theodore Roosevelt Elem School 2495 William St Buffalo,0.9207099
A2767,FONDA-FULTONVILLE 5-8 SCHOOL PO BOX 1501 FONDA,B1450,Fonda-Fultonville 5-8 School 112 Old Johnstown Rd Fonda,0.92067426
A3443,TANGIER SMITH ELEMENTARY SCHOOL 336 BLANCO DR MASTIC BEACH,B4807,Tangier Smith Elem School 336 Blanco Dr Mastic Beach,0.92066896
A3569,PENNINGTON SCHOOL 20 FAIRWAY AVE MOUNT VERNON,B3995,Pennington School 20 Fairway Mount Vernon,0.920582
A979,GROVER CLEVELAND HIGH SCHOOL 21-27 HIMROD ST RIDGEWOOD,B1731,Grover Cleveland High School 21-27 Himrod Street Queens,0.92045933
A1592,PS 17 778 FOREST AVE BRONX,B4109,Ps 536 1827 Archer Street Bronx,0.92033696
A3007,DAVID PATERSON SCHOOL 40 FULTON AVE HEMPSTEAD,B1050,David Patterson School 40 Fulton Ave Hempstead,0.9202483
A1836,UNCOMMON BROWNSVILLE SOUTH CHARTER SCHOOL NYC 985 ROCKAWAY AVE-3RD FL BROOKLYN,B617,Brownsville South Elementary School 985 Rockaway Ave Brooklyn,0.92016745
A3254,LAKELAND-COPPER BEECH MIDDLE SCHOOL 3417 OLD YORKTOWN RD YORKTOWN HEIGHTS,B2405,"Lakeland Copper Beech Middle School 3401 Old Yorktown Road, Route 132 Shrub Oak",0.92011714
A3940,PARK AVENUE SCHOOL PARK AVE PORT CHESTER,B3930,Park Avenue Elementary School 75 Park Ave Port Chester,0.9200871
A473,BRONX ACADEMY FOR MULTI-MEDIA 730 BRYANT AVE BRONX,B4539,South Bronx Academy For Applied Media 778 Forest Avenue Bronx,0.9199257
A2113,ARKPORT CENTRAL SCHOOL PO BOX 70 ARKPORT,B178,Arkport Central School 35 East Ave Arkport,0.9199035
A4718,WILLIAMSON MIDDLE SCHOOL PO BOX 900 WILLIAMSON,B5367,Williamson Middle School 4184 Miller St Williamson,0.91989356
A2266,HENRY H WELLS MIDDLE SCHOOL 570 RT 312 BREWSTER,B5248,Wells Middle School 570 Route 312 Brewster,0.91988814
A2432,BREWERTON ELEMENTARY SCHOOL 44 SCHOOL DR CENTRAL SQUARE,B460,Brewerton Elementary School 9530 Brewerton Rd Brewerton,0.91987807
A1670,PS 69 VINCENT D GRIPPO SCHOOL 6302 9TH AVE BROOKLYN,B3820,P.S. 69 Vincent D. Grippo School 6302 9th Avenue Brooklyn,0.9198686
A1247,PS 35 CLOVE VALLEY SCHOOL (THE) 60 FOOTE AVE STATEN ISLAND,B3786,P.S. 35 The Clove Valley School 60 Foote Ave Staten Island,0.91986173
A922,PS 233 LANGSTON HUGHES 9301 AVE B BROOKLYN,B3706,P.S. 233 Langston Hughes 9301 Avenue B Brooklyn,0.919788
A2697,EDMESTON CENTRAL SCHOOL PO BOX 5129 EDMESTON,B1245,Edmeston Central School 11 North St Edmeston,0.91971046
A2018,VALENCE COLLEGE PREPARATORY CHARTER SCHOOL 97-29 64TH RD REGO PARK,B5091,Valence College Prep Charter School 97-29 64th Road Queens,0.91967195
A1968,NYC AUTISM CHARTER SCHOOL BRONX 1180 TINTON AVE BRONX,B3079,Nyc Autism Charter Schools 433 East 100th Street New York,0.91963965
A2334,SOUTHSIDE ELEMENTARY SCHOOL 430 SOUTHSIDE PKWY BUFFALO,B4551,South Buffalo Charter School 154 South Ogden Street Buffalo,0.9195999
A3052,GENERAL WILLIAM FLOYD ELEMENTARY SCHOOL 9601 MAIN ST HOLLAND PATENT,B1575,Gen William Floyd Elem School 9601 Main St Holland Patent,0.9195908
A1742,PS 198 4105 FARRAGUT RD BROOKLYN,B4111,Ps 936 270 59th Street Brooklyn,0.91954404
A2584,DERUYTER HIGH SCHOOL 711 RAILROAD ST DERUYTER,B1084,Deruyter High School 711 Railroad St De Ruyter,0.9194652
A490,PS 28 MOUNT HOPE 1861 ANTHONY AVE BRONX,B4109,Ps 536 1827 Archer Street Bronx,0.9193725
A1725,PS 245 249 E 17TH ST BROOKLYN,B4111,Ps 936 270 59th Street Brooklyn,0.9193133
A4847,DREAM CHARTER SCHOOL HIGHBRIDGE 1162 RIVER AVE BRONX,B1134,Dream Charter School Mott Haven 20 Bruckner Blvd Bronx,0.91921926
A2455,CHAZY CENTRAL RURAL ELEMENTARY SCHOOL 609 MINER FARM RD CHAZY,B832,Chazy Union Free School 609 Miner Farm Road Chazy,0.9192085
A3651,NEWCOMB CENTRAL SCHOOL 5535 RT 28N NEWCOMB,B2988,Newcomb Central School Rr 28 Newcomb,0.9190135
A2359,BYRAM HILLS HIGH SCHOOL 12 TRIPP LN ARMONK,B649,Byram Hills High School 12 Tripp Lane Armonk,0.91895264
A1913,UNCOMMON CANARSIE CHARTER SCHOOL NYC 1070 E 104TH ST BROOKLYN,B682,Canarsie Ascend Charter School 9719 Flatlands Ave Brooklyn,0.9188502
A127,FORSYTHE SATELLITE ACADEMY 198 FORSYTH ST NEW YORK,B1468,Forsyth Satellite Academy 198 Forsyth Street Manhattan,0.9188196
A2601,DEPOSIT MIDDLE-SENIOR HIGH SCHOOL 171 2ND ST DEPOSIT,B1083,Deposit Jr & Sr High School 171 2nd St Deposit,0.9187987
A2571,MOUNT PLEASANT-COTTAGE SCHOOL PO BOX 8 PLEASANTVILLE,B2891,Mt Pleasant Cottage  School 1075 Broadway Pleasantville,0.918796
A1571,PS 721 MANHATTAN OCCUPATIONAL TRAINING CENTER 250 W HOUSTON ST NEW YORK,B3856,P.S. M721 - Manhattan Occupational Training Center 250 West Houston Street Manhattan,0.9187374
A1075,CATHERINE & COUNT BASIE MIDDLE SCHOOL 72 133-25 GUY R BREWER BLVD JAMAICA,B746,Catherine & Count Basie Middle School 72 133-25 Guy R Brewer Boulevard Queens,0.9187017
A502,PS 126 DR MARJORIE H DUNBAR 175 W 166TH ST BRONX,B3498,P.S. 126 Dr Marjorie H Dunbar 175 W 166th St Bronx,0.9186025
A3644,HORIZON-ON-THE-HUDSON SCHOOL 137 MONTGOMERY ST NEWBURGH,B1992,Horizons On Hudson School 137 Montgomery St Newburgh,0.91853344
A3207,AUSABLE VALLEY MIDDLE SCHOOL 1490 RT 9N CLINTONVILLE,B208,Ausable Valley Middle-High Sch 1490 Route 9n Clintonville,0.91852474
A2612,WINGDALE ELEMENTARY SCHOOL 6413 RT 55 WINGDALE,B5392,Wingdale Elementary School State Road Wingdale,0.9184652
A2040,MAYNARD P WILSON ELEMENTARY SCHOOL PO BOX 10 ADAMS CENTER,B2729,Maynard P Wilson Elem School 13180 Us Route 11 Adams Center,0.9184192
A2709,DIVEN SCHOOL 1115 HALL ST ELMIRA,B1591,George M Diven School 1115 Hall St Elmira,0.9183915
A1278,PS 65 ACADEMY OF INNOVATIVE LEARNING (THE) 98 GRANT ST STATEN ISLAND,B3818,P.S. 65 The Academy Of Innovative Learning 98 Grant Street Staten Island,0.9183556
A3205,AUSABLE VALLEY HIGH SCHOOL 1490 RT 9N CLINTONVILLE,B208,Ausable Valley Middle-High Sch 1490 Route 9n Clintonville,0.9183485
A2434,HASTINGS MALLORY ELEMENTARY SCHOOL 44 SCHOOL DR CENTRAL SQUARE,B1820,Hastings Mallory Elem School 93 Barker Rd Central Square,0.91828334
A3439,MASSENA SENIOR HIGH SCHOOL 84 NIGHTENGALE AVE MASSENA,B2719,Massena Central High School Highland Avenue Massena,0.91815305
A4614,WAYNE CENTRAL ELEMENTARY SCHOOL PO BOX 155 ONTARIO CENTER,B5237,Wayne Primary School 1730 Ridge Road Ontario Center,0.9181377
A950,PS 376 194 HARMAN ST BROOKLYN,B4111,Ps 936 270 59th Street Brooklyn,0.91811156
A3324,LIVERPOOL ELEMENTARY SCHOOL 910 2ND ST LIVERPOOL,B2522,Liverpool High School 4338 Wetzel Rd Liverpool,0.91809857
A3166,CLINTON V BUSH ELEMENTARY SCHOOL 150 PARDEE AVE JAMESTOWN,B905,Clinton V Bush Elem School 150 Pardee Ave Jamestown,0.9179944
A4335,COTTAGE LANE ELEMENTARY SCHOOL 120 COTTAGE LN BLAUVELT,B1002,Cottage Lane Elementary School Cottage Lane Blauvelt,0.91789466
A70,CATTARAUGUS-LITTLE VALLEY MIDDLE SCHOOL 25 N FRANKLIN ST CATTARAUGUS,B757,Cattaraugus-Little Valley Hs 25 N Franklin St Cattaraugus,0.91773385
A1694,PS 121 NELSON A ROCKEFELLER 5301 20TH AVE BROOKLYN,B3487,P.S. 121 Nelson A. Rockefeller 5301 20 Avenue Brooklyn,0.9177338
A3055,HOLLAND PATENT MIDDLE SCHOOL 9601 MAIN ST HOLLAND PATENT,B1954,Holland Patent Elem School 7940 Elm St Holland Patent,0.9176976
A208,URBAN ASSEMBLY SCHOOL OF DESIGN AND CONSTRUCTION 525 W 50TH ST NEW YORK,B5063,"Urban Assembly School Of Design And Construction, The 525 West 50th Street Manhattan",0.91764736
A959,PS 151 LYNDON B JOHNSON 763 KNICKERBOCKER AVE BROOKLYN,B3550,P.S. 151 Lyndon B. Johnson 763 Knickerbocker Ave Brooklyn,0.9175775
A4307,COLONIE CENTRAL HIGH SCHOOL 1 RAIDER BLVD ALBANY,B930,Colonie Central High School 1 Raider Blvd Colonie,0.91757596
A3921,JUDY JACOBS PARKWAY ELEMENTARY SCHOOL 300 MANETTO HILL RD PLAINVIEW,B3945,Parkway Elementary School 300 Manetto Hill Rd Plainview,0.91756266
A1678,PS 264 BAY RIDGE ELEMENTARY SCHOOL FOR THE ARTS 371 89TH ST BROOKLYN,B3734,P.S. 264 Bay Ridge Elementary School For The Arts 371 89th Street Brooklyn,0.91754794
A4244,SHELTER ISLAND SCHOOL 33 N FERRY RD SHELTER ISLAND,B4485,Shelter Isl Un Free School 33 N Ferry Rd Shelter Island,0.917458
A2046,AFTON ELEMENTARY SCHOOL PO BOX 5 AFTON,B80,Afton Elementary School 29 Academy Street Afton,0.91739964
A1530,EPIC HIGH SCHOOL-SOUTH 121-10 ROCKAWAY BLVD SOUTH OZONE PARK,B1356,Epic High School-South 121-10 Rockaway Blvd Queens,0.9172808
A3696,NORTH COLLINS ELEMENTARY SCHOOL PO BOX 740 NORTH COLLINS,B3011,North Collins Elementary School 10469 Bantle Rd North Collins,0.91710275
A3091,MARGARET MURPHY KINDERGARTEN CENTER 2 CLARK ST HUDSON FALLS,B2013,Hudson Falls Primary School Margaret M. Murphy Kindergarten Center 2 Clark St Hudson Falls,0.9170879
A4101,ROOSEVELT MIDDLE SCHOOL 335 E CLINTON AVE ROOSEVELT,B4302,Roosevelt Middle School 240 Denton Place Roosevelt,0.917078
A3708,OLD MILL ROAD SCHOOL 1775 OLD MILL RD MERRICK,B3112,Old Mill Road Elementary Sch 1775 Old Mill Rd Merrick,0.91707206
A872,PS 91 ALBANY AVENUE SCHOOL (THE) 532 ALBANY AVE BROOKLYN,B3418,P.S. 091 The Albany Avenue School 532 Albany Avenue Brooklyn,0.9168589
A4103,EAST HILLS ELEMENTARY SCHOOL 400 ROUND HILL RD ROSLYN HEIGHTS,B1197,East Hills Elementary School Locust Lane Roslyn Heights,0.9168038
A4243,SHARON SPRINGS CENTRAL SCHOOL PO BOX 218 SHARON SPRINGS,B4480,Sharon Springs Central School 514 State Route 20 Sharon Springs,0.91667616
A98,HARLEM PREP CHARTER SCHOOL 240 E 123RD ST-3RD FL NEW YORK,B1792,Harlem Prep Middle School 232 East 103rd St. New York,0.916666
A1894,GREAT OAKS KATHLEEN SHERRY CHARTER SCHOOL 240 BLEECKER ST NEW YORK,B1692,Great Oaks Charter School 240 Bleecker Street New York,0.9165479
A807,PS 131 4305 FT HAMILTON PKWY BROOKLYN,B4111,Ps 936 270 59th Street Brooklyn,0.91652066
A498,PS 73 BRONX 1020 ANDERSON AVE BRONX,B4109,Ps 536 1827 Archer Street Bronx,0.9165142
A442,PS 71 ROSE E SCALA 3040 ROBERTS AVE BRONX,B4109,Ps 536 1827 Archer Street Bronx,0.9164416
A2591,DELAWARE ACADEMY ELEMENTARY SCHOOL 2 SHELDON DR DELHI,B1061,Delaware Academy Ms Hs 2 Sheldon Dr Delhi,0.91643846
A1816,UNCOMMON BROWNSVILLE NORTH CHARTER SCHOOL NYC 51 CHRISTOPHER AVE BROOKLYN,B616,Brownsville North Elementary School 51 Christopher Ave Brooklyn,0.9164263
A1164,LONG ISLAND CITY HIGH SCHOOL 14-30 BROADWAY LONG ISLAND CITY,B2534,Long Island City High School 14-30 Broadway Queens,0.9163227
A1672,PS 503 SCHOOL OF DISCOVERY (THE) 330 59TH ST BROOKLYN,B4107,Ps 503: The School Of Discovery 330 59 Street Brooklyn,0.9162967
A1498,PS 197 OCEAN SCHOOL (THE) 825 HICKSVILLE RD FAR ROCKAWAY,B3649,P.S. 197 The Ocean School 825 Hicksville Rd Far Rockaway,0.9162807
A3117,PHILADELPHIA PRIMARY SCHOOL PO BOX 397 PHILADELPHIA,B4010,Philadelphia Primary School 3 Sand St Philadelphia,0.91624
A3444,MORICHES ELEMENTARY SCHOOL 16 LOUIS AVE MORICHES,B1208,East Morisches Elementary School 523 Montauk Hwy East Moriches,0.91617274
A4496,CALIFORNIA AVENUE ELEMENTARY SCHOOL 236 CALIFORNIA AVE UNIONDALE,B663,"California Avenue Elem School 236 California Ave, P. O. Box 644 Uniondale",0.916165
A1917,ACHIEVEMENT FIRST ASPIRE CHARTER SCHOOL 982 HEGEMAN AVE BROOKLYN,B1182,East Brooklyn Ascend Charter School 260 Shepherd Avenue Brooklyn,0.9160386
A4011,RIPLEY CENTRAL SCHOOL PO BOX 688 RIPLEY,B4226,Ripley Central School 12 N State St Ripley,0.91603345
A1550,KIPP TECH VALLEY CHARTER SCHOOL 321 NORTHERN BLVD ALBANY,B2357,Kipp Albany Community Charter School - Elementary 65 Krank Street Albany,0.9159808
A2704,ELLICOTTVILLE MIDDLE SCHOOL HIGH SCHOOL PO BOX 51 ELLICOTTVILLE,B1325,Ellicottville Middle School High School 5873 Route 219 S Ellicottville,0.9159717
A307,MS 224 MANHATTAN EAST SCHOOL FOR ARTS & ACADEMICS 410 E 100TH ST NEW YORK,B2579,M.S. 224 Manhattan East School For Arts & Academics 410 East 100 Street Manhattan,0.9159593
A2429,RALPH REED SCHOOL 200 HALF MILE RD CENTRAL ISLIP,B4190,Reed Junior High School 200 Half Mile Rd Central Islip,0.91595054
A1300,UNCOMMON EXCELLENCE BOYS CHARTER SCHOOL NYC 225 PATCHEN AVE BROOKLYN,B1379,Excellence Boys Elementary School 225 Patchen Ave Brooklyn,0.915933
A2744,FAIRPORT SENIOR HIGH SCHOOL 1 DAVE PADDOCK WAY FAIRPORT,B1398,Fairport High School 1358 Ayrault Rd Fairport,0.91588503
A4570,JOHN JAY SENIOR HIGH SCHOOL 2012 ROUTE 52 HOPEWELL JUNCTION,B2287,John Jay High School Route 52 Hopewell Jct,0.9158731
A571,PS 32 BELMONT 690 E 183RD ST BRONX,B4109,Ps 536 1827 Archer Street Bronx,0.91580737
A406,PS 49 WILLIS AVENUE 383 E 139TH ST BRONX,B4109,Ps 536 1827 Archer Street Bronx,0.91570306
A4261,SHERMAN ELEMENTARY SCHOOL PO BOX 950 SHERMAN,B4494,Sherman Elementary School 127 Park St Sherman,0.9156452
A3938,JOHN F KENNEDY ELEMENTARY SCHOOL 40 OLIVIA ST PORT CHESTER,B2282,John F. Kennedy Magnet School 40 Olivia St Port Chester,0.9155802
A4064,FRANKLIN UPPER SCHOOL 950 NORTON ST ROCHESTER,B351,Benjamin Franklin High School 950 Norton St Rochester,0.91556185
A4155,SALEM ELEMENTARY SCHOOL PO BOX 517 SALEM,B4348,Salem Elementary School 41 E Broadway St Salem,0.91547996
A1441,PS 164 QUEENS VALLEY 138-01 77TH AVE FLUSHING,B4102,Ps 110 48-29 37th Street Queens,0.9154657
A1598,PS 36 2045 LINDEN BLVD BROOKLYN,B4111,Ps 936 270 59th Street Brooklyn,0.91546
A112,CASCADES HIGH SCHOOL 198 FORSYTH ST-3RD FL NEW YORK,B736,Cascades High School 198 Forsyth Street Manhattan,0.91541624
A1637,CHRISTA MCAULIFFE SCHOOL (THE) /IS 187 1171 65TH ST BROOKLYN,B4849,The Christa Mcauliffe School - I.S. 187 1171 65 Street Brooklyn,0.9153913
A1812,BROOKLYN SCHOLARS CHARTER SCHOOL 2635 LINDEN BLVD BROOKLYN,B4840,"The Brooklyn Charter School 545 Willoughby Avenue, 3rd Floor Brooklyn",0.91522086
A1864,EXPLORE EXCEL CHARTER SCHOOL 1077 REMSEN AVE BROOKLYN,B1378,Excel Charter School 2 956 E. 82nd St Brooklyn,0.91520274
A4169,DIVISION STREET ELEMENTARY SCHOOL 220 DIVISION ST SARATOGA SPRINGS,B1108,Division Street Elem School 220 Division St Saratoga Spgs,0.9150478
A4002,VAN RENSSELAER ELEMENTARY SCHOOL 25 VAN RENSSELAER DR RENSSELAER,B4200,Rensselaer City Schools 25 Van Rensselaer Dr Rensselaer,0.9150232
A1969,UNITED CHARTER HIGH SCHOOL FOR THE HUMANITIES IV 205 E 42ND ST NEW YORK,B5029,United Charter High School For Humanities 99 Terrace View Ave Bronx,0.9149345
A599,PS/MS 280 MOSHOLU PARKWAY 3202 STEUBEN AVE BRONX,B4119,Ps/Ms 194 2365 Waterbury Ave Bronx,0.91492176
A4712,WHITESBORO HIGH SCHOOL 6000 NY-291 MARCY,B5327,Whitesboro High School 6000 State Route 291 Marcy,0.9149171
A169,PS 183 ROBERT L STEVENSON 419 E 66TH ST NEW YORK,B3618,P.S. 183 Robert L. Stevenson 419 E 66th Street Manhattan,0.914902
A3509,NORTH COUNTRY ROAD SCHOOL 191 N COUNTRY RD MILLER PLACE,B3013,North Country Road Jr High Sch 191 N Country Rd Miller Place,0.914889
A1757,PS 361 EAST FLATBUSH EARLY CHILDHOOD SCHOOL 1957 NOSTRAND AVE BROOKLYN,B3790,P.S. 361 East Flatbush Early Childhood School 3109 Newkirk Avenue Brooklyn,0.91485775
A2410,WEST CARTHAGE ELEMENTARY SCHOOL 21568 COLE RD CARTHAGE,B734,Carthage Senior High School 36500 Martin Street Road Carthage,0.9146868
A3014,BLUE MOUNTAIN MIDDLE SCHOOL PO BOX 14 CORTLANDT MANOR,B412,Blue Mountain Middle School 7 Furnace Woods Road Cortlandt Manor,0.914667
A4075,WATSON SCHOOL 277 N CENTRE AVE ROCKVILLE CENTRE,B5219,Watson Elementary School 277 N Centre Ave Rockville Ctr,0.91450936
A4386,ARROWHEAD ELEMENTARY SCHOOL PO BOX 9050 EAST SETAUKET,B181,Arrowhead Elementary School 62 Arrowhead Ln East Setauket,0.91448927
A4050,SCHOOL 22-LINCOLN SCHOOL 595 UPPER FALLS BLVD ROCHESTER,B1303,Elementary School 33 500 Webster Ave Rochester,0.91447246
A1512,GOLDIE MAPLE ACADEMY 3-65 BEACH 56TH ST ARVERNE,B1647,Goldie Maple Academy 3-65 Beach 56 Street Queens,0.9143884
A3190,JOHNSON CITY ELEMENTARY/INTERMEDIATE SCHOOL 601 COLUMBIA DR JOHNSON CITY,B1812,Harry L Johnson Elem School 601 Columbia Drive Johnson City,0.9142432
A68,CATTARAUGUS-LITTLE VALLEY ELEMENTARY SCHOOL 25 N FRANKLIN ST CATTARAUGUS,B757,Cattaraugus-Little Valley Hs 25 N Franklin St Cattaraugus,0.9141998
A2107,SCHENEVUS CENTRAL SCHOOL PO BOX 8 SCHENEVUS,B4396,Schenevus Central School 159 Main St Schenevus,0.91415024
A819,JOHN JAY SCHOOL FOR LAW 237 7TH AVE BROOKLYN,B4418,School For Legal Studies 850 Grand St Brooklyn,0.91414976
A878,PS 221 TOUSSAINT L'OUVERTURE 791 EMPIRE BLVD BROOKLYN,B3696,P.S. 221 Toussaint L'Ouverture 791 Empire Boulevard Brooklyn,0.91411805
A1605,PS 10 2750 LAFAYETTE AVE BRONX,B4109,Ps 536 1827 Archer Street Bronx,0.9140999
A3804,BROOKSIDE SCHOOL PINESBRIDGE RD OSSINING,B611,Brookside School 30 Ryder Road Ossining,0.91408414
A3114,ANTWERP PRIMARY SCHOOL PO BOX 10 ANTWERP,B162,Antwerp Primary School 10 Academy Antwerp,0.91408014
A2756,SALTZMAN EAST MEMORIAL ELEMENTARY SCHOOL 25 MILL LN FARMINGDALE,B1203,East Memorial Elementary Sch 25 Mill Ln Farmingdale,0.9140222
A4552,OSTRANDER ELEMENTARY SCHOOL PO BOX 310 WALLKILL,B3145,Ostrander Elementary School 137 Viola Ave Wallkill,0.91392624
A437,PS 14 SENATOR JOHN CALANDRA 3047 BRUCKNER BLVD BRONX,B3873,P.S. X014 Senator John Calandra 3041 Bruckner Blvd Bronx,0.9139035
A3188,JOHNSON CITY ELEMENTARY/PRIMARY SCHOOL 601 COLUMBIA DR JOHNSON CITY,B1812,Harry L Johnson Elem School 601 Columbia Drive Johnson City,0.91389674
A955,PS 106 EDWARD EVERETT HALE 1328 PUTNAM AVE BROOKLYN,B3453,P.S. 106 Edward Everett Hale 1328 Putnam Ave Brooklyn,0.91380954
A2605,MOSES DEWITT ELEMENTARY SCHOOL 201 JAMESVILLE RD DEWITT,B2855,Moses Dewitt Elementary School 201 Jamesville Rd Syracuse,0.9138013
A1761,ORIGINS HIGH SCHOOL 3000 AVE X BROOKLYN,B3138,Origins High School 3000 Avenue X Brookyn,0.913696
A1200,INFORMATION TECHNOLOGY HIGH SCHOOL 21-16 44TH RD LONG ISLAND CITY,B2116,Information Technology High School 21-16 44th Road Queens,0.91363466
A4389,PAUL J GELINAS JUNIOR HIGH SCHOOL PO BOX 9050 EAST SETAUKET,B3957,Paul J Gelinas Jr High Sch 25 Mud Rd Setauket,0.91356254
A21,KREAMER STREET ELEMENTARY SCHOOL 37 KREAMER ST BELLPORT,B340,Bellport Middle School 35 Kreamer St Bellport,0.91349655
A3774,JOHN F KENNEDY SCHOOL 801-809 PARK ST OGDENSBURG,B2329,Kennedy Elementary School 801-809 Park Street Ogdensburg,0.9133446
A4328,SOUTH KORTRIGHT CENTRAL SCHOOL PO BOX 113 SOUTH KORTRIGHT,B4559,South Kortright Central School 58200 State Hwy 10 South Kortrigh,0.91330034
A3438,J WILLIAM LEARY JUNIOR HIGH SCHOOL 1 SCHOOL ST MASSENA,B2441,Leary Junior High School School St And Ransom Ave Massena,0.91321886
A4704,WHITEHALL ELEMENTARY SCHOOL PO BOX 29 WHITEHALL,B5325,Whitehall Elementary School Buckley Rd Whitehall,0.91317105
A506,PS 236 LANGSTON HUGHES 1871 WALTON AVE BRONX,B3710,P.S. 236 Langston Hughes 1871 Walton Avenue Bronx,0.91316724
A1659,PS 200 BENSON SCHOOL 1940 BENSON AVE BROOKLYN,B3657,P.S. 200 Benson School 1940 Benson Avenue Brooklyn,0.9130893
A2518,COLTON-PIERREPONT CENTRAL SCHOOL PO BOX 5 COLTON,B931,Colton-Pierrepont Central School 4921 State Highway 56 Colton,0.91308266
A656,PS 105 SENATOR ABRAHAM BERNSTEIN 725 BRADY AVE BRONX,B3449,P.S. 105 Sen Abraham Bernstein 725 Brady Avenue Bronx,0.9129188
A725,PS 66 SCHOOL OF HIGHER EXPECTATIONS 1001 JENNINGS ST BRONX,B3376,P.S. 066 School Of Higher Expectations 1001 Jennings Street Bronx,0.9129123
A2092,EDMUND W MILES MIDDLE SCHOOL 501 RT 110 AMITYVILLE,B2786,Miles Middle School Rr 110 Amityville,0.9128732
A1905,MATH ENGINEERING AND SCIENCE ACADEMY CHARTER HIGH SCHOOL 231 PALMETTO ST-FL 3-RM 327A BROOKLYN,B2721,"Math, Engineering, And Science Academy Charter High School 2 1222 63rd St Brooklyn",0.91277695
A3504,ELM DRIVE ELEMENTARY SCHOOL PO BOX AA MILLBROOK,B1329,Elm Drive Elementary School Elm Drive Millbrook,0.9127743
A4714,CARYL E ADAMS PRIMARY SCHOOL PO BOX 249 WHITNEY POINT,B735,Caryl Adams Primary School 24 Keibel Road Whitney Point,0.9127424
A271,PS 333 MANHATTAN SCHOOL FOR CHILDREN 154 W 93RD ST NEW YORK,B3781,P.S. 333 Manhattan School For Children 154 West 93 St Manhattan,0.91252244
A2765,FONDA-FULTONVILLE SENIOR HIGH SCHOOL PO BOX 1501 FONDA,B1452,Fonda-Fultonville Senior High School 112 Old Johnstown Rd Fonda,0.91252166
A3417,MARGARETVILLE CENTRAL SCHOOL PO BOX 319 MARGARETVILLE,B2680,Margaretville Central School Main St Margaretville,0.9124179
A2966,HANCOCK ELEMENTARY SCHOOL 206 WILDCAT DR HANCOCK,B1773,Hancock Elementary School 208 Wildcat Drive Hancock,0.9124068
A1025,MASPETH HIGH SCHOOL 54-40 74TH ST ELMHURST,B2717,Maspeth High School 54-40 74th Street Queens,0.9123894
A528,NEW MILLENNIUM BRONX ACADEMY OF THE ARTS 1000 TELLER AVE BRONX,B1190,East Fordham Academy For The Arts 120 East 184 Street Bronx,0.9123804
A1957,BROOKLYN PROSPECT CHARTER SCHOOL-CSD 13 80 WILLOUGHBY ST BROOKLYN,B4840,"The Brooklyn Charter School 545 Willoughby Avenue, 3rd Floor Brooklyn",0.9123704
A236,ACADEMY FOR SOFTWARE ENGINEERING 40 IRVING PL NEW YORK,B48,Academy For Software Engineering 40 Irving Place Manhattan,0.9122891
A1711,PS 288 SHIRLEY TANYHILL (THE) 2950 W 25TH ST BROOKLYN,B3751,P.S. 288 The Shirley Tanyhill 2950 W 25th St Brooklyn,0.9121213
A1263,PS 57 HUBERT H HUMPHREY 140 PALMA DR STATEN ISLAND,B3359,P.S. 057 Hubert H. Humphrey 140 Palma Dr Staten Island,0.9121182
A2427,FRANCIS J O'NEILL SCHOOL 44 E CHERRY ST CENTRAL ISLIP,B3084,O'Neill Elementary School 545 Clayton St Central Islip,0.91200894
A2993,HAUPPAUGE MIDDLE SCHOOL PO BOX 6006 HAUPPAUGE,B1822,Hauppauge Middle School 600 Townline Rd Hauppauge,0.9119528
A946,SCIENCE AND MEDICINE MIDDLE SCHOOL (THE) 965 E 107TH ST BROOKLYN,B4911,The Science And Medicine Middle School 965 East 107th Street Brooklyn,0.91189176
A2772,FORT EDWARD SCHOOL 220 BROADWAY FORT EDWARD,B1471,Fort Edward Jr/Sr High 220 Broadway Fort Edward,0.91187197
A4845,SUCCESS ACADEMY CHARTER SCHOOL-BRONX 5 LOWER 604 E 139TH ST BRONX,B507,Bronx Charter School For Excellence 3 And 4 Middle 1160 E 213th S Bronx,0.9118298
A3116,INDIAN RIVER HIGH SCHOOL PO BOX 338 PHILADELPHIA,B2114,Indian River Intermediate School 32430 Us Route 11 Philadelphia,0.9117384
A1596,PS 186 WALTER J DAMROSCH SCHOOL 750 JENNINGS ST BRONX,B3905,P186x Walter J. Damrosch School 750 Jennings Street Bronx,0.91168845
A363,PS 153 ADAM CLAYTON POWELL 1750 AMSTERDAM AVE NEW YORK,B3555,P.S. 153 Adam Clayton Powell 1750 Amsterdam Avenue Manhattan,0.911664
A1564,PS 372 CHILDREN'S SCHOOL (THE) 512 CARROLL ST BROOKLYN,B4846,The Children'S School 512 Carroll Street Brooklyn,0.9116214
A3053,HOLLAND PATENT CENTRAL HIGH SCHOOL 9601 MAIN ST HOLLAND PATENT,B1954,Holland Patent Elem School 7940 Elm St Holland Patent,0.91139317
A3201,KATONAH ELEMENTARY SCHOOL PO BOX 387 KATONAH,B2318,Katonah Elementary School 106 Huntville Road Katonah,0.91137433
A2778,FRANKLIN CENTRAL SCHOOL PO BOX 888 FRANKLIN,B1499,Franklin Central School 26 Institute Street Franklin,0.91128343
A485,PS 583 1028 WHITE PLAINS RD BRONX,B4109,Ps 536 1827 Archer Street Bronx,0.9111915
A2903,OLYMPIA HIGH SCHOOL 1139 MAIDEN LN ROCHESTER,B3118,Olympia Ms & Hs School 1139 Maiden Lane Rochester,0.9111595
A1709,PS 253 2953 BRIGHTON 6TH ST BROOKLYN,B4111,Ps 936 270 59th Street Brooklyn,0.9111383
A2810,VOLNEY ELEMENTARY SCHOOL 2592 STATE RT 3 FULTON,B5144,Volney Elementary School Rr 8 Box 98 Fulton,0.91113764
A3159,ENFIELD SCHOOL 20 ENFIELD MAIN RD ITHACA,B1350,Enfield Elementary School Rr 5 Ithaca,0.91110533
A1649,PS 160 WILLIAM T SAMPSON 5105 FORT HAMILTON PKWY BROOKLYN,B3575,P.S. 160 William T. Sampson 5105 Fort Hamilton Parkway Brooklyn,0.9111037
A1095,THOMAS A EDISON CAREER AND TECHNICAL EDUCATION HIGH SCHOOL 165-65 84TH AVE JAMAICA,B4942,Thomas A. Edison Career And Technical Education High School 165-65 84 Avenue Queens,0.91108763
A4846,SUCCESS ACADEMY CHARTER SCHOOL-BRONX 5 UPPER 604 E 139TH ST BRONX,B507,Bronx Charter School For Excellence 3 And 4 Middle 1160 E 213th S Bronx,0.9109469
A3229,J WATSON BAILEY MIDDLE SCHOOL 118 MERILINA AVE EXT KINGSTON,B2213,J.W. Bailey Jr. High School Merilina Avenue Kingston,0.9108093
A4384,STILLWATER MIDDLE SCHOOL HIGH SCHOOL PO BOX 490 STILLWATER,B4753,Stillwater Senior High School 334 Hudson Ave Stillwater,0.9107649
A569,PS 9 RYER AVENUE ELEMENTARY SCHOOL 230 E 183RD ST BRONX,B3832,P.S. 9 Ryer Avenue Elementary School 230 East 183 Street Bronx,0.9107585
A2021,BUFFALO CREEK ACADEMY CHARTER SCHOOL 528 SOUTH PARK BUFFALO,B4551,South Buffalo Charter School 154 South Ogden Street Buffalo,0.9106066
A4586,WARWICK VALLEY HIGH SCHOOL PO BOX 595 WARWICK,B5189,Warwick Valley Middle School 225 West St Warwick,0.91058373
A3195,ELBRIDGE ELEMENTARY SCHOOL PO BOX 170 ELBRIDGE,B1265,Elbridge Elementary School 130 East Main Street Elbridge,0.91051143
A3522,CENTRAL VALLEY ELEMENTARY SCHOOL 45 RT 32 CENTRAL VALLEY,B5287,West Valley Central School 5359 School St West Valley,0.9105047
A640,PS 178 DR SELMAN WAKSMAN 850 BAYCHESTER AVE BRONX,B4109,Ps 536 1827 Archer Street Bronx,0.91047543
A4172,GREENFIELD ELEMENTARY SCHOOL 3180 RT 9N GREENFIELD CENTER,B1710,Greenfield Center Elem School 3180 Route 9n Greenfld Ctr,0.9104521
A2414,CATO-MERIDIAN ELEMENTARY SCHOOL 2851 STATE RTE 370 CATO,B748,Cato-Meridian Sr High School 2851 Route 370 Cato,0.910403
A578,JHS 80 MOSHOLU PARKWAY (THE) 149 E MOSHOLU PKWY NORTH BRONX,B2180,J.H.S. 080 The Mosholu Parkway 149 East  Mosholu Pkwy Bronx,0.91038626
A4493,ANDREW J SMITH ELEMENTARY SCHOOL PO BOX 760 UNION SPRINGS,B152,Andrew J Smith Elem School 26 Homer St Union Springs,0.91032386
A3914,EASTPLAIN SCHOOL 301 N DELAWARE AVE N MASSAPEQUA,B1228,Eastplain Elementary School Michigan Ave Massapequa,0.9103211
A3161,ITHACA SENIOR HIGH SCHOOL 1401 N CAYUGA ST ITHACA,B762,Cayuga Heights Elementary Sch 110 E Upland Rd Ithaca,0.91030246
A1987,CITIZENSHIP AND SCIENCE ACADEMY OF SYRACUSE CHARTER SCHOOL 301 VALLEY DR SYRACUSE,B4789,Syracuse Academy Of Science And Citizenship Charter School 301 Valley Drive Syracuse,0.9102213
A576,PS 310 MARBLE HILL 260 W KINGSBRIDGE RD BRONX,B4109,Ps 536 1827 Archer Street Bronx,0.9102056
A4071,HEWITT SCHOOL 446 HEMPSTEAD AVE ROCKVILLE CENTRE,B1882,Hewitt Elementary School 446 Demott Ave Rockville Ctr,0.9101664
A4551,LEPTONDALE ELEMENTARY SCHOOL PO BOX 310 WALLKILL,B2457,Leptondale Elementary School 94 Mill St Wallkill,0.909984
A1490,PS/MS 114 BELLE HARBOR 134-01 CRONSTON AVE ROCKAWAY PARK,B3201,P.S. / M.S. 114 Belle Harbor 134-01 Cronston Avenue Rockaway Park,0.9098504
A1657,PS 186 DR IRVING A GLADSTONE 7601 19TH AVE BROOKLYN,B3625,P.S. 186 Dr. Irving A Gladstone 7601 19 Avenue Brooklyn,0.90983176
A4061,EAST LOWER SCHOOL 1801 E MAIN ST ROCHESTER,B1220,East Sr High School 1801 Main St E Rochester,0.9098091
A2354,RICHARD H O'ROURKE MIDDLE SCHOOL 173 LAKEHILL RD BURNT HILLS,B4212,Richard H O'Rourke Middle Sch 173 Lakehill Rd Burnt Hills,0.90977955
A713,PS 67 MOHEGAN SCHOOL 2024 MOHEGAN AVE BRONX,B3378,P.S. 067 Mohegan School 2024 Mohegan Avenue Bronx,0.9097252
A2445,VERONICA E CONNOR MIDDLE SCHOOL 1100 RANSOM RD GRAND ISLAND,B5120,Veronica E. Connor Middle Sch 1100 Ransom Rd Grand Island,0.90972376
A4043,AUSTIN STEWARD ELEMENTARY SCHOOL 46 250 NEWCASTLE RD ROCHESTER,B1312,Elementary School 46 250 Newcastle Rd Rochester,0.9096595
A458,MS 301 PAUL L DUNBAR 890 CAULDWELL AVE BRONX,B2588,M.S. 301 Paul L. Dunbar 890 Cauldwell Ave Bronx,0.9095423
A3377,MADRID-WADDINGTON ELEMENTARY SCHOOL PO BOX 67 MADRID,B2617,Madrid-Waddington Elementary School Route 345 Madrid,0.9095121
A2395,ORVILLE A TODD MIDDLE SCHOOL 11 CROFT RD POUGHKEEPSIE,B3083,O A Todd Middle School 11 Croft Rd Poughkeepsie,0.9094731
A4615,WAYNE CENTRAL PRIMARY SCHOOL PO BOX 155 ONTARIO CENTER,B5237,Wayne Primary School 1730 Ridge Road Ontario Center,0.9094566
A2135,AVOCA CENTRAL SCHOOL PO BOX G AVOCA,B214,Avoca Central School 17 Oliver St # 29 Avoca,0.909397
A4736,WILSON MIDDLE/HIGH SCHOOL PO BOX 648 WILSON,B5380,Wilson High School 374 Lake St # 380 Wilson,0.9093876
A4084,LOUIS V DENTI ELEMENTARY SCHOOL 1001 RUBY ST ROME,B2545,Louis Denti Elementary School 1001 Ruby St Rome,0.90937144
A2616,DRYDEN MIDDLE SCHOOL PO BOX 88 DRYDEN,B1138,Dryden Elementary School 36 Union Street Dryden,0.9091934
A719,PS 195 1250 WARD AVE BRONX,B4109,Ps 536 1827 Archer Street Bronx,0.9091734
A4720,WILLIAMSON SENIOR HIGH SCHOOL PO BOX 900 WILLIAMSON,B5368,Williamson Senior High School 5891 Route 21 Williamson,0.90911174
A2741,FABIUS-POMPEY MIDDLE SCHOOL HIGH SCHOOL 1211 MILL ST FABIUS,B1392,Fabius Jr-Sr High School 1211 Mill St Fabius,0.90908945
A251,PS 75 EMILY DICKINSON 735 WEST END AVE NEW YORK,B3390,P.S. 075 Emily Dickinson 735 W End Ave Manhattan,0.90906143
A3641,GARDNERTOWN LEADERSHIP  ACADEMY ELEMENTARY SCHOOL 6 PLATTEKILL TPKE NEWBURGH,B1563,Gardnertown Leadership Academy 6 Plattekill Tpke Newburgh,0.9090461
A501,PS 110 THEODORE SCHOENFELD 580 CROTONA PARK S BRONX,B4109,Ps 536 1827 Archer Street Bronx,0.9089999
A1632,UNCOMMON WILLIAMSBURG CHARTER SCHOOL NYC 157 WILSON ST-4TH FL BROOKLYN,B4931,The Williamsburg Charter School 198 Varet Street Brooklyn,0.9088335
A4058,ROCHESTER EARLY COLLEGE INTERNATIONAL HIGH SCHOOL 85 ADAMS ST ROCHESTER,B3014,North East College Prep High School 940 Fernwood Park Rochester,0.9087732
A710,PS 47 JOHN RANDOLPH 1794 E 172ND ST BRONX,B3331,P.S. 047 John Randolph 1794 East 172 Street Bronx,0.90873843
A3773,ODESSA-MONTOUR JUNIOR/SENIOR HIGH SCHOOL 300 COLLEGE AVE ODESSA,B3102,Odessa-Montour Ms/Hs 300 College Ave Odessa,0.90873647
A4065,FRANKLIN LOWER SCHOOL 950 NORTON ST ROCHESTER,B351,Benjamin Franklin High School 950 Norton St Rochester,0.9086393
A2164,GORDON CREEK ELEMENTARY SCHOOL 50 WOOD RD BALLSTON SPA,B264,Ballston Spa Middle School 10 Wood Rd Ballston Spa,0.9085656
A419,PS 157 GROVE HILL 757 CAULDWELL AVE BRONX,B4109,Ps 536 1827 Archer Street Bronx,0.90850544
A266,MS 243 CENTER SCHOOL 100 W 84TH ST NEW YORK,B2580,M.S. 243 Center School 100 W 84th St New York,0.9083833
A515,PS 204 MORRIS HEIGHTS 1780 DR M L KING JR BLVD BRONX,B4109,Ps 536 1827 Archer Street Bronx,0.90837264
A1337,WILLIAMSBURG HIGH SCHOOL OF ART AND TECHNOLOGY (THE) 223 GRAHAM AVE BROOKLYN,B5363,Williamsburg High School For Architecture And Design 257 N 6th Street Brooklyn,0.9083538
A487,PS 170 1598 TOWNSEND AVE BRONX,B4113,Ps X469 3177 Webster Ave Bronx,0.9083476
A2105,ANDOVER HIGH SCHOOL 31-35 ELM ST ANDOVER,B151,Andover Central School 31 Elm St Andover,0.90822566
A1645,PS/IS 104 FORT HAMILTON SCHOOL (THE) 9115 5TH AVE BROOKLYN,B3889,P.S./I.S. 104 The Fort Hamilton School 9115 5 Avenue Brooklyn,0.9082093
A3973,PUTNAM CENTRAL SCHOOL PO BOX 91 PUTNAM STATION,B4127,Putnam Central School Lower Rd Putnam Station,0.90817815
A433,BRONX  LEGACY HIGH SCHOOL 730 CONCOURSE VILLAGE BRONX,B513,Bronx Community High School 1980 Lafayette Ave Bronx,0.9080938
A720,PS 196 1250 WARD AVE BRONX,B4109,Ps 536 1827 Archer Street Bronx,0.90808076
A930,PS 66 845 E 96TH ST BROOKLYN,B4111,Ps 936 270 59th Street Brooklyn,0.90806603
A1151,QUEENS PREPARATORY ACADEMY 143-10 SPRINGFIELD BLVD SPRINGFIELD GARDENS,B4144,Queens Preparatory Academy 143-10 Springfield Boulevard Queens,0.9080231
A1485,PS 100 GLEN MORRIS 111-11 118TH ST SOUTH OZONE PARK,B3439,P.S. 100 Glen Morris 11111 118th St South Ozone Park,0.9079543
A3138,MAIN STREET SCHOOL SCHOOL (4-5) 101 MAIN ST IRVINGTON,B2628,Main Street School 101 Main Street Irvington,0.9076553
A1739,PS 194 RAOUL WALLENBERG 3117 AVE W BROOKLYN,B3640,P.S. 194 Raoul Wallenberg 3117 Avenue W Brooklyn,0.90763295
A1743,PS 206 JOSEPH F LAMB 2200 GRAVESEND NECK RD BROOKLYN,B3669,P.S. 206 Joseph F Lamb 2201 Gravesend Neck Rd Brooklyn,0.90762913
A4789,YONKERS EARLY CHILDHOOD ACADEMY 160 BOLMER AVE YONKERS,B5453,Yonkers Montessori Academy 160 Woodlawn Ave Yonkers,0.90760154
A1600,PS 231 5601 16TH AVE BROOKLYN,B4111,Ps 936 270 59th Street Brooklyn,0.9075295
A876,PS 189 BILINGUAL CENTER (THE) 1100 E NEW YORK AVE BROOKLYN,B3630,P.S. 189 The Bilingual Center 1100 East New York Avenue Brooklyn,0.90744853
A4819,MONROE 2-ORLEANS BOCES 3599 BIG RIDGE RD SPENCERPORT,B2826,Monroe 2 Orleans Boces 3589 Big Ridge Rd Spencerport,0.9073218
A1606,PS 140 141 MACON ST BROOKLYN,B4111,Ps 936 270 59th Street Brooklyn,0.90730494
A800,MS 51 WILLIAM ALEXANDER 350 5TH AVE BROOKLYN,B2597,M.S. 51 William Alexander 350 5th Ave Brooklyn,0.90729594
A1461,WORLD JOURNALISM PREPARATORY:  A COLLEGE BOARD SCHOOL 34-65 192ND ST FLUSHING,B5417,World Journalism Preparatory:  A College Board School 34-65 192 Street Queens,0.90728074
A4668,NORTHWOOD ELEMENTARY SCHOOL 250 NORTHWOOD AVE WEST SENECA,B3059,Northwood Elementary School 250 Northwood Ave Buffalo,0.9072119
A2194,BEAVER RIVER ELEMENTARY SCHOOL PO BOX 179 BEAVER FALLS,B308,Beaver River Middle School 9508 Artz Road Beaver Falls,0.90713537
A4651,WEST GENESEE INTERMEDIATE SCHOOL 500 SANDERSON DR CAMILLUS,B5264,West Genesee Middle School 500 Sanderson Dr Camillus,0.9071326
A1526,HAWTREE CREEK MIDDLE SCHOOL 121-10 ROCKAWAY BLVD SOUTH OZONE PARK,B1829,Hawtree Creek Middle School 121-10 Rockaway Boulevard Queens,0.907059
A3471,NEW HAVEN ELEMENTARY SCHOOL PO BOX 119 NEW HAVEN,B2954,New Haven Elementary School 4320 State Route 104 New Haven,0.9069597
A1397,PS 150 CHRISTOPHER 364 SACKMAN ST BROOKLYN,B4111,Ps 936 270 59th Street Brooklyn,0.9069403
A4042,SCHOOL 42-ABELARD REYNOLDS 3330 LAKE AVE ROCHESTER,B1309,Elementary School 42 3330 Lake Ave Rochester,0.90681344
A496,PS 114 LUIS LLORENS TORRES SCHOOL 1155 CROMWELL AVE BRONX,B3878,P.S. X114 - Luis Llorens Torres Schools 1155 Cromwell Ave Bronx,0.9067171
A3096,J TAYLOR FINLEY MIDDLE SCHOOL PO BOX 1500 HUNTINGTON,B1428,Finley Middle School 20 Greenlawn Rd Huntington,0.9066804
A549,NEW AMERICAN ACADEMY AT ROBERTO CLEMENTE STATE PARK (THE) 275 HARLEM RIVER PARK BRIDGE BRONX,B4889,The New American Academy At Roberto Clemente State Park 275 Harlem River Park Brg Bronx,0.90666306
A4857,SOUTH SHORE CHARTER SCHOOL PO BOX 802 CENTRAL ISLIP,B4570,South Shore Charter School 82 Carleton Ave Central Islip,0.9066143
A192,RICHARD R GREEN HIGH SCHOOL OF TEACHING 7 BEAVER ST NEW YORK,B4215,Richard R. Green High School Of Teaching 26 Broadway Manhattan,0.9065333
A4040,SCHOOL 35-PINNACLE 194 FIELD ST ROCHESTER,B4403,School # 45 - Northeast 1445 Clifford Ave Rochester,0.9064942
A262,PS 199 JESSIE ISADOR STRAUS 270 W 70TH ST NEW YORK,B3653,P.S. 199 Jessie Isador Straus 270 W 70th St New York,0.9063706
A279,URBAN ASSEMBLY SCHOOL FOR MEDIA STUDIES 122 AMSTERDAM AVE NEW YORK,B5060,"Urban Assembly School For Media Studies, The 122 Amsterdam Avenue Manhattan",0.9063483
A1077,PS 82 HAMMOND 88-02 144TH ST JAMAICA,B3400,P.S. 082 Hammond 8802 144th St Jamaica,0.9063353
A2905,GREECE COMMUNITY EARLY LEARNING CENTER 1010 ENGLISH RD ROCHESTER,B1172,Early Learning Center 1010 English Rd Rochester,0.9062823
A974,BROOKLYN SCHOOL FOR MATH AND RESEARCH (THE) 400 IRVING AVE BROOKLYN,B4842,The Brooklyn School For Math And Research 400 Irving Avenue Brooklyn,0.9062643
A348,KIPP STAR COLLEGE PREP CHARTER SCHOOL 433 W 123RD ST-4TH FL NEW YORK,B2364,Kipp Infinity Charter School 625 W 133 St Rm 261 New York,0.90624595
A1667,PS 247 7000 21ST AVE BROOKLYN,B4111,Ps 936 270 59th Street Brooklyn,0.9060777
A4630,WEBUTUCK ELEMENTARY SCHOOL PO BOX 400 AMENIA,B5243,Webutuck Elementary School Haight Rd Amenia,0.90601295
A436,JHS 131 ALBERT EINSTEIN 885 BOLTON AVE BRONX,B2168,J.H.S.  131 Albert Einstein 885 Bolton Ave Bronx,0.9059939
A857,MS 267 MATH SCIENCE & TECHNOLOGY 800 GATES AVE BROOKLYN,B2586,"M.S. 267 Math, Science & Technology 800 Gates Avenue Brooklyn",0.9059291
A820,BOERUM HILL SCHOOL FOR INTERNATIONAL STUDIES (THE) 284 BALTIC ST BROOKLYN,B4417,School For International Studies 284 Baltic Street Brooklyn,0.90590984
A3615,LENAPE ELEMENTARY SCHOOL 196 MAIN ST NEW PALTZ,B2451,Lenape  Elementary School 1 Eugene L Brown Dr New Paltz,0.9058421
A1396,PS 137 RACHEL JEAN MITCHELL 121 SARATOGA AVE BROOKLYN,B3891,P.S./I.S. 137 Rachel Jean Mitchell 121 Saratoga Ave Brooklyn,0.9057407
A3971,PULASKI ELEMENTARY SCHOOL 2 HINMAN RD PULASKI,B4124,Pulaski Jr-Sr High School 4624 Salina St Pulaski,0.90573907
A1284,FORT HILL COLLABORATIVE ELEMENTARY SCHOOL 195 DANIEL LOW TER STATEN ISLAND,B1474,Fort Hill Collaborative Elementary School 80 Monroe Avenue Staten Island,0.9056679
A1231,PS 11 THOMAS DONGAN SCHOOL 85 GARRETSON AVE STATEN ISLAND,B3464,P.S. 11 Thomas Dongan School 50 Jefferson St Staten Island,0.90559953
A2613,DOVER MIDDLE SCHOOL 2368 RT 22 DOVER PLAINS,B1121,Dover Jr-Sr High School 2368 New York 22 Dover Plains,0.9055664
A846,PS 25 EUBIE BLAKE SCHOOL 787 LAFAYETTE AVE BROOKLYN,B3270,P.S. 025 Eubie Blake School 787 Lafayette Ave Brooklyn,0.90552473
A161,PS 111 ADOLPH S OCHS 440 W 53RD ST NEW YORK,B3468,P.S. 111 Adolph S. Ochs 440 W 53rd St Manhattan,0.9054259
A3283,NORTH WARREN CENTRAL SCHOOL 6110 STATE RT 8 CHESTERTOWN,B3039,North Warren Es Ms Hs 6110 State Route 8 Chestertown,0.9053844
A1603,PS 176 750 BAYCHESTER AVE BRONX,B4109,Ps 536 1827 Archer Street Bronx,0.90535253
A3943,THOMAS A EDISON SCHOOL 132 RECTORY ST PORT CHESTER,B1241,Edison Elementary School Rectory Street Port Chester,0.90532094
A1107,METROPOLITAN EXPEDITIONARY LEARNING SCHOOL 91-30 METROPOLITAN AVE FOREST HILLS,B2762,Metropolitan Expeditionary Learning School 91-30 Metropolitan Avenue Queens,0.90525115
A580,PS 86 KINGSBRIDGE HEIGHTS 2756 RESERVOIR AVE BRONX,B4109,Ps 536 1827 Archer Street Bronx,0.90520775
A2960,HAMMOND CENTRAL SCHOOL PO BOX 185 HAMMOND,B1768,Hammond Central School 51 S Main Street Hammond,0.9051871
A2698,ELBA ELEMENTARY SCHOOL PO BOX 370 ELBA,B1262,Elba Central Elementary School 57 S Main St Elba,0.90506315
A1595,PS  4 923 JEROME ST BROOKLYN,B4111,Ps 936 270 59th Street Brooklyn,0.90498286
A220,QUEST TO LEARN 351 W 18TH ST NEW YORK,B4154,Quest To Learn 351 West 18 Street Manhattan,0.90489376
A3767,SCHOOL 8 3252 FULTON AVE OCEANSIDE,B3098,Oceanside Middle School 186 Alice Ave Oceanside,0.9048881
A183,PS 234 INDEPENDENCE SCHOOL 292 GREENWICH ST NEW YORK,B3708,P.S. 234 Independence School 292 Greenwich Street Manhattan,0.9048753
A4023,JAMES MONROE UPPER SCHOOL 164 ALEXANDER ST ROCHESTER,B2827,Monroe Middle School 164 Alexander St Rochester,0.90485
A3152,MAUD S SHERWOOD ELEMENTARY SCHOOL 301 SMITH AVE ISLIP,B4497,Sherwood Elementary School Smith Ave Islip,0.9048406
A3197,JORDAN-ELBRIDGE MIDDLE SCHOOL PO BOX 902 JORDAN,B2307,Jordan Elbridge Middle School 9 N Chappell Street Jordan,0.9046998
A847,PS 26 JESSE OWENS 1014 LAFAYETTE AVE BROOKLYN,B3271,P.S. 026 Jesse Owens 1014 Lafayette Ave Brooklyn,0.90459704
A1178,ALBERT SHANKER SCHOOL FOR VISUAL AND PERFORMING ARTS 31-51 21ST ST LONG ISLAND CITY,B111,Albert Shanker School For Visual And Performing Arts 31-51 21 Street Queens,0.90425706
A3346,ANN MACARTHUR PRIMARY 100 RYEFIELD RD LOCUST VALLEY,B156,Ann M Macarthur Primary School 100 Ryefield Road Locust Valley,0.904232
A4792,YORK CENTRAL ELEMENTARY SCHOOL PO BOX 102 RETSOF,B5454,York Central Elementary School 2578 Genessee Street Retsof,0.90422237
A332,PS 200 JAMES MCCUNE SMITH SCHOOL (THE) 2589 7TH AVE NEW YORK,B3658,P.S. 200-The James Mccune Smith School 2589 7 Avenue Manhattan,0.90417886
A1858,CHOICE CHARTER SCHOOL 423 E 138TH ST BRONX,B542,Bronx Preparatory Charter School 3872 3rd Ave Bronx,0.904134
A1330,PS 380 JOHN WAYNE ELEMENTARY 370 MARCY AVE BROOKLYN,B3801,P.S. 380 John Wayne Elementary 370 Marcy Ave Brooklyn,0.90410197
A4629,WEBUTUCK HIGH SCHOOL PO BOX 405 AMENIA,B5244,Webutuck High School Haight Rd Amenia,0.90410084
A3893,CIRCLEVILLE MIDDLE SCHOOL PO BOX 143 CIRCLEVILLE,B876,Circleville Middle School Rt 302 Circleville,0.90409595
A4617,WAYNE SENIOR HIGH SCHOOL PO BOX 155 ONTARIO CENTER,B5238,Wayne Senior High School 6200 Ontario Center Road Ontario Center,0.9040687
A3105,HAVILAND MIDDLE SCHOOL PO BOX 721 HYDE PARK,B1826,Haviland Middle School 20 Haviland Rd Hyde Park,0.90395266
A492,PS 42 CLAREMONT 1537 WASHINGTON AVE BRONX,B4109,Ps 536 1827 Archer Street Bronx,0.9039152
A3955,MANORHAVEN ELEMENTARY SCHOOL MOREWOOD OAKS PORT WASHINGTON,B2660,Manorhaven Elementary School 12 Morewood Oaks Port Washingtn,0.9038998
A809,PS 169 SUNSET PARK 4305 7TH AVE BROOKLYN,B4111,Ps 936 270 59th Street Brooklyn,0.90387124
A3712,KARL W SAILE BEAR ROAD ELEMENTARY SCHOOL 5590 BEAR RD NORTH SYRACUSE,B307,Bear Road Elementary School 5590 Bear Rd Syracuse,0.9038249
A651,PS 87 1935 BUSSING AVE BRONX,B4109,Ps 536 1827 Archer Street Bronx,0.9037882
A1241,PS 26 CARTERET SCHOOL (THE) 4108 VICTORY BLVD STATEN ISLAND,B3273,P.S. 026 The Carteret School 4108 Victory Blvd Staten Island,0.9037089
A408,PS 154 JONATHAN D HYATT 333 E 135TH ST BRONX,B4109,Ps 536 1827 Archer Street Bronx,0.90364367
A1758,PS 134 4001 18TH AVE BROOKLYN,B4111,Ps 936 270 59th Street Brooklyn,0.9036234
A2208,MAPLE GROVE JUNIOR/SENIOR HIGH SCHOOL PO BOX 468 BEMUS POINT,B2664,Maple Grove Jr-Sr High School 3980 Dutch Hollow Rd Bemus Point,0.903613
A2594,DELEVAN ELEMENTARY SCHOOL PO BOX 217 DELEVAN,B1070,Delevan Elementary School 30 School St Delevan,0.90357983
A3427,MCKENNA ELEMENTARY SCHOOL 210 SPRUCE ST MASSAPEQUA PARK,B2293,John P Mckenna Elem School 210 Spruce St Massapequa Pk,0.90357715
A24,SARANAC ELEMENTARY SCHOOL PO BOX 8 SARANAC,B4367,Saranac Elementary School 18 Picketts Corners Road Saranac,0.903546
A1661,PS 204 VINCE LOMBARDI 8101 15TH AVE BROOKLYN,B3664,P.S. 204 Vince Lombardi 8101 15 Avenue Brooklyn,0.9033474
A108,PS 110 FLORENCE NIGHTINGALE 285 DELANCEY ST NEW YORK,B3465,P.S. 110 Florence Nightingale 285 Delancey St Manhattan,0.90329415
A2052,ARBOR HILL ELEMENTARY SCHOOL 1 ARBOR DR ALBANY,B166,Arbor Hill Elem. School 1 Arbor Dr Albany,0.9031762
A2339,ACADEMY SCHOOL 756 ST LAWRENCE AVE BUFFALO,B4551,South Buffalo Charter School 154 South Ogden Street Buffalo,0.9031455
A2733,ANN G MCGUINNESS ELEMENTAR SCHOOL 1301 UNION CENTER MAIN HWY ENDICOTT,B155,Ann G Mcguinness Inter School 1301 Union Center Maine Hwy Endicott,0.90306515
A3503,ALDEN PLACE ELEMENTARY SCHOOL PO BOX AA MILLBROOK,B115,Alden Place Elementary School Alden Place Millbrook,0.9029983
A667,MS 180 DR DANIEL HALE WILLIAMS 700 BAYCHESTER AVE BRONX,B2577,M.S. 180 Dr. Daniel Hale Williams 700 Baychester Avenue Bronx,0.9029397
A646,PS 41 GUN HILL ROAD 3352 OLINVILLE AVE BRONX,B4109,Ps 536 1827 Archer Street Bronx,0.9029367
A27,WILLIAM H GOLDING MIDDLE SCHOOL 193 GOLDING DR COBLESKILL,B5352,William H. Golding Middle School Washington Heights Cobleskill,0.9029055
A1654,PS 179 KENSINGTON 202 AVE C BROOKLYN,B3611,P.S. 179 Kensington 202 Avenue C Brooklyn,0.90286285
A1583,PS 370 3000 W 1ST ST BROOKLYN,B4111,Ps 936 270 59th Street Brooklyn,0.90283656
A2892,BROOKSIDE ELEMENTARY SCHOOL CAMPUS 1144 LONG POND RD ROCHESTER,B610,Brookside Es Campus 1144 Long Pond Rd Rochester,0.9025964
A524,PS 63 AUTHOR'S ACADEMY 1260 FRANKLIN AVE BRONX,B3369,P.S. 063 Author'S Academy 1260 Franklin Ave Bronx,0.90238035
A1695,PS 128 BENSONHURST 2075 84TH ST BROOKLYN,B4111,Ps 936 270 59th Street Brooklyn,0.9023454
A1011,INTERNATIONAL HIGH SCHOOL AT LAGUARDIA COMMUNITY COLLEGE 45-35 VAN DAM ST LONG ISLAND CITY,B2127,International High School At Laguardia Community College 45-35 Van Dam Street Queens,0.9022703
A453,PS 146 EDWARD COLLINS 968 CAULDWELL AVE BRONX,B4109,Ps 536 1827 Archer Street Bronx,0.9022671
A4076,WILSON SCHOOL 25 BUCKINGHAM RD ROCKVILLE CENTRE,B5378,Wilson Elementary School 25 Buckingham Rd Rockville Ctr,0.9022432
A2119,TRAVER ROAD PRIMARY SCHOOL 801 TRAVER RD PLEASANT VALLEY,B4987,Traver Road Primary School 16 Traver Rd Pleasant Vly,0.90216243
A784,BROOKLYN COMMUNITY ARTS AND MEDIA HIGH SCHOOL (BCAM) 300 WILLOUGHBY AVE BROOKLYN,B580,Brooklyn High School For The Arts 345 Dean St. Brooklyn,0.90215755
A680,NORTH BRONX SCHOOL OF EMPOWERMENT 3710 BARNES AVE BRONX,B514,Bronx Community School 1232 Southern Blvd Bronx,0.90212184
A254,PS 87 WILLIAM SHERMAN 160 W 78TH ST NEW YORK,B3410,P.S. 087 William Sherman 160 W 78th St Manhattan,0.90198153
A3733,NORTHERN ADIRONDACK ELEMENTARY SCHOOL PO BOX 164 ELLENBURG DEPOT,B2907,N Adirondack Elementary School 5572 Rt 11 Ellenburg,0.9019599
A587,PS/IS 54 2703 WEBSTER AVE BRONX,B4113,Ps X469 3177 Webster Ave Bronx,0.90193665
A356,PS 28 WRIGHT BROTHERS 475 W 155TH ST NEW YORK,B3276,P.S. 028 Wright Brothers 475 West 155 Street Manhattan,0.9017544
A375,MOTT HALL SCHOOL (THE) 401 W 164TH ST NEW YORK,B4888,The Mott Hall School 71 Convent Ave # 111 New York,0.90167457
A3246,LAKE PLACID JUNIOR-SENIOR HIGH SCHOOL 34 SCHOOL ST LAKE PLACID,B2402,Lake Placid Jr & Sr High Sch 250 Main St Lake Placid,0.9015735
A4306,SOMERS SENIOR HIGH SCHOOL PO BX 640 LINCOLNDALE,B4532,Somers High School 120 Primrose Street Lincolndale,0.90156716
A659,PS 111 SETON FALLS 3740 BAYCHESTER AVE BRONX,B4109,Ps 536 1827 Archer Street Bronx,0.9014822
A980,NEWTOWN HIGH SCHOOL 48-01 90TH ST ELMHURST,B2995,Newtown High School 4801 90th St Queens,0.9014075
A1723,LEADERS HIGH SCHOOL 2630 BENSON AVE BROOKLYN,B128,All City Leadership Secondary School 321 Palmetto Street Brooklyn,0.90132934
A1549,NEW YORK CITY CHILDREN'S CENTER 74-03 COMMONWEALTH BLVD BELLEROSE,B2650,Manhattan Early Childhood Center 554 Fort Washington Avenue New York,0.90114295
A1668,JHS 259 WILLIAM MCKINLEY 7305 FT HAMILTON PKWY BROOKLYN,B2208,J.H.S. 259 William Mckinley 7301 Ft Hamilton Parkway Brooklyn,0.9011278
A1566,PS 721 STEPHEN MCSWEENEY SCHOOL 2697 WESTCHESTER AVE BRONX,B3884,P.S. X721 - Stephen Mcsweeney School 2697 Westchester Avenue Bronx,0.901092
A459,MS 302 LUISA DESSUS CRUZ 681 KELLY ST BRONX,B2589,M.S. 302 Luisa Dessus Cruz 681 Kelly Street Bronx,0.90076923
A1569,PS 811 MICKEY MANTLE SCHOOL 466 W END AVE NEW YORK,B3857,P.S. M811 - Mickey Mantle School 466 West End Avenue Manhattan,0.90062255
A873,PS 138 760 PROSPECT PL BROOKLYN,B4111,Ps 936 270 59th Street Brooklyn,0.9005331
A454,PS 152 EVERGREEN 1007 EVERGREEN AVE BRONX,B4109,Ps 536 1827 Archer Street Bronx,0.90048456
A810,PS 172 BEACON SCHOOL OF EXCELLENCE 825 4TH AVE BROOKLYN,B3598,P.S. 172 Beacon School Of Excellence 825 4th Ave Brooklyn,0.90043044
A1570,PS 368 70 TOMPKINS AVE BROOKLYN,B4111,Ps 936 270 59th Street Brooklyn,0.900422
A657,PS 106 PARKCHESTER 1514 OLMSTEAD AVE BRONX,B4109,Ps 536 1827 Archer Street Bronx,0.9003819
A3467,NORMAN J LEVY LAKESIDE SCHOOL 21 BABYLON RD MERRICK,B3007,Norman S Levy-Lakeside Elementary School Merrick And Babylon Rds Merrick,0.9003445
A513,PS 199 SHAKESPEARE SCHOOL (THE) 1449 SHAKESPEARE AVE BRONX,B3655,P.S. 199x - The Shakespeare School 1449 Shakespeare Ave. Bronx,0.90034395
A717,PS 150 CHARLES JAMES FOX 920 E 167TH ST BRONX,B3547,P.S. 150 Charles James Fox 920 East 167 Street Bronx,0.9003239
A1331,PS 319 360 KEAP ST BROOKLYN,B4111,Ps 936 270 59th Street Brooklyn,0.9002924
A727,BRONX LATIN SCHOOL 800 HOME ST BRONX,B510,Bronx Collaborative High School 100 West Mosholu Parkway South Bronx,0.9002117
A665,PS 160 WALT DISNEY 4140 HUTCHNSN RVR PKWY E BRONX,B3573,P.S. 160 Walt Disney 4140 Hutchinson River Pkway Ea Bronx,0.9001769
A877,PS 191 PAUL ROBESON 1600 PARK PL BROOKLYN,B3634,P.S. 191 Paul Robeson 1600 Park Place Brooklyn,0.9001602
A1322,PS 196 TEN EYCK 207 BUSHWICK AVE BROOKLYN,B3646,P.S. 196 Ten Eyck 207 Bushwick Ave Brooklyn,0.9000762
A3083,SACKETS HARBOR CENTRAL SCHOOL PO BOX 290 SACKETS HARBOR,B4335,Sackets Harbor Central School 215 S. Broad Street Sackets Harbor,0.9000695
A3765,SCHOOL 3 2852 FORTESQUE AVE OCEANSIDE,B3092,Oaks Elementary School 2852 Fortesque Ave Oceanside,0.89991295
A1599,PS 141 655 PARKSIDE AVE BROOKLYN,B4111,Ps 936 270 59th Street Brooklyn,0.8998999
A4585,PARK AVENUE ELEMENTARY SCHOOL PO BOX 595 WARWICK,B3931,Park Avenue Elementary School 10 Park Avenue Warwick,0.8998754
A1125,CYNTHIA JENKINS SCHOOL 179-37 137TH AVE JAMAICA,B1037,Cynthia Jenkins School 179-37 137 Avenue Queen,0.89982086
A269,LAFAYETTE ACADEMY 154 W 93RD ST NEW YORK,B2390,La Salle Academy 44 E 2nd Street New York,0.89980686
A856,PS 335 GRANVILLE T WOODS 130 ROCHESTER AVE BROOKLYN,B3782,P.S. 335 Granville T. Woods 130 Rochester Ave Brooklyn,0.89978886
A1431,PS 22 THOMAS JEFFERSON 153-33 SANFORD AVE FLUSHING,B3262,P.S. 022 Thomas Jefferson 153-33 Sanford Ave Flushing,0.8996204
A4094,RONDOUT VALLEY HIGH SCHOOL PO BOX 9 ACCORD,B4294,Rondout High School 122 Kyserike Rd Accord,0.8995862
A3049,HAROLD O BRUMSTED ELEMENTARY SCHOOL 173 CANADA ST HOLLAND,B1800,Harold O Brumsted Elem School Canada St Holland,0.8995558
A3827,OXFORD ACADEMY PRIMARY SCHOOL PO BOX 192 OXFORD,B3188,Oxford Academy Primary School 50 South Washington Ave Oxford,0.8993796
A491,PS 35 FRANZ SIEGEL 261 E 163RD ST BRONX,B4109,Ps 536 1827 Archer Street Bronx,0.8993492
A1232,PS 13 M L LINDEMEYER 191 VERMONT AVE STATEN ISLAND,B4110,Ps 78 100 Tompkins Ave Staten Island,0.8993302
A1436,PS 107 THOMAS A DOOLEY 167-02 45TH AVE FLUSHING,B3457,P.S. 107 Thomas A Dooley 16702 45th Ave Flushing,0.8993098
A4691,WESTMORELAND UPPER ELEMENTARY SCHOOL PO BOX 430 WESTMORELAND,B5308,Westmoreland Elementary School Rr 233 Westmoreland,0.89920187
A165,PS 130 HERNANDO DE SOTO 143 BAXTER ST NEW YORK,B3509,P.S. 130 Hernando De Soto 143 Baxter Street Manhattan,0.8991453
A1466,VERITAS ACADEMY 35-01 UNION ST FLUSHING,B5116,Veritas Academy 35-01 Union Street Queens,0.8991319
A3833,PALMYRA-MACEDON PRIMARY SCHOOL 120 CANANDAIGUA ST PALMYRA,B3921,Palmyra Macedon Intermediate School 4 West St Macedon,0.8990826
A1411,KAPPA V (KNOWLEDGE AND POWER PREP ACADEMY) 985 ROCKAWAY AVE BROOKLYN,B2377,Knowledge And Power Preparatory Academy International High School (Kappa) 500 East Fordham Road Bron,0.8990792
A923,PS 235 JANICE MARIE KNIGHT SCHOOL 525 LENOX RD BROOKLYN,B3709,P.S. 235 Janice Marie Knight School 525 Lenox Road Brooklyn,0.8990667
A871,MS 61 DR GLADSTONE H ATWELL 400 EMPIRE BLVD BROOKLYN,B2571,M.S. 061 Dr. Gladstone H. Atwell 400 Empire Boulevard Brooklyn,0.8989979
A4006,RICHFIELD SPRINGS ELEMENTARY SCHOOL PO BOX 631 RICHFIELD SPRINGS,B4217,Richfield Springs Central School 93 Main St Richfield Springs,0.89898944
A596,PS 246 POE CENTER 2641 GRAND CONCOURSE BRONX,B3720,P.S. 246 Poe Center 2641 Grand Concourse Bronx,0.8989532
A4161,SANDY CREEK HIGH SCHOOL PO BOX 248 SANDY CREEK,B4362,Sandy Creek High School 124 Salisbury Street Sandy Creek,0.89891315
A1780,UNCOMMON BED-STUY WEST CHARTER SCHOOL NYC 141 MACON ST-1ST FL BROOKLYN,B316,Bed-Stuy West Elementary School 141 Macon St Brooklyn,0.89887846
A2508,CLYMER CENTRAL SCHOOL PO BOX 580 CLYMER,B910,Clymer Central School 8672 East Main St Clymer,0.89877105
A825,MS 442 CARROLL GARDENS SCHOOL FOR INNOVATION 500 19TH ST BROOKLYN,B2596,M.S. 442 Carroll Gardens School For Innovation 317 Hoyt Street Brooklyn,0.89869857
A1246,PS 32 GIFFORD SCHOOL (THE) 232 BARLOW AVE STATEN ISLAND,B3289,P.S. 032 The Gifford School 32 Elverton Ave Staten Island,0.8986778
A4533,VALLEY STREAM NORTH HIGH SCHOOL 750 HERMAN AVE FRANKLIN SQUARE,B5098,Valley Stream Central High Sch 135 Fletcher Ave Valley Stream,0.8985741
A958,PS 145 ANDREW JACKSON 100 NOLL ST BROOKLYN,B3535,P.S. 145 Andrew Jackson 100 Noll St Brooklyn,0.89853317
A3375,MADISON CENTRAL SCHOOL PO BOX 155 MADISON,B2614,Madison Central School 7303 State Route 20 Madison,0.898471
A977,ROBERT F WAGNER JR SECONDARY SCHOOL FOR ARTS AND TECHNOLOGY 47-07 30TH PL LONG ISLAND CITY,B4251,"Robert F. Wagner, Jr. Secondary School For Arts And Technology 47-07 30th Place Queens",0.8984415
A658,PS 108 PHILIP J ABINANTI 1166 NEILL AVE BRONX,B4109,Ps 536 1827 Archer Street Bronx,0.8983943
A2207,BEMUS POINT ELEMENTARY SCHOOL PO BOX 468 BEMUS POINT,B344,Bemus Elementary School 41 Liberty St Bemus Point,0.8983666
A3555,BEDFORD VILLAGE ELEMENTARY SCHOOL PO BOX 173 BEDFORD,B323,Bedford Village Elem School 45 Court St Bedford,0.89828444
A880,MS 246 WALT WHITMAN 72 VERONICA PL BROOKLYN,B2581,M.S. 246 Walt Whitman 72 Veronica Place Brooklyn,0.8982223
A3547,EDWARD R ANDREWS ELEMENTARY SCHOOL PO BOX 990 MORRISVILLE,B1251,Edward Andrews Elem School 55 Eaton St Morrisville,0.8981148
A2975,HARPURSVILLE JUNIOR-SENIOR HIGH SCHOOL PO BOX 147 HARPURSVILLE,B1801,Harpursville Jr-Sr High School 54 Main Street Harpursville,0.89810437
A2064,STEPHEN AND HARRIET MYERS MIDDLE SCHOOL 100 ELBEL CT ALBANY,B2904,Myers Middle School 100 Elbel Court Albany,0.89809823
A714,JHS 98 HERMAN RIDDER 1619 BOSTON RD BRONX,B2182,J.H.S. 098 Herman Ridder 1619 Boston Road Bronx,0.89801645
A2637,HOWARD L GOFF SCHOOL 35 GILLIGAN RD EAST GREENBUSH,B1645,Goff Middle School 35 Gilligan Rd East Greenbush,0.8979566
A987,PS 71 FOREST 62-85 FOREST AVE RIDGEWOOD,B3386,P.S. 071 Forest 62-85 Forest Ave Ridgewood,0.89791703
A3949,N A HAMILTON BICENTENNIAL SCHOOL 929 RT 209 CUDDEBACKVILLE,B1761,Hamilton Bicentennial Elementary School 929 U.S. 209 Cuddebackville,0.8978774
A970,BROOKLYN SCHOOL FOR SOCIAL JUSTICE (THE) 400 IRVING AVE BROOKLYN,B639,Bushwick School For Social Justice 400 Irving Avenue Brooklyn,0.89778036
A3086,HUDSON JUNIOR HIGH SCHOOL 215 HARRY HOWARD AVE HUDSON,B2009,Hudson Falls High School 80 East Le Barge Street Hudson Falls,0.8977734
A2562,CORNWALL CENTRAL HIGH SCHOOL 10 DRAGON DR NEW WINDSOR,B992,Cornwall Central High School 122 Main St Cornwall,0.8977078
A4764,SAUNDERS TRADES & TECHNICAL HIGH SCHOOL 183 PALMER RD YONKERS,B4380,Saunders Tech High School 183 Palmer Rd Yonkers,0.8977031
A90,MERRICK ACADEMY-QUEENS PUBLIC CHARTER SCHOOL 136-25 218TH ST SPRINGFIELD GARDENS,B2755,Merrick Academy Queens Public Charter School 221-06 Merrick Blvd Laurelton,0.897668
A4495,UNION SPRINGS MIDDLE SCHOOL 239 CAYUGA ST UNION SPRINGS,B5019,Union Springs Cent Junior/High School 239 Cayuga St Union Springs,0.89765894
A1888,DEMOCRACY PREP ENDURANCE CHARTER SCHOOL 1000 WESTCHESTER AVE BRONX,B1077,Democracy Preparatory Charter High School 222 W 134th St New York,0.8975789
A1128,IS 59 SPRINGFIELD GARDENS 132-55 RIDGEDALE ST SPRINGFIELD GARDENS,B2038,I.S. 059 Springfield Gardens 132-55 Ridgedale Street Springfield Gardens,0.89755666
A3851,D B BUNCE ELEMENTARY SCHOOL 7071 YORK RD PAVILION,B1115,Dorothy B Bunce Elem School 7071 York Rd Pavilion,0.8971229
A1150,GEORGE WASHINGTON CARVER HIGH SCHOOL FOR THE SCIENCES 143-10 SPRINGFIELD BLVD SPRINGFIELD GARDENS,B1596,George Washington Carver High School For The Sciences 143-10 Springfield Boulevard Queens,0.8971156
A4341,SOUTHOLD ELEMENTARY SCHOOL PO BOX 470 SOUTHOLD,B4584,Southold Elem School 1120 Oaklawn Ave Southold,0.89707935
A2932,GUILDERLAND HIGH SCHOOL PO BOX 37 GUILDERLAND CENTER,B1742,Guilderland Elementary School 2225 Western Ave Guilderland,0.89698994
A1754,PS 251 PAERDEGAT 1037 E 54TH ST BROOKLYN,B3724,P.S. 251 Paerdegat 1037 E 54th St Brooklyn,0.8969622
A3486,BICYCLE PATH KINDERGARTEN-PRE K CENTER 27 N BICYCLE PATH SELDEN,B384,Bicycle Path Elementary School 27 North Bicycle Path Selden,0.89691174
A3676,BIRCHWOOD ELEMENTARY SCHOOL 897 BIRCHWOOD LN SCHENECTADY,B393,Birchwood Elementary School 897 Birchwood Ln Niskayuna,0.8969084
A1747,JHS 234 ARTHUR W CUNNINGHAM 1875 E 17TH ST BROOKLYN,B2207,J.H.S. 234 Arthur W. Cunningham 1875 E 17th St Brooklyn,0.89687055
A1928,SUCCESS ACADEMY CHARTER SCHOOL - BRONX 4 885 BOLTON AVE-3RD FL BRONX,B507,Bronx Charter School For Excellence 3 And 4 Middle 1160 E 213th S Bronx,0.89684093
A1496,PS 155 130-02 115TH AVE SOUTH OZONE PARK,B3562,P.S. 155 13002 115th Ave South Ozone Park,0.89679265
A806,PS 130 PARKSIDE (THE) 70 OCEAN PKWY BROOKLYN,B4111,Ps 936 270 59th Street Brooklyn,0.89667124
A1756,PS 315 2310 GLENWOOD RD BROOKLYN,B4111,Ps 936 270 59th Street Brooklyn,0.896635
A2379,CANANDAIGUA ACADEMY 435 EAST ST CANANDAIGUA,B679,Canandaigua Academy High Sch 435 East St Canandaigua,0.8966252
A4154,SALEM HIGH SCHOOL PO BOX 517 SALEM,B4349,Salem High School 41 East Broadway Salem,0.89651376
A1122,PS 34 JOHN HARVARD 104-12 SPRINGFIELD BLVD QUEENS VILLAGE,B4102,Ps 110 48-29 37th Street Queens,0.89646107
A4666,CLINTON ELEMENTARY SCHOOL 4100 CLINTON ST WEST SENECA,B901,Clinton Elementary School 75 Chenango Ave Clinton,0.8963305
A1116,QUEENS SCHOOL FOR LEADERSHIP AND EXCELLENCE (THE) 88-08 164TH ST JAMAICA,B5466,Young Women'S Leadership School Queens 109-20 Union Hall Street Jamaica,0.8963237
A1779,ACHIEVEMENT FIRST ENDEAVOR CHARTER SCHOOL 510 WAVERLY AVE BROOKLYN,B1182,East Brooklyn Ascend Charter School 260 Shepherd Avenue Brooklyn,0.8963059
A3934,POLAND JUNIOR-SENIOR HIGH SCHOOL 74 COLD BROOK ST POLAND,B5188,Warsaw Jr-Sr High School 81 W Court St Warsaw,0.89628613
A3394,MAURICE W DOWNING PRIMARY SCHOOL 55 LINDNER PL MALVERNE,B1122,Downing Elementary School Lindner Pl Malverne,0.8960271
A116,PS 188 ISLAND SCHOOL (THE) 442 E HOUSTON ST NEW YORK,B3628,P.S. 188 The Island School 442 East Houston Street Manhattan,0.8957609
A1099,QUEENS HIGH SCHOOL FOR THE SCIENCES AT YORK COLLEGE 94-50 159TH ST JAMAICA,B4140,Queens High School For The Sciences At York College 94-50 159 Street Queens,0.89568174
A2089,WINDERMERE BLVD SCHOOL 291 WINDERMERE BLVD AMHERST,B2669,Maplemere Elementary School 236 E Maplemere Rd Amherst,0.8956553
A956,PS 116 ELIZABETH L FARRELL 515 KNICKERBOCKER AVE BROOKLYN,B3479,P.S. 116 Elizabeth L Farrell 515 Knickerbocker Ave Brooklyn,0.8956017
A4131,GOLDEN HILL ELEMENTARY PO DRAWER 57 FLORIDA,B1646,Golden Hill Elementary School Po Box 757 Florida,0.8955372
A1741,PS 197 KINGS HIGHWAY ACADEMY (THE) 1599 E 22ND ST BROOKLYN,B3647,P.S. 197 - The Kings Highway Academy 1599 E 22nd St Brooklyn,0.8954606
A4558,WALTON MIDDLE SCHOOL 47-49 STOCKTON AVE WALTON,B5173,Walton Jr. Sr. High School 47-49 Stockton Ave Walton,0.8953767
A4082,BELLAMY ELEMENTARY SCHOOL 7118 BRENNAN AVE ROME,B1488,Francis X Bellamy Elem School 7118 Brennon Ave Rome,0.89534813
A109,PS 134 HENRIETTA SZOLD 293 E BROADWAY NEW YORK,B3521,P.S. 134 Henrietta Szold 293 E Broadway Manhattan,0.8953105
A3495,MIDDLEBURGH JUNIOR/SENIOR HIGH SCHOOL PO BOX 606 MIDDLEBURGH,B2773,Middleburgh Elementary School 245 Main St Middleburgh,0.8952904
A3826,OXFORD ACADEMY MIDDLE SCHOOL PO BOX 192 OXFORD,B3188,Oxford Academy Primary School 50 South Washington Ave Oxford,0.89527416
A1565,PS 373 91 HENDERSON AVE STATEN ISLAND,B4110,Ps 78 100 Tompkins Ave Staten Island,0.89526975
A1814,BROOKLYN PROSPECT CHARTER SCHOOL-CSD 15 341 39TH ST BROOKLYN,B784,Central Brooklyn Ascend Charter School 465 E 29th St Brooklyn,0.8949117
A494,PS 55 BENJAMIN FRANKLIN 450 ST PAUL'S PL BRONX,B3352,P.S. 055 Benjamin Franklin 450 Saint Pauls Pl Bronx,0.8948536
A648,PS 76 BENNINGTON SCHOOL (THE) 900 ADEE AVE BRONX,B3393,P.S. 076 The Bennington School 900 Adee Avenue Bronx,0.89479077
A882,PS 289 GEORGE V BROWER 900 ST MARKS AVE BROOKLYN,B3752,P.S. 289 George V. Brower 900 St Marks Avenue Brooklyn,0.8947817
A3527,SMITH CLOVE ELEMENTARY SCHOOL 21 SMITH CLOVE RD CENTRAL VALLEY,B4521,Smith-Clove Elementary School 21 Smith-Clove Central Valley,0.8947621
A3764,SCHOOL 2 2745 TERRELL AVE OCEANSIDE,B3092,Oaks Elementary School 2852 Fortesque Ave Oceanside,0.8946823
A4843,GENESEE COMMUNITY CHARTER SCHOOL-FLOUR CITY CAMPUS 1100 S GOODMAN ST ROCHESTER,B4264,Rochester Academy Charter School 841 Genesee Street Rochester,0.89463514
A1991,EDMUND W GORDON BROOKLYN LABORATORY CHARTER SCHOOL 77 SANDS ST BROOKLYN,B585,Brooklyn Laboratory Charter School - High School 77 Sands Street Brooklyn,0.89439625
A4303,PRIMROSE SCHOOL PO BOX 630 LINCOLNDALE,B4087,Primrose Elementary School 110 Primrose Street Lincolndale,0.8943026
A3332,MORGAN ROAD MIDDLE SCHOOL 4340 WETZEL RD LIVERPOOL,B2522,Liverpool High School 4338 Wetzel Rd Liverpool,0.8942843
A1579,PS 169 ROBERT F KENNEDY 110 E 88TH ST NEW YORK,B3904,P169m @ Robert F. Kennedy 110 East 88 Street New York,0.8942356
A3992,MILL ROAD-PRIMARY GRADES 9 MILL RD RED HOOK,B2792,Mill Road Elementary 9 Mill Road Red Hook,0.89415944
A2870,GOWANDA ELEMENTARY SCHOOL 10674 PROSPECT ST GOWANDA,B1663,Gowanda Hs 10674 Prospect St Gowanda,0.8941443
A1114,REDWOOD MIDDLE SCHOOL 133-25 GUY R BREWER BLVD JAMAICA,B4188,Redwood Middle School 133-25 Guy R Brewer Blvd Queens,0.8941358
A3682,ROSENDALE SCHOOL 2445 ROSENDALE RD SCHENECTADY,B4307,Rosendale Elementary School 2445 Rosendale Rd Niskayuna,0.89406604
A731,EXPLORATIONS ACADEMY HIGH SCHOOL 1619 BOSTON RD BRONX,B535,Bronx International High School 1100 Boston Road Bronx,0.89403725
A2347,NORTH PARK COMMUNITY SCHOOL #50 780 PARKSIDE AVE BUFFALO,B3059,Northwood Elementary School 250 Northwood Ave Buffalo,0.89390963
A1611,PS 138 144-176 E 128TH ST NEW YORK,B4102,Ps 110 48-29 37th Street Queens,0.89383996
A3085,HUDSON HIGH SCHOOL 215 HARRY HOWARD AVE HUDSON,B2009,Hudson Falls High School 80 East Le Barge Street Hudson Falls,0.893838
A770,PS 282 PARK SLOPE 180 6TH AVE BROOKLYN,B4111,Ps 936 270 59th Street Brooklyn,0.893796
A3012,PROSPECT ELEMENTARY SCHOOL 265 PENINSULA BLVD HEMPSTEAD,B4100,Prospect Kindergarten Center 265 Peninsula Blvd Hempstead,0.8937676
A3376,MADRID-WADDINGTON JUNIOR-SENIOR HIGH SCHOOL PO BOX 67 MADRID,B2618,Madrid-Waddington Jr. Sr. High School Rt 345 Madrid,0.8937515
A4330,SOUTH LEWIS HIGH SCHOOL PO BOX 40 TURIN,B4562,South Lewis Senior High School 4264 East Road Turin,0.8937003
A3616,DUZINE SCHOOL 31 SUNSET RIDGE NEW PALTZ,B1153,Duzine Elementary School 31 Sunset Rdg New Paltz,0.89360464
A1609,PS 53 544 7TH AVE BROOKLYN,B4111,Ps 936 270 59th Street Brooklyn,0.89355266
A1832,SUCCESS ACADEMY CHARTER SCHOOL-BRONX 1 339 MORRIS AVE-2ND FL BRONX,B507,Bronx Charter School For Excellence 3 And 4 Middle 1160 E 213th S Bronx,0.8935132
A1692,PS 100 CONEY ISLAND SCHOOL (THE) 2951 W 3RD ST BROOKLYN,B3441,P.S. 100 The Coney Island School 2951 West 3 Street Brooklyn,0.8935065
A4516,ROSCOE CONKLING ELEMENTARY SCHOOL 1115 MOHAWK ST UTICA,B967,Conkling School 1115 Mohawk St Utica,0.89349675
A334,PS 175 HENRY H GARNET 175 W 134TH ST NEW YORK,B3603,P.S. 175 Henry H Garnet 175 West 134 Street Manhattan,0.89338803
A1563,PS 373 BROOKLYN TRANSITION CENTER 185 ELLERY ST BROOKLYN,B3795,P.S. 373-Brooklyn Transition Center 185 Ellery St Brooklyn,0.89330244
A1010,MIDDLE COLLEGE HIGH SCHOOL AT LAGUARDIA COMMUNITY COLLEGE 45-35 VAN DAM ST LONG ISLAND CITY,B2768,Middle College High School At Laguardia Community College 45-35 Van Dam Street Queens,0.8932854
A643,PS 16 WAKEFIELD 4550 CARPENTER AVE BRONX,B4109,Ps 536 1827 Archer Street Bronx,0.89328086
A3148,WING ELEMENTARY SCHOOL 1 WINGANHAUPPAUGE RD ISLIP,B5391,Wing Kindergarten Center Wingan Hauppage Rd Islip,0.89326566
A2878,MARY J TANNER PRIMARY SCHOOL PO BOX 200 MIDDLE GRANVILLE,B2709,"Mary J Tanner School P.O. Box 200, 9593 State Route 22 Mdl Granville",0.8932556
A577,PS 56 NORWOOD HEIGHTS 341 E 207TH ST BRONX,B4109,Ps 536 1827 Archer Street Bronx,0.8932475
A3558,MOUNT SINAI ELEMENTARY SCHOOL PO BOX 397 MOUNT SINAI,B2881,Mount Sinai Elementary School N Country Rd Mount Sinai,0.89324594
A4095,RONDOUT VALLEY JUNIOR HIGH SCHOOL PO BOX 9 ACCORD,B4294,Rondout High School 122 Kyserike Rd Accord,0.8932162
A2328,WATERFRONT ELEMENTARY SCHOOL 95 FOURTH ST BUFFALO,B403,Blasdell Elementary School 3780 S Park Ave Buffalo,0.89313346
A1508,PS 254 ROSA PARKS SCHOOL (THE) 84-40 101ST ST RICHMOND HILL,B3728,P.S. 254 - The Rosa Parks School 84-40 101 Street Queens,0.89302224
A4553,PLATTEKILL ELEMENTARY SCHOOL PO BOX 310 WALLKILL,B4043,Plattekill Elementary School 1270 Route 32 Plattekill,0.8929572
A4069,THURGOOD MARSHALL MIDDLE SCHOOL 4115 LAKE AVE ROCHESTER,B4956,Thurgood Marshall Academy Lower School 276 W 151st St New York,0.89295256
A2888,VILLAGE SCHOOL 614 MIDDLE NECK RD GREAT NECK,B1688,Great Neck North Middle School 77 Polo Rd Great Neck,0.89288014
A2142,BAINBRIDGE-GUILFORD HIGH SCHOOL 18 JULIAND ST BAINBRIDGE,B245,Bainbridge-Guilford Ms/Hs 18 Juliand St Bainbridge,0.8928316
A2924,GREENWOOD LAKE ELEMENTARY SCHOOL PO BOX 8 GREENWOOD LAKE,B1720,Greenwood Lake Elem School 80 Waterstone Road Greenwood Lake,0.8927767
A1152,PATHWAYS COLLEGE PREPARATORY SCHOOL:  A COLLEGE BOARD SCHOOL 109-89 204TH ST SAINT ALBANS,B3954,Pathways College Preparatory School: A College Board School 109-89 204 Street Queens,0.8926189
A3097,FLOWER HILL SCHOOL PO BOX 1500 HUNTINGTON,B1444,Flower Hill Elementary School 98 Flower Hill Road Huntington,0.8926066
A1679,SCHOOL FOR FUTURE LEADERS (THE) 942 62ND ST BROOKLYN,B3768,P.S. 310 - The School For Future Leaders 942 62nd Street Brooklyn,0.89259917
A4053,SCHOOL 54-FLOWER CITY COMMUNITY SCHOOL 36 OTIS ST ROCHESTER,B1314,Elementary School 52 100 Farmington Rd Rochester,0.8925971
A4462,TIOGA MIDDLE SCHOOL PO BOX 241 TIOGA CENTER,B4964,Tioga Middle School 27 5th Ave Tioga Center,0.89249337
A1728,PS 109 1001 E 45TH ST BROOKLYN,B4111,Ps 936 270 59th Street Brooklyn,0.8924765
A1622,PS 643 639 ST ANN'S AVE BRONX,B4109,Ps 536 1827 Archer Street Bronx,0.8924166
A581,PS 94 KINGS COLLEGE SCHOOL 3530 KINGS COLLEGE PL BRONX,B3425,P.S. 094 Kings College School 3530 Kings College Pl Bronx,0.8924062
A398,PS 1 COURTLANDT SCHOOL 335 E 152ND ST BRONX,B3204,P.S. 001 Courtlandt School 335 East 152 Street Bronx,0.8923803
A3457,MEDINA JUNIOR-SENIOR HIGH SCHOOL 2 MUSTANG DR MEDINA,B2750,Medina High School 11235 Maple Ridge Rd Medina,0.8923737
A961,PS 274 KOSCIUSKO 800 BUSHWICK AVE BROOKLYN,B4111,Ps 936 270 59th Street Brooklyn,0.89233816
A585,PS 205 FIORELLO LAGUARDIA 2475 SOUTHERN BLVD BRONX,B3667,P.S. 205 Fiorello Laguardia 2475 Southern Blvd Bronx,0.8923232
A3302,PRIMARY EDUCATION CENTER 4061 CREEK RD YOUNGSTOWN,B2465,Lewiston-Porter Primary Education Cntr 4061 Creek Rd Youngstown,0.89231205
A1399,PS 156 WAVERLY 104 SUTTER AVE BROOKLYN,B3565,P.S. 156 Waverly 104 Sutter Ave Brooklyn,0.8923068
A1738,PS 193 GIL HODGES 2515 AVE L BROOKLYN,B3638,P.S. 193 Gil Hodges 2515 Avenue L Brooklyn,0.89225125
A2366,CAIRO-DURHAM HIGH SCHOOL PO BOX 598 CAIRO,B658,Cairo-Durham Jr-Sr High School 1301 Rt 145 Cairo,0.89221
A3459,MENANDS SCHOOL 19 WARDS LN MENANDS,B2752,Menands School 19 Wards Lane Menands,0.892179
A2615,DRYDEN HIGH SCHOOL PO BOX 88 DRYDEN,B1139,Dryden High School Freeville Rd Dryden,0.89213413
A557,BRONX STEM AND ARTS ACADEMY (THE) 695 E 182ND ST BRONX,B1190,East Fordham Academy For The Arts 120 East 184 Street Bronx,0.8921178
A4298,SODUS ELEMENTARY SCHOOL PO BOX 220 SODUS,B4526,Sodus Elementary School 6264 State Route 88 Sodus,0.891975
A1256,PS 48 WILLIAM G WILCOX 1050 TARGEE ST STATEN ISLAND,B3335,P.S. 048 William C. Wilcox 1055 Targee St Staten Island,0.89194524
A1927,AMERICAN DREAM CHARTER SCHOOL 403 CONCORD AVE BRONX,B1134,Dream Charter School Mott Haven 20 Bruckner Blvd Bronx,0.89192045
A1713,PS 329 SURFSIDE 2929 W 30TH ST BROOKLYN,B3778,P.S. 329 Surfside 2929 W 30th St Brooklyn,0.8918357
A655,PS 103 HECTOR FONTANEZ 4125 CARPENTER AVE BRONX,B3447,P.S. 103 Hector Fontanez 4125 Carpenter Avenue Bronx,0.8917812
A1465,ACTIVE LEARNING ELEMENTARY SCHOOL (THE) 137-20 FRANKLIN AVE FLUSHING,B4826,The Active Learning Elementary School 137-20 Franklin Ave Queens,0.8917403
A2766,FONDA-FULTONVILLE K-4 SCHOOL PO BOX 1501 FONDA,B1451,Fonda-Fultonville K-4 School 112 Old Johnstown Rd Fonda,0.89169604
A1154,PS/IS 295 222-14 JAMAICA AVE QUEENS VILLAGE,B4115,Ps/Is 268 92-07 175 Street Queens,0.8916559
A4616,WAYNE CENTRAL MIDDLE SCHOOL PO BOX 155 ONTARIO CENTER,B5237,Wayne Primary School 1730 Ridge Road Ontario Center,0.8916528
A2340,MIDDLE EARLY COLLEGE HIGH SCHOOL 2885 MAIN ST BUFFALO,B142,Amherst Central High School 4301 Main St Buffalo,0.8915968
A1235,PS 19 CURTIS SCHOOL (THE) 780 POST AVE STATEN ISLAND,B1035,Curtis High School 105 Hamilton Ave Staten Island,0.89157975
A164,PS 126 JACOB AUGUST RIIS 80 CATHERINE ST NEW YORK,B3499,P.S. 126 Jacob August Riis 80 Catherine Street Manhattan,0.8915678
A1157,COLLABORATIVE ARTS MIDDLE SCHOOL 145-00 SPRINGFIELD BLVD SPRINGFIELD GARDENS,B924,Collaborative Arts Middle School 145-00 Springfield Boulevard Queens,0.89153063
A3452,MCGRAW ELEMENTARY SCHOOL 50 W ACADEMY ST MCGRAW,B2732,Mcgraw High School 10 W Academy St Mc Graw,0.8913679
A3990,RED CREEK MIDDLE SCHOOL PO BOX 190 RED CREEK,B4182,Red Creek Middlehigh School 6574 South St Red Creek,0.89130443
A840,PS 958 836-841 5TH AVE BROOKLYN,B4111,Ps 936 270 59th Street Brooklyn,0.89130086
A2393,HAGAN SCHOOL 42 HAGAN DR POUGHKEEPSIE,B1753,Hagan-Spackenkill Elem School 42 Hagan Dr Poughkeepsie,0.8912845
A3935,POLAND ELEMENTARY SCHOOL 74 COLD BROOK ST POLAND,B5187,Warsaw Elementary School 153 W Buffalo St Warsaw,0.89117444
A418,LABORATORY SCHOOL OF FINANCE AND TECHNOLOGY (THE):  X223 360 E 145TH ST BRONX,B2578,M.S. 223 The Laboratory School Of Finance And Technology 360 East 145 Street Bronx,0.8910856
A2313,COMMUNITY SCHOOL #53 329 ROEHRER AVE BUFFALO,B4405,"School #097, Harvey Austin School 1405 Sycamore Street Buffalo",0.89108515
A4260,SHERMAN HIGH SCHOOL PO BOX 950 SHERMAN,B4496,Sherman High School 127 Park St Sherman,0.8910529
A3013,RHODES ACADEMY OF HUMANITIES AND THE ARTS 270 WASHINGTON ST HEMPSTEAD,B4211,Rhodes Academy 270 Washington Strret Hempstead,0.8909708
A3966,S F B MORSE ELEMENTARY SCHOOL 101 MANSION ST POUGHKEEPSIE,B2851,Morse Young Magnet School 101 Mansion St Poughkeepsie,0.89096
A3098,HUNTINGTON HIGH SCHOOL PO BOX 1500 HUNTINGTON,B2024,Huntington High School 188 Oakwood Rd Huntington,0.890874
A759,PS 44 MARCUS GARVEY 432 MONROE ST BROOKLYN,B3320,P.S. 044 Marcus Garvey 432 Monroe Street Brooklyn,0.890812
A1445,JHS 185 EDWARD BLEEKER 147-26 25TH DR FLUSHING,B2193,J.H.S. 185 Edward Bleeker 147-26 25th Dr Queens,0.8907617
A1261,PS 54 CHARLES W LENG 1060 WILLOWBROOK RD STATEN ISLAND,B4110,Ps 78 100 Tompkins Ave Staten Island,0.8906538
A1208,ENERGY TECH HIGH SCHOOL 36-41 28TH ST LONG ISLAND CITY,B1349,Energy Tech High School 36-41 28 Street Queens,0.89057785
A2794,NEW VISIONS ELEMENTARY SCHOOL 80 RAYNOR ST FREEPORT,B2968,New Vision Exploration School 87 Pine St Freeport,0.89045763
A2740,FABIUS-POMPEY ELEMENTARY SCHOOL 7800 MAIN ST FABIUS,B1392,Fabius Jr-Sr High School 1211 Mill St Fabius,0.89040244
A456,LONGWOOD PREPARATORY ACADEMY 965 LONGWOOD AVE BRONX,B4838,The Bronxwood Preparatory Academy 921 East 228th Street Bronx,0.8904009
A2524,SAWMILL INTERMEDIATE SCHOOL PO BOX 150 COMMACK,B4385,Sawmill Intermediate School 103 New Hwy Commack,0.8903991
A2871,GOWANDA HIGH SCHOOL 10674 PROSPECT ST GOWANDA,B1663,Gowanda Hs 10674 Prospect St Gowanda,0.89034486
A559,PS 279 CAPT MANUEL RIVERA JR 2100 WALTON AVE BRONX,B3744,"P.S. 279 Captain Manuel Rivera, Jr. 2100 Walton Ave Bronx",0.89031446
A3638,NEWARK VALLEY SENIOR HIGH SCHOOL PO BOX 547 NEWARK VALLEY,B2982,Newark Valley Middle School 88 Whig St Newark Valley,0.89023757
A1803,UNCOMMON BED-STUY EAST CHARTER SCHOOL NYC 800 GATES AVE-4TH FL BROOKLYN,B315,"Bed-Stuy East Middle School 800 Gates Avenue, 4th. Floor Brooklyn",0.89021957
A1354,PS 213 NEW LOTS 580 HEGEMAN AVE BROOKLYN,B3684,P.S. 213 New Lots 580 Hegeman Avenue Brooklyn,0.8902011
A3528,SAPPHIRE ELEMENTARY SCHOOL 159 HARRIMN HGHTS RD HARRIMAN,B4366,Sapphire Heights Elem School Po Box 1033 Harriman,0.89019424
A1491,PS 123 145-01 119TH AVE SOUTH OZONE PARK,B3562,P.S. 155 13002 115th Ave South Ozone Park,0.8901515
A135,HIGH SCHOOL 560 CITY-AS-SCHOOL 16 CLARKSON ST NEW YORK,B1915,High School M560 - City As School 16 Clarkson St Manhattan,0.8901353
A172,NYC LAB HIGH SCHOOL FOR COLLABORATIVE STUDIES 333 W 17TH ST NEW YORK,B2974,New York City Lab Middle School For Collaborative Studies 333 West 17 Street Manhattan,0.8901292
A3069,HOOSIC VALLEY JUNIOR SENIOR HIGH SCHOOL RT 67 SCHAGHTICOKE,B1987,Hoosic Valley Jr-Sr High Sch 1548 Route 67 Schaghticoke,0.89000434
A276,PS 180 HUGO NEWMAN 370 W 120TH ST NEW YORK,B3612,P.S. 180 Hugo Newman 370 W 120th St Manhattan,0.88997287
A4162,SANDY CREEK MIDDLE SCHOOL PO BOX 248 SANDY CREEK,B4362,Sandy Creek High School 124 Salisbury Street Sandy Creek,0.8898941
A1735,PS 119 AMERSFORT 3829 AVE K BROOKLYN,B4111,Ps 936 270 59th Street Brooklyn,0.88988394
A1402,PS 184 NEWPORT 273 NEWPORT ST BROOKLYN,B3620,P.S. 184 Newport 273 Newport St Brooklyn,0.88978213
A2272,BRIDGEHAMPTON SCHOOL PO BOX 3021 BRIDGEHAMPTON,B469,Bridgehampton Schools 2685 Montauk Highway Bridgehampton,0.8897727
A3825,OXFORD ACADEMY HIGH SCHOOL PO BOX 192 OXFORD,B3186,Oxford Academy High School 50 South Washington Ave Oxford,0.88972634
A2544,SUSAN E WILEY SCHOOL SCUDDER AVE COPIAGUE,B5334,Wiley Elementary School 365 Scudder Ave Copiague,0.8896506
A653,PS 96 RICHARD RODGERS 2385 OLINVILLE AVE BRONX,B3432,P.S. 096 Richard Rodgers 650 Waring Avenue Bronx,0.8895945
A1404,PS 298 DR BETTY SHABAZZ 85 WATKINS ST BROOKLYN,B3758,P.S. 298 Dr. Betty Shabazz 85 Watkins St Brooklyn,0.88957727
A1707,PS 238 ANNE SULLIVAN 1633 E 8TH ST BROOKLYN,B3712,P.S. 238 Anne Sullivan 1633 East 8 Street Brooklyn,0.889453
A4548,VOORHEESVILLE ELEMENTARY SCHOOL PO BOX 468 VOORHEESVILLE,B5147,Voorheesville Middle School 432 New Salem Rd Voorheesville,0.88939124
A2580,CROWN POINT CENTRAL SCHOOL PO BOX 35 CROWN POINT,B1026,Crown Point Central School Main Street Crown Point,0.8893597
A2020,HELLENIC CLASSICAL CHARTER SCHOOL - STATEN ISLAND 1641 RICHMOND AVE STATEN ISLAND,B1849,Hellenic Classical Charter School 646 Fifth Ave Brooklyn,0.88927525
A3075,NORTH HORNELL SCHOOL AVONDALE AVE HORNELL,B3018,North Hornell Elem School 173 Terry St Hornell,0.8892161
A3763,SCHOOL 7-OCEANSIDE SENIOR HIGH SCHOOL 3160 SKILLMAN AVE OCEANSIDE,B3097,Oceanside High School 3160 Skillman Ave Oceanside,0.88918996
A1360,PS 306 ETHAN ALLEN 970 VERMONT ST BROOKLYN,B3764,P.S. 306 Ethan Allen 970 Vermont Street Brooklyn,0.88918984
A1045,PS 98 DOUGLASTON SCHOOL (THE) 40-20 235TH ST DOUGLASTON,B3436,P.S. 098 The Douglaston School 4020 235th St Douglaston,0.8891749
A2241,BLOOMFIELD MIDDLE SCHOOL PO BOX 250 BLOOMFIELD,B407,Bloomfield Elementary School 45 Maple Ave Bloomfield,0.88912416
A3062,HONEOYE ELEMENTARY SCHOOL PO BOX 170 HONEOYE,B1981,Honeoye Elementary School 8528 Main Street Honeoye,0.88911664
A3961,LAWRENCE AVENUE ELEMENTARY SCHOOL 29 LEROY ST POTSDAM,B2427,Lawrence Avenue Elem School Lawrence Avenue Potsdam,0.8890942
A1582,PS 369 COY L COX SCHOOL 491 DEAN ST BROOKLYN,B3846,P.S. K369 - Coy L. Cox School 383 State Street Brooklyn,0.88898474
A1348,PS 149 DANNY KAYE 700 SUTTER AVE BROOKLYN,B3544,P.S. 149 Danny Kaye 700 Sutter Avenue Brooklyn,0.8889353
A1391,PS 938 76 DINSMORE PL BROOKLYN,B4112,Ps 939 270 59th Street Brooklyn,0.88891625
A2801,BLASDELL ELEMENTARY SCHOOL 3780 S PARK AVE BLASDELL,B403,Blasdell Elementary School 3780 S Park Ave Buffalo,0.88891006
A2456,CHAZY CENTRAL RURAL JUNIOR-SENIOR HIGH SCHOOL 609 MINER FARM RD CHAZY,B832,Chazy Union Free School 609 Miner Farm Road Chazy,0.88884985
A268,MS 247 DUAL LANGUAGE MIDDLE SCHOOL 100 W 77TH ST NEW YORK,B2607,M.S. M247 Dual Language Middle School 32 West 92 Street Manhattan,0.8888258
A1244,PS 30 WESTERLEIGH 200 WARDWELL AVE STATEN ISLAND,B3281,P.S. 030 Westerleigh 200 Wardwell Ave Staten Island,0.8888237
A2195,BEAVER RIVER SENIOR HIGH SCHOOL PO BOX 179 BEAVER FALLS,B308,Beaver River Middle School 9508 Artz Road Beaver Falls,0.8887253
A2761,FILLMORE CENTRAL SCHOOL PO BOX 177 FILLMORE,B1426,Fillmore Central School 104 W Main St Fillmore,0.8887179
A1820,ACADEMY CHARTER SCHOOL 117 N FRANKLIN AVE HEMPSTEAD,B4823,The Academy Charter School I 117 North Franklin St Hemstead,0.88865304
A1755,PS 277 GERRITSEN BEACH 2529 GERRITSEN AVE BROOKLYN,B3743,P.S. 277 Gerritsen Beach 2529 Gerritsen Ave Brooklyn,0.8885391
A1648,PS 127 MCKINLEY PARK 7805 7TH AVE BROOKLYN,B3501,P.S. 127 Mckinley Park 7805 7 Avenue Brooklyn,0.8882835
A1202,BACCALAUREATE SCHOOL FOR GLOBAL EDUCATION 34-12 36TH AVE LONG ISLAND CITY,B243,Baccalaureate School For Global Education 3412 36th Ave Astoria,0.88825
A187,PS 212 MIDTOWN WEST 328 W 48TH ST NEW YORK,B3683,P.S. 212 Midtown West 328 West 48 Street Manhattan,0.8881962
A455,PS 182 601 STICKBALL BLVD BRONX,B4109,Ps 536 1827 Archer Street Bronx,0.8881904
A3235,LA FARGEVILLE CENTRAL SCHOOL PO BOX 138 LA FARGEVILLE,B2387,La Fargevill Central School 20414 Sunrise Ave La Fargeville,0.8881855
A2687,GREENBURGH ELEVEN ELEMENTARY SCHOOL 1 ECHO HILLS - BETHUNE BLDG #36 DOBBS FERRY,B1704,Greenburgh Eleven Elementary School P.O. Box 501 Dobbs Ferry,0.88817203
A2919,GREENVILLE HIGH SCHOOL PO BOX 129 GREENVILLE,B1714,Greenville Jr-Sr High School 4982 State Route 81 Greenville,0.8881547
A3742,NORTHVILLE HIGH SCHOOL PO BOX 608 NORTHVILLE,B3054,Northville High School 131 S 3rd St Northville,0.88807285
A162,PS 116 MARY LINDLEY MURRAY 210 E 33RD ST NEW YORK,B3480,P.S. 116 Mary Lindley Murray 210 E 33rd St New York,0.888051
A3732,NORTHERN ADIRONDACK MIDDLE/HIGH SCHOOL PO BOX 164 ELLENBURG DEPOT,B2908,N Adirondack Jr-Sr High School Po Box 164 Ellenburg Dpt,0.8879919
A561,PS 37 MULTIPLE INTELLIGENCE SCHOOL 360 W 230TH ST BRONX,B3876,P.S. X037 - Multiple Intelligence School 360 West 230 Street Bronx,0.88797545
A1752,PS 312 BERGEN BEACH 7103 AVE T BROOKLYN,B3770,P.S. 312 Bergen Beach 7103 Avenue T Brooklyn,0.88795626
A504,PS 163 ARTHUR A SCHOMBERG 2075 WEBSTER AVE BRONX,B4109,Ps 536 1827 Archer Street Bronx,0.88795483
A2692,G L PRIESS PRIMARY SCHOOL 3000 SCHOOLVIEW RD EDEN,B1732,Grover L Preiss Primary School 3000 Schoolview Rd Eden,0.88773394
A4705,WHITEHALL JUNIOR-SENIOR HIGH SCHOOL PO BOX 29 WHITEHALL,B5326,Whitehall Jr-Sr High School Buckley Road Whitehall,0.88771135
A4568,GAYHEAD SCHOOL PO BOX 307 HOPEWELL JUNCTION,B1569,Gayhead Elementary School Entry Rd Hopewell Jct,0.8875897
A1016,HIGH SCHOOL OF APPLIED COMMUNICATIONS 30-20 THOMSON AVE LONG ISLAND CITY,B1908,High School For Media And Communications 549 Audubon Avenue Manhattan,0.8874006
A2992,HAUPPAUGE HIGH SCHOOL PO BOX 6006 HAUPPAUGE,B1822,Hauppauge Middle School 600 Townline Rd Hauppauge,0.88723767
A4749,WYOMING CENTRAL SCHOOL PO BOX 244 WYOMING,B5420,Wyoming Central School 1225 State Route 19 Wyoming,0.8871289
A170,PS 198 ISADOR E IDA STRAUS 1700 3RD AVE NEW YORK,B3651,P.S. 198 Isador E. Ida Straus 1700 3 Avenue Manhattan,0.88711095
A1663,JHS 220 JOHN J PERSHING 4812 9TH AVE BROOKLYN,B2203,J.H.S. 220 John J. Pershing 4812 9 Avenue Brooklyn,0.8869325
A1211,HUNTERS POINT ELEMENTARY SCHOOL 1-35 57TH AVE LONG ISLAND CITY,B2023,Hunters Point Community Middle School 1-50 51st Ave Queens,0.8868
A4014,PULASKI STREET ELEMENTARY SCHOOL 300 PULASKI ST RIVERHEAD,B4125,Pulaski Road Elementary School 623 9th Ave East Northport,0.88679594
A3419,MARION JUNIOR-SENIOR HIGH SCHOOL PO BOX 999 MARION,B2688,Marion Jr-Sr High School 4034 Warner Rd Marion,0.88670564
A1328,EAST WILLIAMSBURG SCHOLARS ACADEMY 850 GRAND ST BROOKLYN,B567,Brooklyn College Academy 350 Coney Island Ave Brooklyn,0.886626
A2563,CORNWALL-ON-HUDSON ELEMENTARY SCHOOL 234 HUDSON ST CORNWALL ON HUDSON,B993,Cornwall Elementary School 99 Lee Rd Cornwall,0.8865324
A2045,VALLEY EARLY CHILDHOOD SCHOOL 6786 COUNTY RT 119 CAMERON MILLS,B5097,Valley Elementary School 5736 County Road 119 Cameron Mills,0.8864431
A288,PS 452 210 W 61ST ST NEW YORK,B4110,Ps 78 100 Tompkins Ave Staten Island,0.8862921
A301,PS 112 JOSE CELSO BARBOSA 535 E 119TH ST NEW YORK,B3473,P.S. 112 Jose Celso Barbosa 535 E 119th St Manhattan,0.8862344
A3730,MOOERS ELEMENTARY SCHOOL 16 SCHOOL ST MOOERS,B2839,Mooers Elementary School School Street Mooers,0.8862081
A1295,OPPORTUNITY CHARTER SCHOOL 240 W 113TH ST-4TH FL NEW YORK,B4892,"The Opportunity Charter School 240 West 113th Street, Room 406 New York",0.88617796
A2204,SHORE ROAD SCHOOL 2801 SHORE RD BELLMORE,B4498,Shore Road Intermediate Center 2801 Shore Rd Bellmore,0.88615465
A3542,MORAVIA JUNIOR-SENIOR HIGH SCHOOL PO BOX 1189 MORAVIA,B2840,Moravia Jr-Sr High School 68 S Main St Moravia,0.8860066
A1462,EAST-WEST SCHOOL OF INTERNATIONAL STUDIES 46-21 COLDEN ST FLUSHING,B1225,East-West School Of International Studies 46-21 Colden Street Queens,0.8859751
A1700,PS 209 MARGARET MEAD 2609 E 7TH ST BROOKLYN,B3677,P.S. 209 Margaret Mead 2609 East 7 Street Brooklyn,0.8859271
A973,ACADEMY FOR EXCELLENCE IN LEADERSHIP 400 IRVING AVE BROOKLYN,B46,Academy For Personal Leadership And Excellence 120 East 184 Street Bronx,0.8858491
A4299,SODUS INTERMEDIATE SCHOOL PO BOX 220 SODUS,B4527,Sodus Intermediate School 54 Mill St Ext Sodus,0.885846
A4696,WHEELERVILLE SCHOOL PO BOX 756 CAROGA LAKE,B5318,Wheelerville Un Free School 2417 State Highway 10 Caroga Lake,0.8858296
A1082,PS 121 126-10 109TH AVE SOUTH OZONE PARK,B3562,P.S. 155 13002 115th Ave South Ozone Park,0.88571906
A1797,NYC CHARTER HS - AECI 838 BROOK AVE BRONX,B550,Bronx-Manhattan Sda School 1440 Plimpton Ave Bronx,0.8857086
A4062,RISE COMMUNITY SCHOOL 279 W RIDGE RD ROCHESTER,B1308,Elementary School 41 279 Ridge Rd W Rochester,0.8855939
A177,PS 89 201 WARREN ST NEW YORK,B4110,Ps 78 100 Tompkins Ave Staten Island,0.885586
A3922,PLAINVIEW-OLD BETHPAGE/JFK HIGH SCHOOL 50 KENNEDY DR PLAINVIEW,B2331,Kennedy High School 50 Kennedy Dr Plainview,0.8854886
A661,PS 121 THROOP 2750 THROOP AVE BRONX,B4109,Ps 536 1827 Archer Street Bronx,0.8853715
A2120,WEST ROAD/D'AQUANNIS INTERMEDIATE SCHOOL 181 WEST RD PLEASANT VALLEY,B5280,West Road Intermediate School 253 West Rd Pleasant Vly,0.88527215
A3402,MANHASSET MIDDLE SCHOOL 200 MEMORIAL PL MANHASSET,B2640,Manhasset Hs - Secondary School 200 Memorial Pl Manhasset,0.88526314
A4461,TIOGA ELEMENTARY SCHOOL PO BOX 241 TIOGA CENTER,B4961,Tioga Elementary School 27 Fifth Avenue Tioga Center,0.8851652
A1492,PS 124 OSMOND A CHURCH 129-15 150TH AVE SOUTH OZONE PARK,B3494,P.S. 124 Osmond A Church 129-15 150 Avenue Queens,0.88497126
A1253,PS 44 THOMAS C BROWN 80 MAPLE PKWY STATEN ISLAND,B4110,Ps 78 100 Tompkins Ave Staten Island,0.88486874
A1578,PS 77 62 PARK PL BROOKLYN,B4111,Ps 936 270 59th Street Brooklyn,0.8848398
A461,GOTHAM COLLABORATIVE HIGH SCHOOL 1980 LAFAYETTE AVE BRONX,B513,Bronx Community High School 1980 Lafayette Ave Bronx,0.8847628
A2874,MARTIN LUTHER KING JR HIGH SCHOOL 1 S BROADWAY HASTINGS ON HUDSON,B2702,Martin Luther King Elem School 135 Locust Hill Ave Yonkers,0.8847554
A265,PS 242 YOUNG DIPLOMATS MAGNET ACADEMY (THE) 134 W 122ND ST NEW YORK,B3715,P.S. 242 - The Young Diplomats Magnet Academy 134 West 122 Street Manhattan,0.8846679
A2633,CITIZEN EDMOND GENET SCHOOL 29 ENGLEWOOD AVE EAST GREENBUSH,B1583,Genet Middle School 29 Englewood Ave East Greenbush,0.8845997
A2864,GOSHEN INTERMEDIATE SCHOOL 13 MCNALLY ST GOSHEN,B2124,Intermediate 13 Mcnally St Goshen,0.8845038
A1833,SUCCESS ACADEMY CHARTER SCHOOL-BRONX 2 450 ST PAUL'S PL-5TH FL BRONX,B507,Bronx Charter School For Excellence 3 And 4 Middle 1160 E 213th S Bronx,0.8844273
A167,PS 158 BAYARD TAYLOR 1458 YORK AVE NEW YORK,B3568,P.S. 158 Bayard Taylor 1458 York Avenue Manhattan,0.8843244
A407,PS 65 MOTHER HALE ACADEMY 677 E 141ST ST BRONX,B3374,P.S. 065 Mother Hale Academy 677 East 141 Street Bronx,0.88425195
A1199,PS 222-FIRE FIGHTER CHRISTOPHER A SANTORA SCHOOL 86-15 37TH AVE JACKSON HEIGHTS,B3863,P.S. Q222 - Fire Fighter Christopher A. Santora School 86-15 37 Avenue Queens,0.8842479
A1361,PS 328 PHYLLIS WHEATLEY 330 ALABAMA AVE BROOKLYN,B3777,P.S. 328 Phyllis Wheatley 330 Alabama Avenue Brooklyn,0.88422596
A2165,MILTON TERRACE ELEMENTARY SCHOOL 200 WOOD RD BALLSTON SPA,B264,Ballston Spa Middle School 10 Wood Rd Ballston Spa,0.8842101
A1238,PS 22 GRANITEVILLE 1860 FOREST AVE STATEN ISLAND,B3261,P.S. 022 Graniteville 1860 Forest Ave Staten Island,0.88419163
A1346,PS 65 696 JAMAICA AVE BROOKLYN,B4111,Ps 936 270 59th Street Brooklyn,0.88416183
A3697,NORTH COLLINS JUNIOR-SENIOR HIGH SCHOOL PO BOX 740 NORTH COLLINS,B3012,North Collins Jr-Sr High Sch 2045 School St North Collins,0.88409525
A61,UNADILLA VALLEY ELEMENTARY SCHOOL PO BOX F NEW BERLIN,B5014,Unadilla Valley Central School 4238 State Highway 8 New Berlin,0.88408774
A1457,PS 242 LEONARD P STAVISKY EARLY CHILDHOOD SCHOOL 29-66 137TH ST FLUSHING,B3716,P.S. 242 Leonard P. Stavisky Early Childhood School 29-66 137 Street Queens,0.8840173
A1503,PS 232 LINDENWOOD 153-23 83RD ST HOWARD BEACH,B3705,P.S. 232 Lindenwood 15323 83rd St Howard Beach,0.8839994
A1701,PS 212 LADY DEBORAH MOODY 87 BAY 49TH ST BROOKLYN,B3682,P.S. 212 Lady Deborah Moody 87 Bay 49 Street Brooklyn,0.88386387
A4264,VERNON-VERONA-SHERRILL SENIOR HIGH SCHOOL PO BOX 128 VERONA,B5119,Vernon-Verona-Sherrill Senior Po Box 128 Verona,0.88383234
A766,PS 133 WILLIAM A BUTLER 610 BALTIC ST BROOKLYN,B3519,P.S. 133 William A. Butler 610 Baltic Street Brooklyn,0.8837091
A1769,COMMUNITY ROOTS CHARTER SCHOOL 51 ST EDWARDS ST-3RD FL BROOKLYN,B951,Community Partnership Charter Middle School 114 Kosciusko Street Brooklyn,0.8836969
A650,PS 83 DONALD HERTZ 950 RHINELANDER AVE BRONX,B4109,Ps 536 1827 Archer Street Bronx,0.8836295
A4160,SANDY CREEK ELEMENTARY SCHOOL PO BOX 248 SANDY CREEK,B4362,Sandy Creek High School 124 Salisbury Street Sandy Creek,0.8835832
A1401,PS 178 SAINT CLAIR MCKELWAY 2163 DEAN ST BROOKLYN,B4111,Ps 936 270 59th Street Brooklyn,0.88342524
A2385,ROBERTS STREET MIDDLE SCHOOL 120 ROBERTS ST CANASTOTA,B685,Canastota High School 102 Roberts St Canastota,0.8833722
A1183,ACADEMY FOR NEW AMERICANS 30-14 30TH ST ASTORIA,B45,Academy For New Americans 30-14 30 Street Queens,0.8833275
A3228,ERNEST C MYER SCHOOL PO BOX 297 HURLEY,B2902,Myer Elementary School Po Box 297 Hurley,0.88329554
A4027,SCHOOL 5-JOHN WILLIAMS 555 N PLYMOUTH AVE ROCHESTER,B1277,Elementary School 05 555 Plymouth Ave N Rochester,0.88323283
A2872,GOWANDA MIDDLE SCHOOL 10674 PROSPECT ST GOWANDA,B1663,Gowanda Hs 10674 Prospect St Gowanda,0.8832207
A1760,PS 326 1800 UTICA AVE BROOKLYN,B4111,Ps 936 270 59th Street Brooklyn,0.88306105
A1908,SUCCESS ACADEMY CHARTER SCHOOL-BRONX 3 965 LONGWOOD AVE-FLOOR 2 BRONX,B507,Bronx Charter School For Excellence 3 And 4 Middle 1160 E 213th S Bronx,0.8828505
A1690,PS 97 HIGHLAWN (THE) 1846 W 13TH ST BROOKLYN,B3836,P.S. 97 The Highlawn 1855 Stillwell Avenue Brooklyn,0.882712
A1510,CHANNEL VIEW SCHOOL FOR RESEARCH 100-00 BEACH CHANNEL DR ROCKAWAY PARK,B806,Channel View School For Research 100-00 Beach Channel Drivei Queens,0.8826588
A416,CAREERS IN SPORTS HIGH SCHOOL 730 CONCOURSE VILLAGE W BRONX,B5058,Urban Assembly School For Careers In Sports 730 Concourse Village W Bronx,0.8826475
A4793,YORK MIDDLE/HIGH SCHOOL PO BOX 102 RETSOF,B5456,York Jr-Sr High School 2578 Genesee Street Retsof,0.8825597
A758,PS 20 CLINTON HILL 225 ADELPHI ST BROOKLYN,B4111,Ps 936 270 59th Street Brooklyn,0.88252866
A140,PS 290 MANHATTAN NEW SCHOOL 311 E 82ND ST NEW YORK,B3754,P.S. 290 Manhattan New School 311 East 82nd Street Manhattan,0.8825182
A3801,N A WALBRAN ELEMENTARY SCHOOL 8610 NY RT 69 ORISKANY,B5160,Walbran Elementary School 1312 Utica St Oriskany,0.8825072
A3107,NORTH PARK ELEMENTARY SCHOOL PO BOX 722 HYDE PARK,B3023,North Park Elementary School Rr 9 Hyde Park,0.8824718
A190,JHS 104 SIMON BARUCH 330 E 21ST ST NEW YORK,B2183,J.H.S. 104 Simon Baruch 330 E 21st St New York,0.88247097
A1953,SUCCESS ACADEMY CHARTER SCHOOL-BUSHWICK 139 MENAHAN ST BROOKLYN,B636,Bushwick Ascend Charter School 751 Knickerbocker Ave Brooklyn,0.88238144
A2332,DISCOVERY SCHOOL 911 ABBOTT RD BUFFALO,B623,Buffalo Academy Of Science Charter School 190 Franklin Street Buffalo,0.8823252
A4773,EUGENIO MARIA DE HOSTOS MICROSOCIETY SCHOOL 75 MORRIS ST YONKERS,B1999,Hostos Microsociety School 75 Morris St Yonkers,0.88229704
A803,PS 94 HENRY LONGFELLOW (THE) 5010 6TH AVE BROOKLYN,B3426,P.S. 094 The Henry Longfellow 5010 6th Ave Brooklyn,0.88226926
A4096,RONDOUT VALLEY INTERMEDIATE SCHOOL PO BOX 9 ACCORD,B4295,Rondout Middle School 122 Kyserike Rd Accord,0.882152
A2338,INTERNATIONAL PREPARATORY SCHOOL (THE) 110 14TH ST BUFFALO,B625,Buffalo Academy-Sacred Heart 3860 Main St Buffalo,0.88213336
A1796,ST. HOPE LEADERSHIP ACADEMY CHARTER SCHOOL 222 W 134TH ST-RM 111 NEW YORK,B2135,Inwood Academy For Leadership Charter School - Middle School 433 West 204th Street New York,0.88213104
A3449,WILLIAM FLOYD LEARNING CENTER 111 LEXINGTON RD SHIRLEY,B5346,William Floyd Elem School 111 Lexington Rd Shirley,0.8820902
A3746,STANFORD J GIBSON PRIMARY SCHOOL 8 RIDGELAND RD NORWICH,B4732,Stanford J Gibson Primary Sch Ridgeland Rd Norwich,0.8820784
A3040,HIGHLAND FALLS INTERMEDIATE SCHOOL PO BOX 287 HIGHLAND FALLS,B1929,Highland Falls Middle School 52 Mountain Ave Highland Falls,0.8820766
A188,MS 255 SALK SCHOOL OF SCIENCE 320 E 20TH ST NEW YORK,B2583,M.S. 255 Salk School Of Science 319 East 19th Street Manhattan,0.88201106
A3884,PERU ELEMENTARY SCHOOL PO BOX 68 PERU,B4005,Peru Elementary School 116 Pleasant Avenue Peru,0.8820044
A1956,AMBER CHARTER SCHOOL KINGSBRIDGE 3120 CORLEAR AVE BRONX,B141,Amber Charter Schools 220 East 106th. Street New York,0.88194764
A1471,MS 53 BRIAN PICCOLO 10-45 NAMEOKE ST FAR ROCKAWAY,B2570,M.S. 053 Brian Piccolo 10-45 Nameoke Street Queens,0.8818736
A1740,PS 195 MANHATTAN BEACH 131 IRWIN ST BROOKLYN,B3642,P.S. 195 Manhattan Beach 131 Irwin St Brooklyn,0.88179076
A4515,THOMAS R PROCTOR HIGH SCHOOL 1203 HILTON AVE UTICA,B5088,Utica City - Proctor High School 1203 Hilton Ave Utica,0.8817277
A2240,BLOOMFIELD HIGH SCHOOL PO BOX 250 BLOOMFIELD,B407,Bloomfield Elementary School 45 Maple Ave Bloomfield,0.88171655
A1514,HIGH SCHOOL-CONSTRUCTION TRADES ENGINEERING & ARCHITECTURE 94-06 104TH ST OZONE PARK,B1894,"High School For Construction Trades, Engineering And Architecture 94-06 104th Street Queens",0.88164043
A927,PS 276 LOUIS MARSHALL 1070 E 83RD ST BROOKLYN,B3741,P.S. 276 Louis Marshall 1070 East 83 Street Brooklyn,0.88162106
A649,PS 78 ANNE HUTCHINSON 1400 NEEDHAM AVE BRONX,B3395,P.S. 078 Anne Hutchinson 1400 Needham Avenue Bronx,0.88158804
A1730,JHS 78 ROY H MANN 1420 E 68TH ST BROOKLYN,B2179,J.H.S. 078 Roy H. Mann 1420 E 68th St Brooklyn,0.8814869
A4266,VERNON-VERONA-SHERRILL MIDDLE SCHOOL PO BOX 128 VERONA,B5119,Vernon-Verona-Sherrill Senior Po Box 128 Verona,0.88143665
A234,PECK SLIP SCHOOL (THE) 1 PECK SLIP NEW YORK,B4894,The Peck Slip School 52 Chambers Street Manhattan,0.88141483
A1865,ACADEMY OF THE CITY CHARTER SCHOOL 31-29 60TH ST WOODSIDE,B61,Academy Of The City Charter School Academy Of The City Charter School Woodside,0.88140273
A4383,STILLWATER ELEMENTARY SCHOOL PO BOX 490 STILLWATER,B4753,Stillwater Senior High School 334 Hudson Ave Stillwater,0.88129264
A1236,PS 20 PORT RICHMOND 161 PARK AVE STATEN ISLAND,B3257,P.S. 020 Port Richmond 161 Park Ave Staten Island,0.8812523
A1454,QUEENS COLLEGE SCHOOL FOR MATH SCIENCE & TECHNOLOGY (THE) 148-20 REEVES AVE FLUSHING,B4895,"The Queens College School For Math, Science And Technology 148-20 Reeves Avenue Queens",0.88111407
A2312,INTERNATIONAL SCHOOL 141 HOYT ST BUFFALO,B4551,South Buffalo Charter School 154 South Ogden Street Buffalo,0.8810759
A1102,YORK EARLY COLLEGE ACADEMY 108-35 167TH ST JAMAICA,B5455,York Early College Academy 108-35 167 Street Queens,0.8808957
A3723,DRAKE SCHOOL 380 DRAKE DR NORTH TONAWANDA,B1131,Drake Elementary School 380 Drake Dr N Tonawanda,0.88066506
A1783,UNCOMMON KINGS CHARTER SCHOOL NYC 905 WINTHROP ST BROOKLYN,B1188,East Flatbush Ascend Charter School 870 Albany Avenue Brooklyn,0.8805632
A1052,PS 173 FRESH MEADOWS 174-10 67TH AVE FLUSHING,B3600,P.S. 173 Fresh Meadows 174-10 67th Ave Queens,0.8805063
A2511,COHOES MIDDLE SCHOOL 7 BEVAN ST COHOES,B919,Cohoes Middle School Columbia & Bevan Sts Cohoes,0.8805009
A4577,WAPPINGERS JUNIOR HIGH SCHOOL 30 MAJOR MACDONALD WAY WAPPINGERS FALLS,B3136,Orchard View Alternative High School 15 Meyers Corners Road Wappingers Falls,0.880457
A716,PS 134 GEORGE F BRISTOW 1330 BRISTOW ST BRONX,B3520,P.S. 134 George F. Bristow 1330 Bristow Street Bronx,0.88034725
A1363,PS 346 ABE STARK 1400 PENNSYLVANIA AVE BROOKLYN,B3785,P.S. 346 Abe Stark 1400 Pennsylvania Avenue Brooklyn,0.8802873
A4297,SODUS JR/SR HIGH SCHOOL PO BOX 220 SODUS,B4528,Sodus Jr & Sr High School 54 Mill St Ext Sodus,0.8801524
A4214,SCHROON LAKE CENTRAL SCHOOL PO BOX 338 SCHROON LAKE,B4432,Schroon Lake Central School North Main St Schroon Lake,0.88010013
A1347,PS 108 SAL ABBRACCIAMENTO 200 LINWOOD ST BROOKLYN,B3461,P.S. 108 Sal Abbracciamento 200 Linwood Street Brooklyn,0.8800286
A4067,DR. FREDDIE THOMAS MIDDLE SCHOOL 625 SCIO ST ROCHESTER,B1308,Elementary School 41 279 Ridge Rd W Rochester,0.8799402
A1626,FUTURE LEADERS INSTITUTE CHARTER SCHOOL 134 W 122ND ST NEW YORK,B2135,Inwood Academy For Leadership Charter School - Middle School 433 West 204th Street New York,0.8799163
A3328,MORGAN ROAD ELEMENTARY SCHOOL 7795 WETZEL RD LIVERPOOL,B2522,Liverpool High School 4338 Wetzel Rd Liverpool,0.8798299
A2492,SHERIDAN HILL ELEMENTARY SCHOOL 4560 BONCREST DR E WILLIAMSVILLE,B1803,Harris Hill Elementary School 4260 Harris Hill Rd Williamsville,0.8797533
A2559,CORNING PAINTED POST HIGH SCHOOL LEARNING CENTER CORNING CC-1 ACADEMIC DR CORNING,B990,Corning-Painted Post High School Learning Center 1 Academic Drive Corning,0.8797236
A875,PS 181 1023 NEW YORK AVE BROOKLYN,B4110,Ps 78 100 Tompkins Ave Staten Island,0.8796024
A4035,SCHOOL 23-FRANCIS PARKER 170 BARRINGTON ST ROCHESTER,B1298,Elementary School 23 170 Barrington St Rochester,0.87944925
A957,PS 123 SUYDAM 100 IRVING AVE BROOKLYN,B4110,Ps 78 100 Tompkins Ave Staten Island,0.87941265
A2199,CUMBERLAND HEAD ELEMENTARY SCHOOL 37 EAGLE WAY WEST CHAZY,B1033,Cumberland Head Elem School 1187 Cumberland Head Rd Plattsburgh,0.87938946
A1673,URBAN ASSEMBLY SCHOOL FOR LEADERSHIP AND EMPOWERMENT 4200 16TH AVE BROOKLYN,B128,All City Leadership Secondary School 321 Palmetto Street Brooklyn,0.8793853
A4166,BLOOMINGDALE SCHOOL 79 CANARAS AVE SARANAC LAKE,B409,Bloomingdale Elementary School 93 Main St Bloomingdale,0.8793535
A139,HIGH SCHOOL OF ECONOMICS & FINANCE 100 TRINITY PL NEW YORK,B1920,High School Of Economics And Finance 100 Trinity Place Manhattan,0.87934756
A1872,SUCCESS ACADEMY CHARTER SCHOOL-COBBLE HILL 284 BALTIC ST-LOWER LEVEL BROOKLYN,B1380,"Excellence Girls Charter School 794 Monroe Street, 3rd Floor Brooklyn",0.8793424
A3981,QUOGUE ELEMENTARY SCHOOL PO BOX 957 QUOGUE,B1213,East Quogue Elementary School 6 Central Ave East Quogue,0.8793242
A1573,PS 12 LEWIS AND CLARK SCHOOL 2555 TRATMAN AVE BRONX,B550,Bronx-Manhattan Sda School 1440 Plimpton Ave Bronx,0.87927336
A2299,HUTCHINSON CENTRAL TECHNICAL HIGH SCHOOL 256 S ELMWOOD AVE BUFFALO,B142,Amherst Central High School 4301 Main St Buffalo,0.8791818
A2073,ALDEN PRIMARY AT TOWNLINE 11197 BROADWAY ALDEN,B116,Alden Primary School 11197 Broadway Alden,0.87917626
A1475,PS 45 CLARENCE WITHERSPOON 126-28 150TH ST SOUTH OZONE PARK,B3322,P.S. 045 Clarence Witherspoon 12628 150th St South Ozone Park,0.87914705
A813,PS 321 WILLIAM PENN 180 7TH AVE BROOKLYN,B3774,P.S. 321 William Penn 180 7th Ave Brooklyn,0.8791312
A3548,MORRISVILLE MIDDLE SCHOOL HIGH SCHOOL PO BOX 990 MORRISVILLE,B2848,Morrisville Jr-Sr High School Fearon Road Morrisville,0.87911344
A1356,JHS 218 JAMES P SINNOTT 370 FOUNTAIN AVE BROOKLYN,B2202,J.H.S. 218 James P. Sinnott 370 Fountain Avenue Brooklyn,0.8790852
A304,PS 171 PATRICK HENRY 19 E 103RD ST NEW YORK,B3596,P.S. 171 Patrick Henry 19 E 103rd St Manhattan,0.87901855
A1453,PS 219 PAUL KLAPPER 144-39 GRAVETT RD FLUSHING,B3693,P.S. 219 Paul Klapper 14439 Gravett Rd Flushing,0.8789655
A354,PS 4 DUKE ELLINGTON 500 W 160TH ST NEW YORK,B3212,P.S. 004 Duke Ellington 500 West 160 Street Manhattan,0.87896264
A2585,DERUYTER ELEMENTARY SCHOOL 711 RAILROAD ST DERUYTER,B1084,Deruyter High School 711 Railroad St De Ruyter,0.8788565
A2731,HARLEY AVENUE ELEMENTARY SCHOOL 30 HARLEY AVE ELWOOD,B1797,Harley Avenue Elem School 30 Harley Ave East Northport,0.8785976
A4342,SOUTHOLD JUNIOR-SENIOR HIGH SCHOOL PO BOX 470 SOUTHOLD,B4585,Southold Jr-Sr High Sch 420 Oaklawn Ave Southold,0.8785962
A2732,ELWOOD/JOHN GLENN HIGH SCHOOL 478 ELWOOD RD ELWOOD,B1341,Elwood Middle School 478 Elwood Rd East Northport,0.8785725
A595,PS 159 LUIS MUMOZ MARIN BILING 2315 WASHINGTON AVE BRONX,B3572,P.S. 159 Luis Munoz Marin Biling 2315 Washington Ave Bronx,0.87841696
A3892,CIRCLEVILLE ELEMENTARY SCHOOL PO BOX 43 CIRCLEVILLE,B876,Circleville Middle School Rt 302 Circleville,0.87840533
A417,PS/IS 224 345 BROOK AVE BRONX,B4113,Ps X469 3177 Webster Ave Bronx,0.87840223
A3559,MOUNT SINAI MIDDLE SCHOOL PO BOX 397 MOUNT SINAI,B2882,Mount Sinai High School 110 N Country Rd Mount Sinai,0.8783015
A3303,INTERMEDIATE EDUCATION CENTER 4061 CREEK RD YOUNGSTOWN,B2464,Lewiston-Porter Intermediate Education Cntr 4061 Creek Rd Youngstown,0.8782382
A1210,WOODSIDE COMMUNITY SCHOOL (THE) 39-07 57TH ST FLUSHING,B4933,The Woodside Community School 39-07 57th Street Queens,0.8782284
A403,PS 30 WILTON 510 E 141ST ST BRONX,B4109,Ps 536 1827 Archer Street Bronx,0.8781176
A3071,HOOSICK FALLS HIGH SCHOOL PO BOX 192 HOOSICK FALLS,B1989,Hoosick Falls Senior High Sch 21187 New York 22 Hoosick Falls,0.8780964
A1646,PS 105 BLYTHEBOURNE (THE) 1031 59TH ST BROOKLYN,B3451,P.S. 105 The Blythebourne 1031 59 Street Brooklyn,0.8780928
A3386,MAINE MEMORIAL SCHOOL PO BOX 218 MAINE,B2631,Maine Memorial Elem School 2693 Main St Maine,0.8780648
A1932,ACHIEVEMENT FIRST NORTH BROOKLYN PREPARATORY CHARTER SCHOOL 200 WOODBINE ST BROOKLYN,B1182,East Brooklyn Ascend Charter School 260 Shepherd Avenue Brooklyn,0.87796545
A1653,PS 176 OVINGTON 1225 69TH ST BROOKLYN,B4111,Ps 936 270 59th Street Brooklyn,0.87786406
A1942,CHARTER SCHOOL OF INQUIRY 404 EDISON ST BUFFALO,B1354,Enterprise Charter School 275 Oak Street Buffalo,0.8778627
A26,SARANAC MIDDLE SCHOOL PO BOX 8 SARANAC,B4371,Saranac Middle School 70 Picketts Corners Road Saranac,0.87779695
A1647,PS 112 LEFFERTS PARK 7115 15TH AVE BROOKLYN,B4111,Ps 936 270 59th Street Brooklyn,0.8777032
A804,PS 107 JOHN W KIMBALL 1301 8TH AVE BROOKLYN,B3456,P.S. 107 John W. Kimball 1301 8th Ave Brooklyn,0.87766635
A3108,RALPH R SMITH SCHOOL PO BOX 725 HYDE PARK,B4161,Ralph R Smith Elem School 16 Smith Ct Hyde Park,0.87760985
A1142,PS 181 BROOKFIELD 148-15 230TH ST SPRINGFIELD GARDENS,B3613,P.S. 181 Brookfield 148-15 230 Street Springfield Gardens,0.87759423
A811,PS 230 DORIS L COHEN 1 ALBEMARLE RD BROOKLYN,B3704,P.S. 230 Doris L. Cohen 1 Albemarle Rd Brooklyn,0.8774889
A2035,E MONROE NEW RENAISSANCE BASKETBALL 1617 PARKVIEW AVE BRONX,B1169,Earl Monroe New Renaissance Basketball Charter School 647 Elton Avenue Bronx,0.87729764
A1323,PS 250 GEORGE H LINDSAY 108 MONTROSE AVE BROOKLYN,B3723,P.S. 250 George H. Lindsay 108 Montrose Ave Brooklyn,0.87727684
A969,ACADEMY OF URBAN PLANNING AND ENGINEERING (THE) 400 IRVING AVE BROOKLYN,B63,Academy Of Urban Planning 400 Irving Avenue Brooklyn,0.8772574
A849,PS 40 GEORGE W CARVER 265 RALPH AVE BROOKLYN,B3308,P.S. 040 George W. Carver 265 Ralph Ave Brooklyn,0.8771671
A1580,PS 226 345 E 15TH ST NEW YORK,B4102,Ps 110 48-29 37th Street Queens,0.87714624
A1345,PS 13 ROBERTO CLEMENTE 557 PENNSYLVANIA AVE BROOKLYN,B3236,P.S. 013 Roberto Clemente 557 Pennsylvania Avenue Brooklyn,0.8771335
A478,PUGSLEY PREPARATORY ACADEMY 1111 PUGSLEY AVE BRONX,B3986,Pelham Preparatory Academy 925 Astor Avenue Bronx,0.87708676
A180,PS 77 LOWER LAB SCHOOL 1700 3RD AVE NEW YORK,B3826,P.S. 77 Lower Lab School 1700 3 Avenue Manhattan,0.8769666
A3335,LIVONIA ELEMENTARY SCHOOL 6 PUPPY LN LIVONIA,B2523,Livonia Elementary School 6 Puppy Lane Livonia,0.8769613
A439,PS 48 JOSEPH R DRAKE 1290 SPOFFORD AVE BRONX,B4109,Ps 536 1827 Archer Street Bronx,0.8765025
A441,PS 69 JOURNEY PREP SCHOOL 560 THERIOT AVE BRONX,B3383,P.S. 069 Journey Prep School 560 Thieriot Ave Bronx,0.87645185
A1065,PS 376 210-21 48TH AVE FLUSHING,B4102,Ps 110 48-29 37th Street Queens,0.87642705
A3816,OTSELIC VALLEY CENTRAL SCHOOL PO BOX 161 SOUTH OTSELIC,B3152,Otselic Valley Jr-Sr High Sch 125 County Road 13 A South Otselic,0.87634236
A1699,PS 199 FREDERICK WACHTEL 1100 ELM AVE BROOKLYN,B3652,P.S. 199 Frederick Wachtel 1100 Elm Avenue Brooklyn,0.8762878
A4403,SUSQUEHANNA VALLEY SENIOR HIGH SCHOOL PO BOX 275 CONKLIN,B4782,Susquehanna Valley Sr High Sch 1040 Conklin Rd Conklin,0.87625694
A1470,AUGUST MARTIN HIGH SCHOOL 156-10 BAISLEY BLVD JAMAICA,B204,August Martin High School 156-10 Baisley Boulevard Queens,0.8762361
A3070,HOOSICK FALLS ELEMENTARY SCHOOL PO BOX 192 HOOSICK FALLS,B1988,Hoosick Falls Elem School 21187 New York 22 Hoosick Falls,0.8762318
A4038,SCHOOL 33-JOHN JAMES AUDUBON 500 WEBSTER AVE ROCHESTER,B1303,Elementary School 33 500 Webster Ave Rochester,0.8761787
A805,PS 124 SILAS B DUTCHER 515 4TH AVE BROOKLYN,B3495,P.S. 124 Silas B. Dutcher 515 4th Ave Brooklyn,0.8761663
A3174,JEFFERSON CENTRAL SCHOOL 1332 ST RT 10 JEFFERSON,B2250,Jefferson Elementary School 131 Weyman Ave New Rochelle,0.8761343
A3776,OGDENSBURG FREE ACADEMY 1100 STATE ST OGDENSBURG,B3105,Ogdensburg Free Acad High Sch 1100 State St Ogdensburg,0.8759916
A4395,RICHARD P CONNOR ELEMENTARY SCHOOL 13 CYPRESS RD SUFFERN,B847,Cherry Lane Elementary School 1 Heather Drive Suffern,0.87597233
A4716,WHITNEY POINT SENIOR HIGH SCHOOL PO BOX 249 WHITNEY POINT,B5331,Whitney Point Sr High School 10 Keibel Rd Whitney Point,0.87575626
A1966,SUCCESS ACADEMY CHARTER SCHOOL - NORWOOD 268 EAST 207TH ST BRONX,B4765,Strive Charter School 604 E 139th St Bronx,0.87568235
A1198,PS 150 40-01 43RD AVE LONG ISLAND CITY,B4110,Ps 78 100 Tompkins Ave Staten Island,0.87548554
A1494,PS 65 RAYMOND YORK ELEMENTARY SCHOOL (THE) 103-22 99TH ST OZONE PARK,B4136,Queens Explorers Elementary School 9007 101st Ave Ozone Park,0.8753884
A662,JHS 127 CASTLE HILL (THE) 1560 PURDY ST BRONX,B2186,J.H.S. 127 The Castle Hill 1560 Purdy Street Bronx,0.875329
A1311,PS 34 OLIVER H PERRY 131 NORMAN AVE BROOKLYN,B3295,P.S. 034 Oliver H. Perry 131 Norman Avenue Brooklyn,0.8752959
A627,KNOWLEDGE AND POWER PREP ACADEMY INTERNATIONAL HIGH SCHOOL 500 E FORDHAM RD BRONX,B2377,Knowledge And Power Preparatory Academy International High School (Kappa) 500 East Fordham Road Bron,0.875281
A2041,SOUTH JEFFERSON HIGH SCHOOL PO BOX 10 ADAMS,B4558,South Jefferson Jr-Sr High Sch 11060 Us Rt 11 Adams,0.8752397
A1379,SCHOOL FOR CLASSICS HIGH SCHOOL 370 FOUNTAIN AVE BROOKLYN,B580,Brooklyn High School For The Arts 345 Dean St. Brooklyn,0.8750901
A253,PS 84 LILLIAN WEBER 32 W 92ND ST NEW YORK,B3404,P.S. 084 Lillian Weber 32 W 92nd St Manhattan,0.8750696
A1468,COLLEGE POINT COLLABORATIVE 124-06 14TH AVE COLLEGE POINT,B925,College Point Collaborative 12406 14th Avenue Queens,0.8746742
A3330,SOULE ROAD MIDDLE SCHOOL 8340 SOULE RD LIVERPOOL,B2522,Liverpool High School 4338 Wetzel Rd Liverpool,0.87460816
A2091,SMALLWOOD DRIVE SCHOOL 300 SMALLWOOD DR AMHERST,B4517,Smallwood Drive Elem School 300 Smallwood Dr Buffalo,0.8744392
A2297,CITY HONORS SCHOOL 186 E NORTH ST BUFFALO,B258,Baker Hall School 777 Ridge Rd Buffalo,0.8744021
A1254,PS 45 JOHN TYLER 58 LAWRENCE AVE STATEN ISLAND,B3324,P.S. 045 John Tyler 58 Lawrence Ave Staten Island,0.8742483
A2938,HADLEY-LUZERNE JUNIOR-SENIOR HIGH SCHOOL PO BOX 200 LAKE LUZERNE,B1752,Hadley Luzerne High School 273 Lake Avenue Lake Luzerne,0.8742363
A1895,SUCCESS ACADEMY CHARTER SCHOOL - SHEEPSHEAD BAY 3000 AVE X BROOKLYN,B572,Brooklyn Emerging Leaders Academy Charter High School 125 Stuyvesant Ave Brooklyn,0.8741877
A99,SOUTHSIDE ACADEMY CHARTER SCHOOL 2200 ONONDAGA CREEK BLVD SYRACUSE,B4790,Syracuse Academy Of Science Charter School 1001 Park Avenue Syracuse,0.8741738
A3120,CALCIUM PRIMARY SCHOOL PO BOX 459 CALCIUM,B659,Calcium Primary School 24550 Indian River Dr Calcium,0.8741715
A572,PS 33 TIMOTHY DWIGHT 2424 JEROME AVE BRONX,B4109,Ps 536 1827 Archer Street Bronx,0.8741642
A1651,PS 164 CAESAR RODNEY 4211 14TH AVE BROOKLYN,B3585,P.S. 164 Caesar Rodney 4211 14 Avenue Brooklyn,0.87402403
A4632,WEEDSPORT ELEMENTARY SCHOOL PO BOX 3000 WEEDSPORT,B5245,Weedsport Jr/Sr High School 2821 E Brutus St Weedsport,0.8738824
A1024,ACE ACADEMY FOR SCHOLARS AT THE GERALDINE FERRARO CAMPUS 55-20 METROPOLITAN AVE RIDGEWOOD,B19,A.C.E. Academy For Scholars At The Geraldine Ferraro Campus 70-02 54 Avenue Queens,0.8738582
A3006,JOSEPH MCNEIL SCHOOL 335 S FRANKLIN ST HEMPSTEAD,B1504,Franklin School 335 S Franklin St Hempstead,0.87385666
A1519,VILLAGE ACADEMY 10-45 NAMEOKE ST FAR ROCKAWAY,B5133,Village Academy 10-45 Nameoke Street Queens,0.87377506
A104,PS 15 ROBERTO CLEMENTE 333 E 4TH ST NEW YORK,B3240,P.S. 015 Roberto Clemente 333 E 4th St Manhattan,0.873722
A818,BROOKLYN NEW SCHOOL-PS 146 (THE) 610 HENRY ST BROOKLYN,B5365,Williamsburg Preparatory School 257 N 6th Street Brooklyn,0.8737107
A2699,ELBA JUNIOR-SENIOR HIGH SCHOOL PO BOX 370 ELBA,B1262,Elba Central Elementary School 57 S Main St Elba,0.8735609
A3447,NATHANIEL WOODHULL ELEMENTARY SCHOOL 6 FRANCIS LANDAU PL SHIRLEY,B2920,Nathaniel Woodhull Elem School 6 Francis Landau Pl Shirley,0.8734653
A1249,PS 38 GEORGE CROMWELL 421 LINCOLN AVE STATEN ISLAND,B4110,Ps 78 100 Tompkins Ave Staten Island,0.8733864
A3247,LAKE PLEASANT SCHOOL PO BOX 140 SPECULATOR,B2403,Lake Pleasant Central School 120 Elm Lake Road Speculator,0.8732164
A1591,PS 35 317 W 52ND ST NEW YORK,B4102,Ps 110 48-29 37th Street Queens,0.8731235
A579,PS 81 ROBERT J CHRISTEN 5550 RIVERDALE AVE BRONX,B4109,Ps 536 1827 Archer Street Bronx,0.8730587
A2012,BROOKLYN PROSPECT CHARTER SCHOOL - CSD 15.2 3002 FORT HAMILTON PKWY BROOKLYN,B784,Central Brooklyn Ascend Charter School 465 E 29th St Brooklyn,0.8730464
A964,PS 377 ALEJANDRINA B DE GAUTIER 200 WOODBINE ST BROOKLYN,B3799,P.S. 377 Alejandrina B. De Gautier 200 Woodbine Street Brooklyn,0.87304044
A1072,PS 50 TALFOURD LAWN ELEMENTARY SCHOOL 143-26 101ST AVE JAMAICA,B4613,Ss Joachim And Anne School 21819 105th Ave Jamaica,0.8729829
A1955,SUCCESS ACADEMY CHARTER SCHOOL-FLATBUSH 15 SNYDER AVE BROOKLYN,B1188,East Flatbush Ascend Charter School 870 Albany Avenue Brooklyn,0.8729634
A327,PS 129 JOHN H FINLEY 425 W 130TH ST NEW YORK,B3505,P.S. 129 John H. Finley 425 West 130 Street Manhattan,0.87288976
A2522,NORTH RIDGE SCHOOL PO BOX 150 COMMACK,B3025,North Ridge Elementary School 300 Townline Rd Commack,0.87278646
A1357,PS 224 HALE A WOODRUFF 757 WORTMAN AVE BROOKLYN,B3699,P.S. 224 Hale A. Woodruff 757 Wortman Avenue Brooklyn,0.8727445
A1168,PS 17 HENRY DAVID THOREAU 28-37 29TH ST LONG ISLAND CITY,B3244,P.S. 017 Henry David Thoreau 28-37 29 Street Queens,0.872602
A252,PS 76 A PHILLIP RANDOLPH 220 W 121ST ST NEW YORK,B3392,P.S. 076 A. Philip Randolph 220 W 121st St Manhattan,0.872535
A760,PS 46 EDWARD C BLUM 100 CLERMONT AVE BROOKLYN,B3329,P.S. 046 Edward C. Blum 100 Clermont Avenue Brooklyn,0.8723258
A367,PS 192 JACOB H SCHIFF 500 W 138TH ST NEW YORK,B3636,P.S. 192 Jacob H. Schiff 500 West 138th Street Manhattan,0.87231636
A2212,BERNE-KNOX-WESTERLO JUNIOR-SENIOR HIGH SCHOOL 1738 HELDERBERG TRAIL BERNE,B363,Berne Elementary School 1738 Helderbert Trail Berne,0.872316
A4766,PATRICIA A DICHIARO SCHOOL 373 BRONXVILLE RD YONKERS,B550,Bronx-Manhattan Sda School 1440 Plimpton Ave Bronx,0.8722576
A1432,PS 24 ANDREW JACKSON 45-57 UNION ST FLUSHING,B3535,P.S. 145 Andrew Jackson 100 Noll St Brooklyn,0.87225115
A854,PS 308 CLARA CARDWELL 616 QUINCY ST BROOKLYN,B3766,P.S. 308 Clara Cardwell 616 Quincy St Brooklyn,0.87221014
A4547,CLAYTON A BOUTON HIGH SCHOOL PO BOX 528 VOORHEESVILLE,B654,C.A. Bouton Jr-Sr High School 432 New Salem Rd Voorheesville,0.8722091
A438,PS 36 UNIONPORT 1070 CASTLE HILL AVE BRONX,B3302,P.S. 036 Unionport 1070 Castle Hill Ave Bronx,0.8720767
A1525,WAVE PREPARATORY ELEMENTARY SCHOOL 535 BRIAR PL FAR ROCKAWAY,B5221,Wave Preparatory Elementary School 535 Brair Place Queens,0.8720086
A1170,PS 70 30-45 42ND ST LONG ISLAND CITY,B4110,Ps 78 100 Tompkins Ave Staten Island,0.8720062
A1437,PS 120 58-01 136TH ST FLUSHING,B4102,Ps 110 48-29 37th Street Queens,0.8719918
A1937,NEW VENTURES CHARTER SCHOOL 1441 SOUTH AVE-CORPORATE COMMONS STATEN ISLAND,B2940,New  World Preparatory Charter School 26 Sharpe Ave Staten Island,0.871902
A845,PS 21 CRISPUS ATTUCKS 180 CHAUNCEY ST BROOKLYN,B3258,P.S. 021 Crispus Attucks 180 Chauncey St Brooklyn,0.8717475
A3536,EMMA C CHASE SCHOOL PO BOX 489 WURTSBORO,B825,Chase Elementary School Po Box 489 Wurtsboro,0.8717354
A1693,PS 101 VERRAZANO (THE) 8696 24TH AVE BROOKLYN,B3443,P.S. 101 The Verrazano 2360 Benson Avenue Brooklyn,0.8716276
A773,MS 266 PARK PLACE COMMUNITY MIDDLE SCHOOL 62 PARK PL BROOKLYN,B2604,M.S. K266 - Park Place Community Middle School 62 Park Place Brooklyn,0.8715246
A4534,VALLEY STREAM SOUTH HIGH SCHOOL 150 JEDWOOD PL VALLEY STREAM,B5099,Valley Stream Memorial Jr High 320 Fletcher Ave Valley Stream,0.87151265
A168,JHS 167 ROBERT F WAGNER 220 E 76TH ST NEW YORK,B2192,J.H.S. 167 Robert F. Wagner 220 East 76th Street Manhattan,0.87147963
A1121,PS 33 EDWARD M FUNK 91-37 222ND ST QUEENS VILLAGE,B4103,Ps 354 126-10 Bedell Street Queens,0.87145436
A1252,PS 42 ELTINGVILLE 380 GENESEE AVE STATEN ISLAND,B4110,Ps 78 100 Tompkins Ave Staten Island,0.87143856
A360,PS 132 JUAN PABLO DUARTE 185 WADSWORTH AVE NEW YORK,B3514,P.S. 132 Juan Pablo Duarte 185 Wadsworth Avenue Manhattan,0.8713125
A293,PS 7 SAMUEL STERN 160 E 120TH ST NEW YORK,B3222,P.S. 007 Samuel Stern 160 E 120th St Manhattan,0.8712429
A885,PS 398 WALTER WEAVER 60 E 94TH ST BROOKLYN,B4111,Ps 936 270 59th Street Brooklyn,0.87121487
A451,PS 138 SAMUEL RANDALL 2060 LAFAYETTE AVE BRONX,B4109,Ps 536 1827 Archer Street Bronx,0.8710009
A111,PS 142 AMALIA CASTRO 100 ATTORNEY ST NEW YORK,B3532,P.S. 142 Amalia Castro 100 Attorney St Manhattan,0.870924
A471,ARCHIMEDES ACAD-MATH SCI TECH 456 WHITE PLAINS RD BRONX,B173,"Archimedes Academy For Math, Science And Technology Applications 456 White Plains Road Bronx",0.87072575
A4829,TECH VALLEY HIGH SCHOOL 246 TRICENTENNIAL DR ALBANY,B1699,Green Tech High School 99 Slingerland Avenue Albany,0.8706465
A3063,HONEOYE MIDDLE/HIGH SCHOOL PO BOX 170 HONEOYE,B1981,Honeoye Elementary School 8528 Main Street Honeoye,0.8705157
A3540,ROBERT J KAISER MIDDLE SCHOOL 45 BREAKEY AVE MONTICELLO,B2374,Klr Elementary School 237 Forestburgh Road Monticello,0.87045884
A4045,SCHOOL 52-FRANK FOWLER DOW 100 FARMINGTON RD ROCHESTER,B1314,Elementary School 52 100 Farmington Rd Rochester,0.87039614
A1349,PS 158 WARWICK 400 ASHFORD ST BROOKLYN,B3569,P.S. 158 Warwick 400 Ashford Street Brooklyn,0.8703955
A3042,FORT MONTGOMERY ELEMENTARY SCHOOL PO BOX 287 HIGHLAND FALLS,B1475,Fort Montgomery Elementary School 895 Route 9 W Fort Montgomery,0.8703701
A364,PS 173 306 FT WASHINGTON AVE NEW YORK,B4110,Ps 78 100 Tompkins Ave Staten Island,0.8702378
A4633,WEEDSPORT JUNIOR-SENIOR HIGH SCHOOL PO BOX 3000 WEEDSPORT,B5245,Weedsport Jr/Sr High School 2821 E Brutus St Weedsport,0.8701908
A1703,PS 216 ARTURO TOSCANINI 350 AVE X BROOKLYN,B3690,P.S. 216 Arturo Toscanini 350 Avenue X Brooklyn,0.8701826
A4785,CESAR E CHAVEZ SCHOOL 20 CEDAR PL YONKERS,B801,Cesar E Chavez School (Formerly Cedar Place School) 20 Cedar Place Yonkes,0.8701663
A1196,IVAN LAFAYETTE EARLY CHILDHOOD SCHOOL OF THE ARTS (THE) 32-63 93RD ST EAST ELMHURST,B4876,The Ivan Lafayette Early Childhood School Of The Arts 32-63 93 Street Queens,0.8700646
A2614,DOWNSVILLE CENTRAL SCHOOL PO BOX J DOWNSVILLE,B1123,Downsville Central School Maple Avenue Downsville,0.86994195
A3717,NORTH SYRACUSE JUNIOR HIGH SCHOOL 5353 W TAFT RD NORTH SYRACUSE,B1222,East Syracuse Elementary School 230 Kinne St East Syracuse,0.8698991
A3099,JEFFERSON SCHOOL 253 OAKWOOD RD HUNTINGTON,B2024,Huntington High School 188 Oakwood Rd Huntington,0.8696985
A404,PS/MS 31 WILLIAM LLOYD GARRISON (THE) 250 E 156TH ST BRONX,B3902,P.S./M.S. 031 The William Lloyd Garrison 250 East 156 Street Bronx,0.86962074
A1636,ACHIEVEMENT FIRST EAST NEW YORK CHARTER SCHOOL 557 PENNSYLVANIA AVE BROOKLYN,B1182,East Brooklyn Ascend Charter School 260 Shepherd Avenue Brooklyn,0.86961263
A703,PS 214 1970 W FARMS RD BRONX,B4109,Ps 536 1827 Archer Street Bronx,0.86953413
A2209,BERLIN MIDDLE SCHOOL/HIGH SCHOOL PO BOX 259 CHERRY PLAIN,B361,Berlin Central Jr Sr High School 17400 Route 22 Berlin,0.86943144
A1734,PS 52 SHEEPSHEAD BAY 2675 E 29TH ST BROOKLYN,B4111,Ps 936 270 59th Street Brooklyn,0.86943024
A28,GEORGE D RYDER ELEMENTARY SCHOOL 143 GOLDING DR COBLESKILL,B4326,Ryder Elementary School Elm St Cobleskill,0.8691697
A792,DIGITAL ARTS AND CINEMA TECHNOLOGY HIGH SCHOOL 284 BALTIC ST BROOKLYN,B3997,Performing Arts And Technology High School 400 Pennsylvania Avenue Brooklyn,0.8691008
A4146,SAMOSET MIDDLE SCHOOL 51 SCHOOL ST LAKE RONKONKOMA,B4356,Samoset Ms 51 School Stret Lake Ronkonkoma,0.8689933
A3741,NORTHVILLE ELEMENTARY SCHOOL PO BOX 608 NORTHVILLE,B3054,Northville High School 131 S 3rd St Northville,0.86879945
A1792,SUCCESS ACADEMY CHARTER SCHOOL-HARLEM 2 144 E 128TH ST-3RD FL NEW YORK,B1790,Harlem Link Charter School 21 West 111th Street New York,0.8687027
A3998,REMSEN ELEMENTARY SCHOOL PO BOX 406 REMSEN,B4194,Remsen Elementary School Davis Drive Remsen,0.8685828
A1456,PS 130 200-01 42ND AVE BAYSIDE,B4102,Ps 110 48-29 37th Street Queens,0.86853355
A928,PS 279 HERMAN SCHREIBER 1070 E 104TH ST BROOKLYN,B3745,P.S. 279 Herman Schreiber 1001 Flatlands Ave Brooklyn,0.8685231
A2365,CAIRO-DURHAM ELEMENTARY SCHOOL PO BOX 1090 CAIRO,B658,Cairo-Durham Jr-Sr High School 1301 Rt 145 Cairo,0.86845356
A884,PS 397 FOSTER-LAURIE 490 FENIMORE ST BROOKLYN,B3805,P.S. 397 Foster-Laurie 490 Fenimore Street Brooklyn,0.86838984
A1763,PS 889 21 HINCKLEY PL BROOKLYN,B4111,Ps 936 270 59th Street Brooklyn,0.8683589
A4448,SYRACUSE LATIN SCHOOL 345 JAMESVILLE AVE SYRACUSE,B4791,Syracuse Latin Pre-K-8 School 345 Jamesville Ave Syracuse,0.86829925
A4279,STATE STREET INTERMEDIATE SCHOOL 72 STATE ST SKANEATELES,B4512,Skaneateles High School 49 E Elizabeth St Skaneateles,0.86816436
A1023,HELEN M MARSHALL SCHOOL 110-08 NORTHERN BLVD CORONA,B3166,Our Lady Of Sorrows School 35-34 105th Street Corona,0.86816406
A1149,EXCELSIOR PREPARATORY HIGH SCHOOL 143-10 SPRINGFIELD BLVD SPRINGFIELD GARDENS,B1381,Excelsior Preparatory High School 143-10 Springfield Boulevard Queens,0.8680912
A1250,PS 39 FRANCIS J MURPHY JR 99 MACFARLAND AVE STATEN ISLAND,B3803,P.S. 39 Francis J. Murphy Jr. 71 Sand Ln Staten Island,0.8680895
A85,HARBOR SCIENCE AND ARTS CHARTER SCHOOL 132-142 E 111TH ST NEW YORK,B1778,"Harbor Science And Arts Charter School 132 East 111 Street, Room 202 New York",0.8680112
A925,PS 268 EMMA LAZARUS 133 E 53RD ST BROOKLYN,B3735,P.S. 268 Emma Lazarus 133 East 53 Street Brooklyn,0.8679984
A4032,DR DAVID AND RUTH ANDERSON ACADEMY- SCHOOL 16 321 POST AVE ROCHESTER,B54,Academy Of Health Sciences Charter School 1151 Ridgeway Ave. Rochester,0.8677886
A1434,PS 32 STATE STREET 33-59 171 ST FLUSHING,B4102,Ps 110 48-29 37th Street Queens,0.86777806
A1830,SUCCESS ACADEMY CHARTER SCHOOL-HARLEM 5 301 W 140TH ST-3RD FL NEW YORK,B1789,Harlem Children'S Zone Promise Academy Charter School I- Middle 245 West 129th Street New York,0.8677045
A908,PS 770 NEW AMERICAN ACADEMY 60 E 94TH ST BROOKLYN,B3827,P.S. 770 New American Academy 60 East ?94 Street Brooklyn,0.8676162
A1702,PS 215 MORRIS H WEISS 415 AVE S BROOKLYN,B3689,P.S. 215 Morris H. Weiss 415 Avenue S Brooklyn,0.8675521
A2611,DOVER HIGH SCHOOL PO BOX 6311 DOVER PLAINS,B1120,Dover Elementary School School Street Dover Plains,0.8675198
A4041,SCHOOL 39-ANDREW J TOWNSON 145 MIDLAND AVE ROCHESTER,B4403,School # 45 - Northeast 1445 Clifford Ave Rochester,0.8674935
A1022,PAN AMERICAN INTERNATIONAL HIGH SCHOOL 45-10 94TH ST ELMHURST,B3925,Pan American International High School 45-10 94th Street Queens,0.86742723
A503,PS 132 GARRETT A MORGAN 1245 WASHINGTON AVE BRONX,B4109,Ps 536 1827 Archer Street Bronx,0.86730456
A2037,RICHMOND PREPARATORY CHARTER SCHOOL 2245 RICHMOND AVE STATEN ISLAND,B4567,South Richmond High School I.S./P.S. 25 6581 Hylan Boulevard Staten Island,0.86725855
A2823,GARRISON SCHOOL PO BOX 193 GARRISON,B1564,Garrison School 1100 Route 9 D Garrison,0.8671998
A522,IS 117 JOSEPH H WADE 1865 MORRIS AVE BRONX,B2047,I.S. 117 Joseph H. Wade 1865 Morris Ave Bronx,0.8671369
A4329,SOUTH LEWIS MIDDLE SCHOOL PO BOX 70 TURIN,B4562,South Lewis Senior High School 4264 East Road Turin,0.86702186
A443,PS 72 DR WILLIAM DORNEY 2951 DEWEY AVE BRONX,B3388,P.S. 072 Dr. William Dorney 2951 Dewey And Edison Ave Bronx,0.8668325
A493,PS 53 BASHEER QUISIM 360 E 168TH ST BRONX,B4109,Ps 536 1827 Archer Street Bronx,0.8665906
A2619,FREEVILLE ELEMENTARY SCHOOL PO BOX 88 DRYDEN,B1139,Dryden High School Freeville Rd Dryden,0.8665442
A1656,PS 185 WALTER KASSENBROCK 8601 RIDGE BLVD BROOKLYN,B3623,P.S. 185 Walter Kassenbrock 8601 Ridge Boulevard Brooklyn,0.8665024
A1848,IMAGINE ME LEADERSHIP CHARTER SCHOOL 39 TRUXTON ST BROOKLYN,B128,All City Leadership Secondary School 321 Palmetto Street Brooklyn,0.8664708
A765,PS 93 WILLIAM H PRESCOTT 31 NEW YORK AVE BROOKLYN,B3423,P.S. 093 William H. Prescott 31 New York Avenue Brooklyn,0.86646575
A452,PS 140 EAGLE SCHOOL (THE) 916 EAGLE AVE BRONX,B3879,P.S. X140 The Eagle School 916 Eagle Ave Bronx,0.8664446
A1791,SUCCESS ACADEMY CHARTER SCHOOL-HARLEM 4 240 W 113TH ST-3RD FL NEW YORK,B1790,Harlem Link Charter School 21 West 111th Street New York,0.86638665
A305,PS 206 JOSE CELSO BARBOSA 508 E 120TH ST NEW YORK,B3668,P.S. 206 Jose Celso Barbosa 508 E 120th St Manhattan,0.8662481
A1696,PS 153 HOMECREST 1970 HOMECREST AVE BROOKLYN,B3557,P.S. 153 Homecrest 1970 Homecrest Avenue Brooklyn,0.86624616
A1259,PS 52 JOHN C THOMPSON 450 BUEL AVE STATEN ISLAND,B4110,Ps 78 100 Tompkins Ave Staten Island,0.866082
A1671,PS 506 SCHOOL OF JOURNALISM AND TECHNOLOGY (THE) 330 59TH ST BROOKLYN,B4454,Secondary School For Journalism 237 7th Avenue Brooklyn,0.86563873
A4402,RICHARD T STANK MIDDLE SCHOOL PO BOX 225 CONKLIN,B4216,Richard T. Stank  Jr-High Sch 1040 Conklin Rd Conklin,0.8654558
A4512,MARTIN LUTHER KING JR ELEMENTARY SCHOOL 211 SQUARE ST UTICA,B1128,Dr. Martin Luther King Jr. Elementary School 918 Stanley Street Schenectady,0.865425
A1483,PS 96 130-01 ROCKAWAY BLVD SOUTH OZONE PARK,B3562,P.S. 155 13002 115th Ave South Ozone Park,0.8653613
A1194,PS 212 34-25 82ND ST JACKSON HEIGHTS,B4102,Ps 110 48-29 37th Street Queens,0.86525905
A3791,REGINALD BENNETT ELEMENTARY SCHOOL PO BOX 300 BOICEVILLE,B355,Bennett Elem School 4166 Rte 28 Boiceville,0.8652395
A1705,PS 226 ALFRED DE B MASON 6006 23RD AVE BROOKLYN,B3701,P.S. 226 Alfred De B.Mason 6006 23 Avenue Brooklyn,0.8652147
A3923,PLAINVIEW-OLD BETHPAGE MIDDLE SCHOOL 121 CENTRAL PARK RD PLAINVIEW,B4040,Plainview-Old Bethpage Mid Sch 121 Central Park Rd Plainview,0.86508906
A954,PS 86 IRVINGTON (THE) 220 IRVING AVE BROOKLYN,B3409,P.S. 086 The Irvington 220 Irving Ave Brooklyn,0.8649682
A2355,BURNT HILLS-BALLSTON LAKE SENIOR HIGH SCHOOL 88 LAKEHILL RD BURNT HILLS,B631,Burnt Hills-Ballston Lake H S 88 Lakehill Rd Burnt Hills,0.8649566
A2920,GREENVILLE MIDDLE SCHOOL PO BOX 129 GREENVILLE,B1714,Greenville Jr-Sr High School 4982 State Route 81 Greenville,0.8649067
A2540,WALTER G O'CONNELL COPIAGUE HIGH SCHOOL 1100 DIXON AVE COPIAGUE,B979,Copiague High School 1100 Dixon Ave Copiague,0.86477387
A325,PS 123 MAHALIA JACKSON 301 W 140TH ST NEW YORK,B3492,P.S. 123 Mahalia Jackson 301 West 140 Street Manhattan,0.8647503
A154,PS 11 SARAH J GARNETT ELEMENTARY SCHOOL (THE) 320 W 21ST ST NEW YORK,B1218,"East Side Elementary School, Ps 267 213 East 63rd Street Manhattan",0.86474776
A1778,SUCCESS ACADEMY CHARTER SCHOOL-HARLEM 1 34 W 118TH ST-2ND FL NEW YORK,B4760,Storefront Academy Charter School Harlem 445 East 115th Street New York,0.86465734
A2754,FALLSBURG JUNIOR SENIOR HIGH SCHOOL PO BOX 124 FALLSBURG,B1401,Fallsburg Jr/Sr High School Brickman Rd Fallsburg,0.86460936
A1430,PS 21 EDWARD HART 147-36 26TH AVE FLUSHING,B4102,Ps 110 48-29 37th Street Queens,0.86451083
A1234,PS 18 JOHN G WHITTIER 221 BROADWAY STATEN ISLAND,B4110,Ps 78 100 Tompkins Ave Staten Island,0.86444926
A303,PS 155 WILLIAM PACA 319 E 117TH ST NEW YORK,B3563,P.S. 155 William Paca 319 E 117th St Manhattan,0.8644186
A431,HERO HIGH SCHOOL 455 SOUTHERN BLVD BRONX,B535,Bronx International High School 1100 Boston Road Bronx,0.86433506
A1941,BROOKLYN PROSPECT CHARTER SCHOOL - CSD 13.2 272 MACON ST BROOKLYN,B4840,"The Brooklyn Charter School 545 Willoughby Avenue, 3rd Floor Brooklyn",0.86429614
A1446,JHS 189 DANIEL CARTER BEARD 144-80 BARCLAY AVE FLUSHING,B2194,J.H.S. 189 Daniel Carter Beard 144-80 Barclay Ave Queens,0.8642568
A1032,PS 419 111-10 ASTORIA BLVD FLUSHING,B4102,Ps 110 48-29 37th Street Queens,0.8642261
A450,PS 130 ABRAM STEVENS HEWITT 750 PROSPECT AVE BRONX,B3508,P.S. 130 Abram Stevens Hewitt 750 Prospect Ave Bronx,0.86417556
A4575,VAN WYCK JUNIOR HIGH SCHOOL 6 HILLSIDE LAKE RD WAPPINGERS FALLS,B5110,Van Wyck Junior High School 6 Hillside Lake Rd Wappingers Fl,0.8639885
A1158,COMMUNITY VOICES MIDDLE SCHOOL 145-00 SPRINGFIELD BLVD SPRINGFIELD GARDENS,B953,Community Voices Middle School 145-00 Springfield Boulevard Queens,0.86398816
A1710,IS 281 JOSEPH B CAVALLARO 8787 24TH AVE BROOKLYN,B2069,I.S. 281 Joseph B Cavallaro 8787 24th Ave Brooklyn,0.8639159
A4859,SUCCESS ACADEMY CHARTER SCHOOL-NYC 7 124 EAMES PL BRONX,B4765,Strive Charter School 604 E 139th St Bronx,0.8638956
A1258,PS 50 FRANK HANKINSON 200 ADELAIDE AVE STATEN ISLAND,B3339,P.S. 050 Frank Hankinson 200 Adelaide Ave Staten Island,0.86379945
A3361,LYME CENTRAL SCHOOL PO BOX 219 - 11868 ACADEMY ST CHAUMONT,B2556,Lyme Central Elem & High Sch 11868 Academy St Chaumont,0.8637973
A2842,GILBOA-CONESVILLE CENTRAL SCHOOL 132 WYCKOFF RD GILBOA,B1611,Gilboa Conesville Central Sch 132 Wyckoff Road Gilboa,0.86379266
A1511,SCHOLARS' ACADEMY 320 BEACH 104TH ST ROCKAWAY PARK,B4402,Scholars' Academy 320 Beach 104th Street Queens,0.86376375
A769,PS 270 JOHANN DEKALB 241 EMERSON PL BROOKLYN,B3736,P.S. 270 Johann Dekalb 241 Emerson Place Brooklyn,0.8637456
A3505,MILLBROOK MIDDLE SCHOOL PO BOX AA MILLBROOK,B2795,Millbrook Middle School Alden Place Millbrook,0.8636937
A3416,MARCELLUS HIGH SCHOOL 1 MUSTANG HILL MARCELLUS,B2674,Marcellus High School 1 Mustang Hl Marcellus,0.8636266
A2210,BERLIN ELEMENTARY SCHOOL PO BOX 259 BERLIN,B361,Berlin Central Jr Sr High School 17400 Route 22 Berlin,0.8636122
A2661,W TRESPER CLARKE HIGH SCHOOL 740 EDGEWOOD DR WESTBURY,B5288,Westbury High School 1 Post Rd Westbury,0.8635927
A1950,ACHIEVEMENT FIRST VOYAGER CHARTER SCHOOL 601 PARKSIDE AVE BROOKLYN,B1386,"Explore Charter School 655 Parkside Ave, 4th Floor Rm 416 Brooklyn",0.8635068
A2291,BRUSHTON-MOIRA HIGH SCHOOL 758 COUNTY RT 7 BRUSHTON,B620,Brushton Moira Central Dist 758 County Route 7 Brushton,0.8634554
A2763,FLORAL PARK-BELLEROSE SCHOOL 2 LARCH AVE FLORAL PARK,B3171,Our Lady Of Victory School 2 Bellmore St Floral Park,0.8633621
A1691,PS 99 ISAAC ASIMOV 1120 E 10TH ST BROOKLYN,B3437,P.S. 099 Isaac Asimov 1120 East 10 Street Brooklyn,0.86327714
A1002,PS 199 MAURICE A FITZGERALD 39-20 48TH AVE LONG ISLAND CITY,B3654,P.S. 199 Maurice A. Fitzgerald 3920 48th Ave Long Is City,0.8632313
A362,PS 152 DYCKMAN VALLEY 93 NAGLE AVE NEW YORK,B4110,Ps 78 100 Tompkins Ave Staten Island,0.86287653
A22,VERNE W CRITZ ELEMENTARY SCHOOL 185 DUNTON AVE EAST PATCHOGUE,B4228,River Avenue Elementary School 46 River Ave Patchogue,0.862838
A709,PS 44 DAVID C FARRAGUT 1825 PROSPECT AVE BRONX,B3319,P.S. 044 David C. Farragut 1825 Prospect Avenue Bronx,0.8628317
A1310,PS 31 SAMUEL F DUPONT 75 MESEROLE AVE BROOKLYN,B3284,P.S. 031 Samuel F. Dupont 75 Meserole Avenue Brooklyn,0.86280346
A1495,PS 146 HOWARD BEACH 98-01 159TH AVE HOWARD BEACH,B2002,Howard Beach (Sa-Hb) 158-20 101st Street Howard Beach,0.8626789
A1800,SUCCESS ACADEMY CHARTER SCHOOL-HARLEM 3 410 E 100TH ST-4TH FL NEW YORK,B1790,Harlem Link Charter School 21 West 111th Street New York,0.86264825
A926,PS 272 CURTIS ESTABROOK 101-24 SEAVIEW AVE BROOKLYN,B3737,P.S. 272 Curtis Estabrook 10124 Seaview Ave Brooklyn,0.86260086
A2300,MCKINLEY VOCATIONAL HIGH SCHOOL 1500 ELMWOOD AVE BUFFALO,B258,Baker Hall School 777 Ridge Rd Buffalo,0.8625543
A4477,TRUMANSBURG ELEMENTARY SCHOOL 100 WHIG ST TRUMANSBURG,B4995,Truman Elementary School 15 Inner Dr Buffalo,0.86252165
A1243,PS 29 BARDWELL 1581 VICTORY BLVD STATEN ISLAND,B4110,Ps 78 100 Tompkins Ave Staten Island,0.8625088
A1479,PS 63 OLD SOUTH 90-15 SUTTER AVE OZONE PARK,B3562,P.S. 155 13002 115th Ave South Ozone Park,0.8625081
A1439,PS 154 75-02 162ND ST FLUSHING,B3619,P.S. 184 Flushing Manor 163-15 21st Rd Queens,0.86233205
A2750,FALCONER MIDDLE/HIGH SCHOOL PO BOX 48 FALCONER,B1399,Falconer Jr-Sr High School 2 East Ave Falconer,0.862274
A4578,ORCHARD VIEW ALTERNATIVE HIGH SCHOOL 25 CORPORATE DR HOPEWELL JUNCTION,B3136,Orchard View Alternative High School 15 Meyers Corners Road Wappingers Falls,0.86217916
A250,JHS 54 BOOKER T WASHINGTON 103 W 107TH ST NEW YORK,B2174,J.H.S. 054 Booker T. Washington 103 W 107th St Manhattan,0.8621173
A2984,HARRISVILLE JUNIOR-SENIOR HIGH SCHOOL 14371 PIRATE LN HARRISVILLE,B1808,Harrisville Central School 14371 Pirate Lane Harrisville,0.86205316
A2412,SINCLAIRVILLE ELEMENTARY SCHOOL PO BOX 540 SINCLAIRVILLE,B4508,Sinclairville Elem School 43 Sinclair Dr Sinclairville,0.8618467
A4861,SUCCESS ACADEMY CHARTER SCHOOL-NYC 6 760 EAST GUN HILL RD BRONX,B4765,Strive Charter School 604 E 139th St Bronx,0.8617866
A1307,PS 17 HENRY D WOODWORTH 208 N 5TH ST BROOKLYN,B3243,P.S. 017 Henry D. Woodworth 208 North 5 Street Brooklyn,0.86176336
A645,PS 21 PHILIP H SHERIDAN 715 E 225TH ST BRONX,B3260,P.S. 021 Philip H. Sheridan 715 East 225 Street Bronx,0.86171186
A2047,AFTON JUNIOR/SENIOR HIGH SCHOOL PO BOX 5 AFTON,B81,Afton Middle Senior High Sch 18 Sand St Afton,0.8616949
A267,MS 245 COMPUTER SCHOOL (THE) 100 W 77TH ST NEW YORK,B2606,M.S. M245 The Computer School 100 West 77th Street Manhattan,0.8616348
A2082,A F PALMER ELEMENTARY SCHOOL / WINDSOR CENTRAL MIDDLE SCHOOL 213 MAIN ST WINDSOR,B653,C R Weeks Elementary 440 Foley Rd Windsor,0.86157393
A1947,SUCCESS ACADEMY CHARTER SCHOOL-BED STUY 3 787 LAFAYETTE AVE BROOKLYN,B572,Brooklyn Emerging Leaders Academy Charter High School 125 Stuyvesant Ave Brooklyn,0.86153436
A1601,PS 23 AT QUEENS CHILDREN CENTER 74-03 COMMONWEALTH BLVD-BLDG 39 BELLEROSE,B3860,P.S. Q023 @ Queens Children Center 7403 Commonwealth Blvd Bellerose,0.8615116
A924,PS 244 RICHARD R GREEN 5404 TILDEN AVE BROOKLYN,B3718,P.S. 244 Richard R. Green 5400 Tilden Avenue Brooklyn,0.8613706
A355,PS 8 LUIS BELLIARD 465 W 167TH ST NEW YORK,B3224,P.S. 008 Luis Belliard 465 West 167 Street Manhattan,0.8612392
A1535,SOUTH STREET SCHOOL 130 SOUTH ST MANORVILLE,B1054,Dayton Avenue School 151 Dayton Ave Manorville,0.86123306
A1405,PS 327 DR ROSE B ENGLISH 111 BRISTOL ST BROOKLYN,B3776,P.S. 327 Dr. Rose B. English 111 Bristol St Brooklyn,0.8612167
A258,PS 165 ROBERT E SIMON 234 W 109TH ST NEW YORK,B3589,P.S. 165 Robert E. Simon 234 W 109th St Manhattan,0.86119115
A2367,CAIRO-DURHAM MIDDLE SCHOOL PO BOX 1139 CAIRO,B658,Cairo-Durham Jr-Sr High School 1301 Rt 145 Cairo,0.8611046
A489,PS 11 HIGHBRIDGE 1257 OGDEN AVE BRONX,B3229,P.S. 011 Highbridge 1257 Ogden Ave Bronx,0.8610892
A1035,FRANCIS LEWIS HIGH SCHOOL 58-20 UTOPIA PKY FRESH MEADOWS,B1486,Francis Lewis High School 58-20 Utopia Parkway Fresh Meadows,0.8609918
A106,PS 34 FRANKLIN D ROOSEVELT 730 E 12TH ST NEW YORK,B3293,P.S. 034 Franklin D. Roosevelt 730 E 12th St Manhattan,0.8609175
A1666,PS 229 DYKER 1400 BENSON AVE BROOKLYN,B3702,P.S. 229 Dyker 1400 Benson Avenue Brooklyn,0.8608588
A1071,DAVID N DINKINS SCHOOL 108-29 155TH ST JAMAICA,B4695,St Nicholas Of Tolentine Catholic Academy 80-22 Parsons Blvd Jamaica,0.86071694
A1143,IS 192 LINDEN (THE) 109-89 204TH ST SAINT ALBANS,B2055,I.S. 192 The Linden 10989 204th St Saint Albans,0.86069685
A1018,CIVIC LEADERSHIP ACADEMY 45-10 94TH ST ELMHURST,B881,Civic Leadership Academy 45-10 94th Street Queens,0.8606092
A2431,CORDELLO AVENUE ELEMENTARY SCHOOL 51 CORDELLO AVE CENTRAL ISLIP,B4683,St Mary Elementary School 16 Harrison Ave East Islip,0.860521
A330,PS 194 COUNTEE CULLEN 244 W 144TH ST NEW YORK,B3639,P.S. 194 Countee Cullen 244 West 144 Street Manhattan,0.8604491
A886,PS 399 STANLEY EUGENE CLARKE 2707 ALBERMARLE RD BROOKLYN,B4112,Ps 939 270 59th Street Brooklyn,0.8604185
A213,URBAN ASSEMBLY ACADEMY OF GOVERNMENT AND LAW 350 GRAND ST NEW YORK,B5051,"Urban Assembly Academy Of Government And Law, The 350 Grand Street Manhattan",0.86040854
A1201,PS 234 30-15 29TH ST ASTORIA,B4102,Ps 110 48-29 37th Street Queens,0.8603663
A1440,PS 163 FLUSHING HEIGHTS 159-01 59TH AVE FLUSHING,B3586,P.S. 164 Queens Valley 13801 77th Ave Flushing,0.8603606
A3487,C E WALTERS SCHOOL 15 EVERETT DR YAPHANK,B810,Charles E. Walters Elementary School 15 Everret Dr Yaphank,0.8603447
A1400,PS 165 IDA POSNER 76 LOTT AVE BROOKLYN,B4111,Ps 936 270 59th Street Brooklyn,0.8603065
A65,MATTITUCK-CUTCHOGUE ELEMENTARY SCHOOL PO BOX 1438 CUTCHOGUE,B2724,Mattituck Jr-Sr High School 15125 Main Rd Mattituck,0.86030173
A953,PS 75 MAYDA CORTIELLA 95 GROVE ST BROOKLYN,B4111,Ps 936 270 59th Street Brooklyn,0.86030024
A1444,PS 184 FLUSHING MANOR 163-15 21ST RD WHITESTONE,B3619,P.S. 184 Flushing Manor 163-15 21st Rd Queens,0.8601046
A497,PS 70 MAX SCHOENFELD 1691 WEEKS AVE BRONX,B3384,P.S. 070 Max Schoenfeld 1691 Weeks Ave Bronx,0.8600296
A1584,PS 371 LILLIAN L RASHKIS 355 37TH ST BROOKLYN,B4109,Ps 536 1827 Archer Street Bronx,0.85999596
A382,COMMUNITY MATH AND SCIENCE PREP 401 W 164TH ST NEW YORK,B4422,"School Of Math, Science, And Healthy Living 6214 4th Avenue New York",0.8598507
A3329,SOULE ROAD ELEMENTARY SCHOOL 8338 SOULE RD LIVERPOOL,B2522,Liverpool High School 4338 Wetzel Rd Liverpool,0.85981154
A712,PS 61 FRANCISCO OLLER 1550 CROTONA PARK E BRONX,B3367,P.S. 061 Francisco Oller 1550 Crotona Park East Bronx,0.85978574
A4674,WEST VALLEY CENTRAL SCHOOL PO BOX 290 WEST VALLEY,B5287,West Valley Central School 5359 School St West Valley,0.85975295
A558,PS 23 NEW CHILDREN'S SCHOOL (THE) 2151 WASHINGTON AVE BRONX,B1218,"East Side Elementary School, Ps 267 213 East 63rd Street Manhattan",0.85973036
A2997,NORTH ROCKLAND HIGH SCHOOL PO BOX 495 THIELLS,B3026,North Rockland High School 106 Hammond Rd Thiells,0.85969454
A2104,ANDOVER SCHOOL PO BOX G ANDOVER,B151,Andover Central School 31 Elm St Andover,0.85963035
A298,PS 96 JOSEPH LANZETTA 216 E 120TH ST NEW YORK,B3431,P.S. 096 Joseph Lanzetta 216 E 120th St Manhattan,0.8596064
A1029,INTERNATIONAL HIGH SCHOOL FOR HEALTH SCIENCES 48-01 90TH ST ELMHURST,B2130,International High School For Health Sciences 48-01 90 Street Queens,0.85958683
A1352,PS 190 SHEFFIELD 590 SHEFFIELD AVE BROOKLYN,B3631,P.S. 190 Sheffield 590 Sheffield Avenue Brooklyn,0.8595134
A1359,JHS 292 MARGARET S DOUGLAS 301 VERMONT ST BROOKLYN,B2211,J.H.S. 292 Margaret S. Douglas 301 Vermont Street Brooklyn,0.85948795
A555,NEW PATHWAYS ACADEMY 1000 TELLER AVE BRONX,B524,Bronx Envision Academy 1619 Boston Rd. Bronx,0.85946643
A2689,GREENBURGH ELEVEN MIDDLE SCHOOL 1 ECHO HILLS - BETHUNE BLDG #36 DOBBS FERRY,B1706,Greenburgh Eleven Middle School P.O. Box 501 Dobbs Ferry,0.8594451
A1317,PS 120 CARLOS TAPIA 18 BEAVER ST BROOKLYN,B3485,P.S. 120 Carlos Tapia 18 Beaver Street Brooklyn,0.8594237
A1046,JAMES J AMBROSE SCHOOL (THE) 80-51 261ST ST FLORAL PARK,B2291,John Lewis Childs Elem School 10 Elizabeth St Floral Park,0.8593612
A1398,PS/IS 155 NICHOLAS HERKIMER 1355 HERKIMER ST BROOKLYN,B3886,P.S./ I.S. 155 Nicholas Herkimer 1355 Herkimer St Brooklyn,0.85927814
A3251,WILLIAM G HOUSTON MIDDLE SCHOOL 8855 ERIE RD ANGOLA,B13,A J Schmidt Elementary School 9455 Lake Shore Rd Angola,0.8592663
A2293,BUFFALO ACADEMY FOR THE VISUAL & PERFORMING ARTS 450 MASTEN AVE BUFFALO,B625,Buffalo Academy-Sacred Heart 3860 Main St Buffalo,0.8591863
A1744,PS 207 ELIZABETH G LEARY 4011 FILLMORE AVE BROOKLYN,B3672,P.S. 207 Elizabeth G. Leary 4011 Fillmore Ave Brooklyn,0.8591485
A20,FRANK P LONG INTERMEDIATE SCHOOL 599 BROOKHAVEN AVE BELLPORT,B1494,Frank P Long Intermediate Sch 599 Brookhaven Ave Bellport,0.85907865
A2310,PS 42 OCCUPATIONAL TRAINING CENTER 75 W HURON ST BUFFALO,B4071,Potters Road Occupational Ctr 705 Potters Rd Buffalo,0.8590362
A521,PS/MS 4 CROTONA PARK WEST 1701 FULTON AVE BRONX,B3900,P.S./M.S. 004 Crotona Park West 1701 Fulton Ave Bronx,0.8589192
A4860,SUCCESS ACADEMY CHARTER SCHOOL-NYC 5 760 EAST GUN HILL RD BRONX,B4765,Strive Charter School 604 E 139th St Bronx,0.85886395
A2944,HALF HOLLOW HILLS HIGH SCHOOL EAST 50 VANDERBILT PKY DIX HILLS,B1756,Half Hollow Hills High Sch-E 50 Vanderbilt Pkwy Dix Hills,0.8588637
A329,PS 161 PEDRO ALBIZU CAMPOS 499 W 133RD ST NEW YORK,B3577,P.S. 161 Pedro Albizu Campos 499 W 133rd St New York,0.8587785
A729,KNOWLEDGE AND POWER PREPARATORY ACADEMY III 2055 MAPES AVE BRONX,B2378,Knowledge And Power Preparatory Academy Vi 821 Bay 25th St Far Rockaway,0.8587723
A25,SARANAC HIGH SCHOOL PO BOX 8 SARANAC,B4367,Saranac Elementary School 18 Picketts Corners Road Saranac,0.85877055
A816,JHS 88 PETER ROUGET 544 7TH AVE BROOKLYN,B2181,J.H.S. 088 Peter Rouget 544 7th Ave Brooklyn,0.85875154
A4690,WESTHAMPTON MIDDLE SCHOOL 340 MILL RD WESTHAMPTON BEACH,B5266,West Hampton Beach Middle Sch 340 Mill Rd Westhampton,0.8587258
A4021,SCHOOL 45-MARY MCLEOD BETHUNE 1445 CLIFFORD AVE ROCHESTER,B4403,School # 45 - Northeast 1445 Clifford Ave Rochester,0.8587057
A1930,SUCCESS ACADEMY CHARTER SCHOOL - BENSONHURST 99 AVE P-4TH FL BROOKLYN,B595,"Brooklyn Rise Charter School 9 Hanover Place, 2nd Fl Brooklyn",0.85859674
A1377,ACADEMY OF INNOVATIVE TECHNOLOGY 999 JAMAICA AVE BROOKLYN,B4425,School Of Science & Technology 725 E 23 St Brooklyn,0.85859025
A4504,CHRISTOPHER COLUMBUS ELEMENTARY SCHOOL 934 ARMORY DR UTICA,B938,Columbus Elementary School 275 Washington Ave New Rochelle,0.8585877
A570,PS 24 SPUYTEN DUYVIL 660 W 236TH ST BRONX,B4109,Ps 536 1827 Archer Street Bronx,0.8585097
A1403,GREGORY JOCKO JACKSON-SPORTS-ARTS 213 OSBORN ST BROOKLYN,B4868,"The Gregory Jocko Jackson School Of Sports, Art And Technology 213 Osborn Street Brooklyn",0.8585029
A2635,DONALD P SUTHERLAND SCHOOL PO BOX 429 NASSAU,B4783,Sutherland Elementary School 4 John Street Nassau,0.858445
A514,JHS 22 JORDAN L MOTT 270 E 167TH ST BRONX,B2171,J.H.S. 022 Jordan L. Mott 270 E 167 St Bronx,0.85842264
A879,PS 241 EMMA L JOHNSTON 976 PRESIDENT ST BROOKLYN,B3714,P.S. 241 Emma L. Johnston 976 President Street Brooklyn,0.85840935
A1325,PS 297 ABRAHAM STOCKTON 700 PARK AVE BROOKLYN,B4111,Ps 936 270 59th Street Brooklyn,0.85836875
A255,PS 145 BLOOMINGDALE SCHOOL (THE) 150 W 105TH ST NEW YORK,B3536,"P.S. 145, The Bloomingdale School 150 W 105th St Manhattan",0.8583326
A3106,NETHERWOOD SCHOOL PO BOX 724 HYDE PARK,B2939,Netherwood Elementary School Netherwood Road Hyde Park,0.8582955
A3100,SOUTHDOWN SCHOOL PO BOX 1500 HUNTINGTON,B4578,Southdown Primary School 125 Browns Rd Huntington,0.85815156
A1126,PS 38 ROSEDALE 135-21 241ST ST ROSEDALE,B4305,Rosedale (Sa-Ro) 147-65 249th St Rosedale,0.85805845
A3970,PRATTSBURGH CENTRAL SCHOOL PO BOX 249 PRATTSBURGH,B4077,Prattsburg Central School 1 Academy St Prattsburgh,0.8577998
A1230,PS 8 SHIRLEE SOLOMON 112 LINDENWOOD RD STATEN ISLAND,B3828,P.S. 8 Shirlee Solomon 112 Lindenwood Rd Staten Island,0.85779274
A350,PS 18 PARK TERRACE 4124 9TH AVE NEW YORK,B4110,Ps 78 100 Tompkins Ave Staten Island,0.85772383
A1358,PS 273 WORTMAN 923 JEROME ST BROOKLYN,B4111,Ps 936 270 59th Street Brooklyn,0.85769415
A1875,SUCCESS ACADEMY CHARTER SCHOOL-BED STUY 2 211 THROOP AVE-3RD FL BROOKLYN,B572,Brooklyn Emerging Leaders Academy Charter High School 125 Stuyvesant Ave Brooklyn,0.85749143
A918,PS 135 SHELDON A BROOKNER 684 LINDEN BLVD BROOKLYN,B3503,P.S. 128 Bensonhurst 2075 84 Street Brooklyn,0.8572572
A457,MS 101 EDWARD R BYRNE 2750 LAFAYETTE AVE BRONX,B2608,M.S. X101 Edward R. Byrne 2750 Lafayette Ave Bronx,0.8571952
A3198,INCREASE MILLER ELEMENTARY SCHOOL PO BOX 387 KATONAH,B2108,"Increase Miller Elementary School 186 Waccabuc Road, Rt. 138 Goldens Bridge",0.857116
A1306,PS 16 LEONARD DUNKLY 157 WILSON ST BROOKLYN,B3242,P.S. 016 Leonard Dunkly 157 Wilson Street Brooklyn,0.8570222
A4463,TIOGA SENIOR HIGH SCHOOL PO BOX 241 TIOGA CENTER,B4964,Tioga Middle School 27 5th Ave Tioga Center,0.85698813
A3322,DONLIN DRIVE ELEMENTARY SCHOOL 299 DONLIN DR LIVERPOOL,B2522,Liverpool High School 4338 Wetzel Rd Liverpool,0.856979
A883,PS 316 ELIJAH STROUD 750 CLASSON AVE BROOKLYN,B3772,P.S. 316 Elijah Stroud 750 Classon Avenue Brooklyn,0.8569071
A3101,WASHINGTON SCHOOL 78 WHITSON RD HUNTINGTON STATION,B1600,George Washington School 347 William St West Hempstead,0.8568243
A772,PS 307 DANIEL HALE WILLIAMS 209 YORK ST BROOKLYN,B3765,P.S. 307 Daniel Hale Williams 209 York Street Brooklyn,0.85666406
A3320,CHESTNUT HILL ELEMENTARY SCHOOL 200 SASLON PARK DR LIVERPOOL,B2522,Liverpool High School 4338 Wetzel Rd Liverpool,0.856367
A1845,ACHIEVEMENT FIRST APOLLO CHARTER SCHOOL 350 LINWOOD ST BROOKLYN,B1380,"Excellence Girls Charter School 794 Monroe Street, 3rd Floor Brooklyn",0.8561782
A3699,BOGHT HILLS SCHOOL 38 DUNSBACH FERRY RD COHOES,B435,Boght Hills Elementary School 38 Dunsbach Ferry Rd Latham,0.8561434
A874,PS 161 CROWN (THE) 330 CROWN ST BROOKLYN,B4111,Ps 936 270 59th Street Brooklyn,0.85610133
A2311,LOVEJOY DISCOVERY SCHOOL #43 161 BENZINGER ST BUFFALO,B623,Buffalo Academy Of Science Charter School 190 Franklin Street Buffalo,0.8560851
A1866,SUCCESS ACADEMY CHARTER SCHOOL - BED STUY 1 70 TOMPKINS AVE-2ND FL BROOKLYN,B572,Brooklyn Emerging Leaders Academy Charter High School 125 Stuyvesant Ave Brooklyn,0.85606384
A603,PS 85 GREAT EXPECTATIONS 2400 MARION AVE BRONX,B3406,P.S. 085 Great Expectations 2400 Marion Ave Bronx,0.855873
A2796,FREWSBURG JUNIOR-SENIOR HIGH SCHOOL PO BOX 690 FREWSBURG,B1527,Frewsburg Jr-Sr High School 26 Institute St Frewsburg,0.85584664
A1319,PS 132 CONSELYEA SCHOOL (THE) 320 MANHATTAN AVE BROOKLYN,B1218,"East Side Elementary School, Ps 267 213 East 63rd Street Manhattan",0.85583013
A1644,PS 102 BAYVIEW (THE) 211 72ND ST BROOKLYN,B4111,Ps 936 270 59th Street Brooklyn,0.85578054
A921,PS 219 KENNEDY-KING 1060 CLARKSON AVE BROOKLYN,B3692,P.S. 219 Kennedy-King 1060 Clarkson Avenue Brooklyn,0.8555925
A893,SCIENCE TECHNOLOGY & RESEARCH EARLY COLLEGE 911 FLATBUSH AVE BROOKLYN,B4439,"Science, Technology And Research Early College High School At Erasmus 911 Flatbush Avenue Brooklyn",0.85542023
A2182,BAY SHORE PREKINDERGARTEN CENTER 70 BRENTWOOD RD BAY SHORE,B292,Bay Shore Upk (Pre-K) 200 W Main Street Bay Shore,0.855379
A1007,PS 16 NANCY DEBENEDITTIS SCHOOL (THE) 41-15 104TH ST CORONA,B3166,Our Lady Of Sorrows School 35-34 105th Street Corona,0.8552798
A1612,PS 233 91-30 METROPOLITAN AVE FOREST HILLS,B4105,Ps 390 56-10 214 Street Queens,0.85527265
A3989,RED CREEK HIGH SCHOOL PO BOX 190 RED CREEK,B4182,Red Creek Middlehigh School 6574 South St Red Creek,0.8552293
A4494,UNION SPRINGS HIGH SCHOOL PO BOX 508 UNION SPRINGS,B5019,Union Springs Cent Junior/High School 239 Cayuga St Union Springs,0.8551879
A3954,JOHN PHILIP SOUSA ELEMENTARY SCHOOL 101 SANDS POINT RD PORT WASHINGTON,B2296,John Philip Sousa Elem School 101 Sands Point Rd Port Washingtn,0.855168
A797,PS 32 SAMUEL MILLS SPROLE 317 HOYT ST BROOKLYN,B3287,P.S. 032 Samuel Mills Sprole 317 Hoyt St Brooklyn,0.8550459
A294,PS 38 ROBERTO CLEMENTE 232 E 103RD ST NEW YORK,B3240,P.S. 015 Roberto Clemente 333 E 4th St Manhattan,0.85502404
A1239,PS 23 RICHMONDTOWN 30 NATICK ST STATEN ISLAND,B4110,Ps 78 100 Tompkins Ave Staten Island,0.8550229
A4120,MARY K VOLLMER ELEMENTARY SCHOOL 150 TELEPHONE RD WEST HENRIETTA,B1447,Floyd S Winslow Elementary Sch 725 Pinnacle Rd Henrietta,0.8550107
A446,PS 100 ISAAC CLASON 800 TAYLOR AVE BRONX,B4109,Ps 536 1827 Archer Street Bronx,0.85491014
A4365,CHESTNUT RIDGE MIDDLE SCHOOL 892 NY-45 CHESTNUT RIDGE,B854,Chestnut Ridge Jr High School 892 Chestnut Rdg Rd Chestnut Ridge,0.8546693
A366,PS 189 2580 AMSTERDAM AVE NEW YORK,B4111,Ps 936 270 59th Street Brooklyn,0.85465974
A4858,SUCCESS ACADEMY CHARTER SCHOOL-NYC 12 2169 BLACKROCK AVE BRONX,B4765,Strive Charter School 604 E 139th St Bronx,0.85461974
A302,PS 146 ANN M SHORT 421 E 106TH ST NEW YORK,B3538,P.S. 146 Ann M. Short 421 E 106th St Manhattan,0.8544829
A3995,RED JACKET ELEMENTARY SCHOOL 1506 RT 21 SHORTSVILLE,B4185,Red Jacket Elementary School 1506 Route 21 Manchester,0.85447466
A1480,PS 64 JOSEPH P ADDABBO 82-01 101ST AVE OZONE PARK,B3371,P.S. 064 Joseph P. Addabbo 8201 101st Ave Ozone Park,0.8544383
A2344,RIVERSIDE ACADEMY HIGH SCHOOL 51 ONTARIO ST BUFFALO,B1206,East Middle School 1445 Center Rd Buffalo,0.8543868
A1650,PS 163 BATH BEACH 109 BAY 14TH ST BROOKLYN,B3583,P.S. 163 Bath Beach 109 Bay 14th Street Brooklyn,0.8543728
A2406,BLACK RIVER SCHOOL PO BOX 218 BLACK RIVER,B402,Black River Elementary School 160 Leray St Black River,0.85419357
A1038,PS 26 RUFUS KING 195-02 69TH AVE FLUSHING,B3272,P.S. 026 Rufus King 195-02 69th Ave Queens,0.8541918
A4327,SILAS WOOD 6TH GRADE CENTER 23 HARDING PL HUNTINGTON STATION,B4504,Silas Wood Education Center 23 Harding Pl Huntington Sta,0.8541448
A1350,PS 159 ISAAC PITKIN 2781 PITKIN AVE BROOKLYN,B3571,P.S. 159 Isaac Pitkin 2781 Pitkin Avenue Brooklyn,0.85409313
A801,PS 58 CARROLL (THE) 330 SMITH ST BROOKLYN,B4111,Ps 936 270 59th Street Brooklyn,0.8540465
A1614,PS 79 HORAN SCHOOL 55 E 120TH ST NEW YORK,B3852,P.S. M079 - Horan School 55 East 120 Street Manhattan,0.85401464
A3728,NORTHEASTERN CLINTON MIDDLE SCHOOL 103 RT 276 CHAMPLAIN,B902,Clinton Middle School 75 Chenango Ave Clinton,0.8540086
A245,MS 297 75 MORTON ST NEW YORK,B4119,Ps/Ms 194 2365 Waterbury Ave Bronx,0.8539395
A3268,RAYMOND C BUCKLEY ELEMENTARY SCHOOL 284 RIDGE RD LANSING,B2418,Lansing High School 300 Ridge Rd Lansing,0.8538066
A4066,ANDREW A LANGSTON MIDDLE SCHOOL 1 EDGERTON PARK ROCHESTER,B1291,Elementary School 17 156 Orchard St Rochester,0.8536673
A3885,PERU HIGH SCHOOL PO BOX 68 PERU,B4005,Peru Elementary School 116 Pleasant Avenue Peru,0.8535711
A2026,WILDFLOWER NEW YORK CHARTER SCHOOL 1332 FULTON AVE BRONX,B4543,South Bronx Classical Charter School Ii 333 East 135th Street Bronx,0.85351455
A440,PS 62 INOCENSIO CASANOVA 660 FOX ST BRONX,B4109,Ps 536 1827 Archer Street Bronx,0.85337865
A449,JHS 123 JAMES M KIERNAN 1025 MORRISON AVE BRONX,B2185,J.H.S. 123 James M. Kieran 1025 Morrison Ave Bronx,0.8533496
A2294,BURGARD HIGH SCHOOL 400 KENSINGTON AVE BUFFALO,B258,Baker Hall School 777 Ridge Rd Buffalo,0.85325235
A2654,CLARKE MIDDLE SCHOOL 740 EDGEWOOD DR WESTBURY,B5260,West End Elementary School 30 Clark Ave Lynbrook,0.853158
A1367,PS 7 ABRAHAM LINCOLN 858 JAMAICA AVE BROOKLYN,B3220,P.S. 007 Abraham Lincoln 858 Jamaca Avenue Brooklyn,0.8531102
A2292,BUFFALO ELEMENTARY SCHOOL OF TECHNOLOGY 414 S DIVISION ST BUFFALO,B624,Buffalo Academy Of Science Charter School 2 335 Doat St Buffalo,0.853073
A4034,SCHOOL 19-DR CHARLES T LUNSFORD 465 SEWARD ST ROCHESTER,B4407,School #20- Henry Lomb School 54 Oakman St Rochester,0.85304123
A762,PS 56 LEWIS H LATIMER 170 GATES AVE BROOKLYN,B3356,P.S. 056 Lewis H. Latimer 170 Gates Avene Brooklyn,0.8530313
A2336,MATH SCIENCE TECHNOLOGY PREPARATORY SCHOOL AT 197 646 E DELEVAN AVE BUFFALO,B624,Buffalo Academy Of Science Charter School 2 335 Doat St Buffalo,0.8528676
A3611,MANOR OAKS WILLIAM BOWIE SCHOOL 1950 HILLSIDE AVE NEW HYDE PARK,B2658,Manor Oaks-William Bowie Sch 1950 Hillside Ave New Hyde Park,0.852572
A1501,JHS 210 ELIZABETH BLACKWELL 93-11 101ST AVE OZONE PARK,B2199,J.H.S. 210 Elizabeth Blackwell 93-11 101 Avenue Queens,0.8525467
A619,MARIE CURIE HIGH SCHOOL-NURSING 120 W 231ST ST BRONX,B4882,"The Marie Curie School For Medicine, Nursing, And Health Professions 120 West 231 Street Bronx",0.8524579
A666,PS 175 CITY ISLAND 200 CITY ISLAND AVE BRONX,B4106,Ps 5 Port Morris 564 Jackson Avenue Bronx,0.8524512
A113,PS 184 SHUANG WEN 327 CHERRY ST-2ND FL NEW YORK,B3621,P.S. 184m Shuang Wen 327 Cherry St Manhattan,0.85236955
A602,PS 59 COMMUNITY SCHOOL OF TECHNOLOGY (THE) 2185 BATHGATE AVE BRONX,B2106,In-Tech Academy (M.S. / High School 368) 2975 Tibbett Avenue Bronx,0.8523083
A1729,JHS 14 SHELL BANK 2424 BATCHELDER ST BROOKLYN,B2170,J.H.S. 014 Shell Bank 2424 Batchelder St Brooklyn,0.85227776
A1353,PS 202 ERNEST S JENKYNS 982 HEGEMAN AVE BROOKLYN,B4111,Ps 936 270 59th Street Brooklyn,0.85220563
A1874,SUCCESS ACADEMY CHARTER SCHOOL-WILLIAMSBURG 183 S 3RD ST-4TH FL BROOKLYN,B595,"Brooklyn Rise Charter School 9 Hanover Place, 2nd Fl Brooklyn",0.8521478
A3658,NEWFIELD SENIOR HIGH SCHOOL 247 MAIN ST NEWFIELD,B2994,Newfield High School 145 Marshall Dr Selden,0.8520947
A2866,SCOTCHTOWN AVENUE SCHOOL 120 SCOTCHTOWN AVE GOSHEN,B4441,Scotchtown 120 Scotchtown Ave Goshen,0.85209364
A4068,LORETTA JOHNSON MIDDLE SCHOOL 200 GENESEE ST ROCHESTER,B1289,Elementary School 16 321 Post Ave Rochester,0.85193676
A1049,PS 159 205-01 33RD AVE BAYSIDE,B4105,Ps 390 56-10 214 Street Queens,0.85177904
A796,PS 29 JOHN M HARRIGAN 425 HENRY ST BROOKLYN,B3278,P.S. 029 John M. Harrigan 425 Henry St Brooklyn,0.8517289
A3027,HEUVELTON CENTRAL SCHOOL PO BOX 375 HEUVELTON,B1881,Heuvelton Central School Washington Street Heuvelton,0.8516679
A1262,PS 55 HENRY M BOEHM 54 OSBORNE ST STATEN ISLAND,B3353,P.S. 055 Henry M. Boehm 54 Osborne St Staten Island,0.85161823
A1849,UNCOMMON CROWN HEIGHTS CHARTER SCHOOL NYC 1137 HERKIMER ST-2ND FL BROOKLYN,B1188,East Flatbush Ascend Charter School 870 Albany Avenue Brooklyn,0.8515252
A1060,JHS 216 GEORGE J RYAN 64-20 175TH ST FLUSHING,B2200,J.H.S. 216 George J. Ryan 64-20 175 Street Queens,0.8514776
A1245,PS 31 WILLIAM T DAVIS 55 LAYTON AVE STATEN ISLAND,B3285,P.S. 031 William T. Davis 55 Layton Ave Staten Island,0.8514114
A591,MS 390 1930 ANDREWS AVE BRONX,B4119,Ps/Ms 194 2365 Waterbury Ave Bronx,0.8513099
A1320,PS 147 ISSAC REMSEN 325 BUSHWICK AVE BROOKLYN,B3541,P.S. 147 Isaac Remsen 325 Bushwick Ave Brooklyn,0.85123193
A1423,IS 250 ROBERT F KENNEDY COMMUNITY MIDDLE SCHOOL (THE) 158-40 76TH RD FLUSHING,B4250,Robert F. Kennedy Community High School 75-40  Parsons Blvd Flushing,0.85120857
A1620,PS 469-BRONX SCHOOL FOR CONTINUOUS LEARNING (THE) 240 E 172ND ST BRONX,B550,Bronx-Manhattan Sda School 1440 Plimpton Ave Bronx,0.85120225
A1681,SUNSET SCHOOL OF CULTURAL LEARNING 270 59TH ST BROOKLYN,B601,Brooklyn Secondary School For Collaborative Studies 610 Henry Street Brooklyn,0.85119075
A155,PS 33 CHELSEA PREP 281 9TH AVE NEW YORK,B3290,P.S. 033 Chelsea Prep 281 9th Avenue Manhattan,0.8511492
A4588,SANFORDVILLE ELEMENTARY SCHOOL PO BOX 595 WARWICK,B5190,Warwick Valley Sr High School 89 Sanfordville Rd Warwick,0.8511054
A3407,ENDERS ROAD ELEMENTARY SCHOOL 4725 ENDERS RD MANLIUS,B1166,Eagle Hill Middle School 4645 Enders Rd Manlius,0.8510606
A1030,CHILDREN'S LAB SCHOOL (THE) 45-46 42ND ST LONG ISLAND CITY,B4848,The Childrens Lab School 45-45 42nd Street Queens,0.8510429
A1133,PS 131 ABIGAIL ADAMS 170-45 84TH AVE JAMAICA,B3511,P.S. 131 Abigail Adams 170-45 84 Avenue Queens,0.8510021
A3656,NEWFIELD MIDDLE SCHOOL 247 MAIN ST NEWFIELD,B3113,Oldfield Middle School 2 Oldfield Rd Greenlawn,0.85095423
A1698,PS 188 MICHAEL E BERDY 3314 NEPTUNE AVE BROOKLYN,B4111,Ps 936 270 59th Street Brooklyn,0.8509203
A2686,WAVERLY EARLY CHILDHOOD CENTER 45 HALL AVE EASTCHESTER,B1170,Early Childhood Center 10 Campbell St New Hyde Park,0.8504064
A1634,ACHIEVEMENT FIRST CROWN HEIGHTS CHARTER SCHOOL 790 E NEW YORK AVE BROOKLYN,B1188,East Flatbush Ascend Charter School 870 Albany Avenue Brooklyn,0.85039556
A3996,RED JACKET HIGH SCHOOL 1506 RT 21 SHORTSVILLE,B4186,Red Jacket Jr Sr High School 1506 Route 21 Manchester,0.85025346
A159,PS 51 ELIAS HOWE 525 W 44TH ST NEW YORK,B3343,P.S. 051 Elias Howe 525 West 44th Street Manhattan,0.85021055
A3321,CHESTNUT HILL MIDDLE SCHOOL 204 SASLON PARK DR LIVERPOOL,B2522,Liverpool High School 4338 Wetzel Rd Liverpool,0.85009605
A2085,ALTMAR-PARISH-WILLIAMSTOWN JR/SR HIGH SCHOOL PO BOX 970 PARISH,B138,Altmar-Parish-Williamstown Jr/Sr Hs 639 County Route 22 Parish,0.8499701
A1642,PS 48 MAPLETON 6015 18TH AVE BROOKLYN,B4111,Ps 936 270 59th Street Brooklyn,0.84994096
A1008,PS 12 JAMES B COLGATE 42-00 72ND ST WOODSIDE,B3233,P.S. 012 James B. Colgate 42-00 72nd St Woodside,0.84991306
A2321,LORRAINE ELEMENTARY SCHOOL 71 LORRAINE AVE BUFFALO,B1206,East Middle School 1445 Center Rd Buffalo,0.8498907
A1390,LEGACY SCHOOL OF THE ARTS 590 SHEFFIELD AVE BROOKLYN,B1032,Cultural Academy For The Arts And Sciences 5800 Tilden Avenue Brooklyn,0.8498684
A4850,STATEN ISLAND HEBREW PUBLIC CHARTER SCHOOL 829 FATHER CAPODANNO BLVD STATEN ISLAND,B4887,The Michael J. Petrides School 715 Ocean Ter Staten Island,0.8497533
A4818,MONROE 1 BOCES 41 O'CONNOR RD FAIRPORT,B2825,Monroe 1 Boces Alternative High School 41 O'Connor Road Fairport,0.8496299
A4737,WINDHAM ASHLAND CENTRAL SCHOOL PO BOX 429 WINDHAM,B5387,Windham-Ashland Jewett Central School 5411 State Route 23 Windham,0.8495585
A4717,NORTH GREENBUSH SCHOOL 49 GREENBUSH RD TROY,B1286,Elementary School 14 1700 Tibbits Ave Troy,0.84951204
A4056,JOSEPH C WILSON FOUNDATION ACADEMY 200 GENESEE ST ROCHESTER,B5381,Wilson Magnet School 501 Genesee St Rochester,0.8494752
A1257,IS 49 BERTA A DREYFUS 101 WARREN ST STATEN ISLAND,B2081,I.S. 49 Berta A. Dreyfus 101 Warren St Staten Island,0.8492526
A1355,PS 214 MICHAEL FRIEDSAM 2944 PITKIN AVE BROOKLYN,B4111,Ps 936 270 59th Street Brooklyn,0.8492515
A4757,ENRICO FERMI SCHOOL FOR THE PERFORMING ARTS 27 POPLAR ST YONKERS,B1353,Enrico Fermi Perf Arts Sch 27 Poplar St Yonkers,0.84924495
A3936,A A GATES ELEMENTARY SCHOOL 30 MAPLE AVE PORT BYRON,B4056,Port Byron High School 30 Maple Ave Port Byron,0.84919983
A2376,CANAJOHARIE MIDDLE SCHOOL 25 SCHOOL DISTRICT RD CANAJOHARIE,B680,Canandaigua Middle School 215 Granger St Canandaigua,0.8491777
A798,PS 38 PACIFIC (THE) 450 PACIFIC ST BROOKLYN,B4111,Ps 936 270 59th Street Brooklyn,0.8491224
A4688,WESTHAMPTON BEACH ELEMENTARY SCHOOL 379 MILL RD WESTHAMPTON BEACH,B5266,West Hampton Beach Middle Sch 340 Mill Rd Westhampton,0.84909344
A1153,PREPARATORY ACADEMY FOR WRITERS:  A COLLEGE BOARD SCHOOL 143-10 SPRINGFIELD BLVD SPRINGFIELD GARDENS,B4082,Preparatory Academy For Writers: A College Board School 143-10 Springfield Boulevard Queens,0.8490734
A3191,JOHNSTOWN HIGH SCHOOL 1 SIR BILLS CIRCLE JOHNSTOWN,B5183,Warren Street Elementary Sch 110 Warren St Johnstown,0.8490379
A850,PS 81 THADDEUS STEVENS 990 DEKALB AVE BROOKLYN,B3399,P.S. 081 Thaddeus Stevens 990 Dekalb Ave Brooklyn,0.84900904
A1594,PS 177 56-37 188TH ST FLUSHING,B4102,Ps 110 48-29 37th Street Queens,0.84898746
A757,PS 11 PURVIS J BEHAN 419 WAVERLY AVE BROOKLYN,B3231,P.S. 011 Purvis J. Behan 419 Waverly Avenue Brooklyn,0.848984
A323,PS 154 HARRIET TUBMAN 250 W 127TH ST NEW YORK,B3559,P.S. 154 Harriet Tubman 250 West 127 Street Manhatta,0.8488963
A359,PS 128 AUDUBON 560 W 169TH ST NEW YORK,B3502,P.S. 128 Audubon 560 West 169 Street Manhattan,0.8488847
A663,JHS 144 MICHELANGELO 2545 GUNTHER AVE BRONX,B2188,J.H.S. 144 Michelangelo 2545 Gunther Avenue Bronx,0.84864926
A272,FIORELLO H LAGUARDIA HIGH SCHOOL 100 AMSTERDAM AVE NEW YORK,B4653,St Jean Baptiste High School 173 E 75th St New York,0.8482406
A3003,GERALD F NEARY ELEMENTARY SCHOOL 20 GEORGE ST HAVERSTRAW,B5268,West Haverstraw Elementary School 71 Blauvelt Ave W Haverstraw,0.84823215
A1708,MARK TWAIN IS 239 FOR THE GIFTED AND TALENTED 2401 NEPTUNE AVE BROOKLYN,B2690,Mark Twain I.S. 239 For The Gifted & Talented 2401 Neptune Avenue Brooklyn,0.8481977
A400,PS 18 JOHN PETER ZENGER 502 MORRIS AVE BRONX,B4113,Ps X469 3177 Webster Ave Bronx,0.84806806
A4644,WEST CANADA VALLEY ELEMENTARY SCHOOL PO BOX 360 NEWPORT,B5258,West Canada Valley School 5447 Ny-28 Newport,0.8479188
A94,SISULU-WALKER CHARTER SCHOOL OF HARLEM 71-111 CONVENT AVE NEW YORK,B2932,Neighborhood Charter School - Harlem 691 St. Nicholas Ave. New York,0.8479048
A4839,WESTCHESTER BOCES 17 BERKLEY DR RYE BROOK,B4131,Putnam Westchester Boces 200 Boces Drive Yorktown Heights,0.8477114
A1366,PS 290 JUAN MOREL CAMPOS 135 SCHENCK AVE BROOKLYN,B3753,P.S. 290 Juan Morel Campos 135 Schenck Avenue Brooklyn,0.8476113
A4446,PUBLIC SERVICE LEADERSHIP ACADEMY AT FOWLER 227 MAGNOLIA ST SYRACUSE,B4096,Promising Futures Leadership Academy (Pfla) 573 E. Genesee Street Syracuse,0.84758747
A4490,UNADILLA ELEMENTARY SCHOOL PO BOX L UNADILLA,B5013,Unadilla Elementary School Main Street Unadilla,0.8474692
A1365,PS 89 CYPRESS HILLS 265 WARWICK ST BROOKLYN,B4111,Ps 936 270 59th Street Brooklyn,0.84731185
A2411,CASSADAGA VALLEY MIDDLE/HIGH SCHOOL PO BOX 540 SINCLAIRVILLE,B739,Cassadaga Valley Mid-High Sch 5935 Route 60 Sinclairville,0.84725124
A445,PS 93 ALBERT G OLIVER 1535 STORY AVE BRONX,B3422,P.S. 093 Albert G. Oliver 1535 Story Ave Bronx,0.84722924
A793,PS 1 BERGEN (THE) 309 47TH ST BROOKLYN,B3205,P.S. 001 The Bergen 309 47th St Brooklyn,0.84709287
A1920,ACHIEVEMENT FIRST LINDEN CHARTER SCHOOL 800 VAN SICLEN AVE BROOKLYN,B1182,East Brooklyn Ascend Charter School 260 Shepherd Avenue Brooklyn,0.84702677
A1621,MS 596 850 BAYCHESTER AVE BRONX,B4119,Ps/Ms 194 2365 Waterbury Ave Bronx,0.84702337
A2618,CASSAVANT ELEMENTARY SCHOOL PO BOX 88 DRYDEN,B1138,Dryden Elementary School 36 Union Street Dryden,0.84697914
A919,PS 208 ELSA EBELING 4801 AVE D BROOKLYN,B3674,P.S. 208 Elsa Ebeling 4801 Avenue D Brooklyn,0.8468897
A156,PS 40 AUGUSTUS SAINT-GAUDENS 320 E 20TH ST NEW YORK,B3307,P.S. 040 Augustus Saint-Gaudens 319 E 19th Street Manhattan,0.8468547
A509,IS 219 NEW VENTURE SCHOOL 3630 3RD AVE BRONX,B2059,I.S. 219  New Venture School 3630 Thrid Ave Bronx,0.84664667
A763,PS 67 CHARLES A DORSEY 51 ST EDWARDS ST BROOKLYN,B3377,P.S. 067 Charles A. Dorsey 51 Saint Edwards Street Brooklyn,0.8463418
A1248,PS 36 J C DRUMGOOLE 255 IONIA AVE STATEN ISLAND,B4110,Ps 78 100 Tompkins Ave Staten Island,0.8462584
A1974,SUCCESS ACADEMY CHARTER SCHOOL-HUDSON YARDS 500 W 41ST ST NEW YORK,B4765,Strive Charter School 604 E 139th St Bronx,0.84625727
A1003,PS 229 EMANUEL KAPLAN 67-25 51ST RD WOODSIDE,B3703,P.S. 229 Emanuel Kaplan 67-25 51 Road Woodside,0.84617925
A4051,SCHOOL 28-HENRY HUDSON 450 HUMBOLDT ST ROCHESTER,B1300,Elementary School 28 450 Humboldt St Rochester,0.846154
A568,PS 8 ISAAC VARIAN 3010 BRIGGS AVE BRONX,B4109,Ps 536 1827 Archer Street Bronx,0.84609216
A4761,MLK JR HIGH TECH & COMPUTER MAGNET SCHOOL 135 LOCUST HILL AVE YONKERS,B2702,Martin Luther King Elem School 135 Locust Hill Ave Yonkers,0.8459934
A852,PS 243 WEEKSVILLE SCHOOL (THE) 1580 DEAN ST BROOKLYN,B3851,P.S. K811 Connie Lekas School 2525 Haring Street Brooklyn,0.8459602
A799,PS 39 HENRY BRISTOW 417 6TH AVE BROOKLYN,B3306,P.S. 039 Henry Bristow 417 6th Ave Brooklyn,0.8458774
A1901,SUCCESS ACADEMY CHARTER SCHOOL-PROSPECT HEIGHTS 801 PARK PL-4TH FL BROOKLYN,B1380,"Excellence Girls Charter School 794 Monroe Street, 3rd Floor Brooklyn",0.8458742
A1055,PS 188 KINGSBURY 218-12 HARTLAND AVE FLUSHING,B4102,Ps 110 48-29 37th Street Queens,0.8455552
A1617,PS 993 85-15 258TH ST FLORAL PARK,B4105,Ps 390 56-10 214 Street Queens,0.84526205
A1080,PS 101 SCHOOL IN THE GARDENS 2 RUSSELL PL FOREST HILLS,B3442,P.S. 101 School In The Gardens 2 Russell Place Queens,0.84520787
A1015,ACADEMY OF FINANCE AND ENTERPRISE 30-20 THOMSON AVE LONG ISLAND CITY,B4839,The Brooklyn Academy Of Global Finance 125 Stuyvesant Avenue Brooklyn,0.84514904
A1326,IS 318 EUGENIO MARIA DE HOSTOS 101 WALTON ST BROOKLYN,B2074,I.S. 318 Eugenio Maria De Hostos 101 Walton St Brooklyn,0.8449922
A4268,SHOREHAM-WADING RIVER HIGH SCHOOL 250A RT 25A SHOREHAM,B4499,Shoreham-Wading River High Sch 250a Route 25a Shoreham,0.8448373
A2593,ARCADE ELEMENTARY SCHOOL PO BOX 9 ARCADE,B167,Arcade Elementary School Main & Church St Arcade,0.84482956
A1489,PS 108 CAPTAIN VINCENT G FOWLER 108-10 109TH AVE SOUTH OZONE PARK,B3459,P.S. 108 Captain Vincent G. Fowler 108-10 109 Avenue Queens,0.84472746
A771,PS 287 BAILEY K ASHFORD 50 NAVY ST BROOKLYN,B4111,Ps 936 270 59th Street Brooklyn,0.8447227
A3789,ONTEORA HIGH SCHOOL PO BOX 300 BOICEVILLE,B3129,Onteora Jr/Sr High School Rr 28 Boiceville,0.8446862
A851,WHITELAW REID ACADEMY OF ARTS AND BUSINESS 125 STUYVESANT AVE BROOKLYN,B1032,Cultural Academy For The Arts And Sciences 5800 Tilden Avenue Brooklyn,0.8446814
A881,PS 249 CATON (THE) 18 MARLBOROUGH RD BROOKLYN,B4111,Ps 936 270 59th Street Brooklyn,0.84451145
A2500,CLIFTON-FINE ELEMENTARY SCHOOL 11 HALL AVE STAR LAKE,B2777,Midlakes Elementary  School 1510 Rt. 488 Clifton Spgs,0.8442898
A1324,PS 257 JOHN F HYLAN 60 COOK ST BROOKLYN,B3719,P.S. 245 249 E 17th St Brooklyn,0.8442505
A157,PS 41 GREENWICH VILLAGE 116 W 11TH ST NEW YORK,B3312,P.S. 041 Greenwich Village 116 W 11th Street Manhattan,0.8441564
A3925,THOMAS E GLASGOW ELEMENTARY SCHOOL 50 BAILEY AVE PLATTSBURGH,B3088,Oak Street Elementary School 108 Oak St Plattsburgh,0.84413064
A984,PS 49 DOROTHY BONAWIT KOLE 63-60 80TH ST MIDDLE VILLAGE,B3337,P.S. 049 Dorothy Bonawit Kole 6360 80th St Middle Village,0.8439306
A848,MS 35 STEPHEN DECATUR 272 MACDONOUGH ST BROOKLYN,B2569,M.S. 035 Stephen Decatur 272 Macdonough St Brooklyn,0.8438851
A4249,KARIGON ELEMENTARY SCHOOL 970 RT 146 CLIFTON PARK,B3109,Okte Elementary School 1581 Crescent Rd Clifton Park,0.8438369
A166,PS 150 28-42 TRINITY PL NEW YORK,B4102,Ps 110 48-29 37th Street Queens,0.84379876
A1488,LIGHTHOUSE ELEMENTARY SCHOOL 180 BEACH 35TH ST FAR ROCKAWAY,B4640,St Francis De Sales School 219 Beach 129th St Rockaway Park,0.8437141
A1704,PS 225 EILEEN E ZAGLIN (THE) 1075 OCEANVIEW AVE BROOKLYN,B3843,P.S. K225 - The Eileen E. Zaglin 1075 Ocean View Brooklyn,0.8434782
A934,MIDDLE SCHOOL OF MEDIA LAW AND FINE ARTS (THE) 905 WINTHROP ST BROOKLYN,B2770,Middle School For Art And Philosophy 1084 Lenox Road Brooklyn,0.8432856
A110,PS 140 NATHAN STRAUS 123 RIDGE ST NEW YORK,B3531,P.S. 140 Nathan Straus 123 Ridge St Manhattan,0.84323204
A1308,PS 18 EDWARD BUSH 101 MAUJER ST BROOKLYN,B3245,P.S. 018 Edward Bush 101 Maujer Street Brooklyn,0.843225
A1764,MS 890 21 HINCKLEY PL BROOKLYN,B2600,M.S. 890 21 Hinckley Pl Brooklyn,0.8430643
A1155,EAGLE ACADEMY FOR YOUNG MEN III 171-10 LINDEN BLVD JAMAICA,B1161,Eagle Academy For Young Men Iii 171-10 Linden Boulevard Queens,0.84296393
A1662,PS 205 CLARION 6701 20TH AVE BROOKLYN,B3666,P.S. 205 Clarion 6701 20 Avenue Brooklyn,0.84291553
A331,PS 197 JOHN B RUSSWURM 2230 5TH AVE NEW YORK,B3648,P.S. 197 John B. Russwurm 2230 5 Avenue Manhattan,0.8427984
A1027,ELM TREE ELEMENTARY SCHOOL 50-51 98TH ST CORONA,B3166,Our Lady Of Sorrows School 35-34 105th Street Corona,0.8426957
A448,DR EMMETT W BASSETT SCHOOL (THE) 1075 PUGSLEY AVE BRONX,B550,Bronx-Manhattan Sda School 1440 Plimpton Ave Bronx,0.8426099
A2994,PINES ELEMENTARY SCHOOL PO BOX 6006 HAUPPAUGE,B4030,Pines Elementary School 22 Holly Dr Smithtown,0.84260166
A1209,30TH AVENUE SCHOOL (THE) (G & T CITYWIDE) 28-37 29TH ST ASTORIA,B4658,St Johns Preparatory School 2121 Crescent St Astoria,0.84250146
A160,PS 59 BEEKMAN HILL INTERNATIONAL 231-249 E 56TH ST NEW YORK,B3362,P.S. 059 Beekman Hill International 231 E 56th St # 249 New York,0.8423871
A4001,RENSSELAER JUNIOR/SENIOR HIGH SCHOOL 25 VAN RENSSELAER DR RENSSELAER,B4200,Rensselaer City Schools 25 Van Rensselaer Dr Rensselaer,0.8419928
A960,JHS 162 WILLOUGHBY (THE) 1390 WILLOUGHBY AVE BROOKLYN,B2191,J.H.S. 162 The Willoughby 1390 Willoughby Ave Brooklyn,0.8419652
A1907,SUCCESS ACADEMY CHARTER SCHOOL-CROWN HEIGHTS 330 CROWN ST-5TH FL BROOKLYN,B595,"Brooklyn Rise Charter School 9 Hanover Place, 2nd Fl Brooklyn",0.8419174
A2342,LAFAYETTE INTERNATIONAL SCHOOL 370 LAFAYETTE AVE BUFFALO,B5257,West Buffalo Charter School 113 Lafayette Ave Buffalo,0.8419
A1857,BROOME STREET ACADEMY CHARTER HIGH SCHOOL 121 AVE OF THE AMERICAS NEW YORK,B1077,Democracy Preparatory Charter High School 222 W 134th St New York,0.84183675
A2688,GREENBURGH ELEVEN HIGH SCHOOL 1 ECHO HILLS-BETHUNE BLDG #36 DOBBS FERRY,B1705,Greenburgh Eleven High School P.O. Box 501 Dobbs Ferry,0.84181535
A1214,MS 429 47-10 BARNETT AVE LONG ISLAND CITY,B2886,Ms 429 4710 Barnett Ave Sunnyside,0.8417917
A163,PS 124 YUNG WING 40 DIVISION ST NEW YORK,B3496,P.S. 124 Yung Wing 40 Division Street Manhattan,0.8417201
A4252,ORENDA ELEMENTARY SCHOOL 970 RT 146 CLIFTON PARK,B3109,Okte Elementary School 1581 Crescent Rd Clifton Park,0.84171575
A1021,VOYAGES PREPARATORY 45-10 94TH ST ELMHURST,B5149,Voyages Preparatory 45-10 94th Street Queens,0.8416542
A1486,PS 104 BAYS WATER (THE) 26-01 MOTT AVE FAR ROCKAWAY,B3201,P.S. / M.S. 114 Belle Harbor 134-01 Cronston Avenue Rockaway Park,0.8416184
A2155,HARRY E ELDEN ELEMENTARY SCHOOL 29 E ONEIDA ST BALDWINSVILLE,B2741,Meadow Elementary School 880 Jackson St Baldwin,0.84161365
A963,PS 299 THOMAS WARREN FIELD SCHOOL 88 WOODBINE ST BROOKLYN,B3475,P.S. 114 Ryder Elementary 1077 Remsen Avenue Brooklyn,0.841594
A1478,PS 62 CHESTER PARK SCHOOL 97-25 108TH ST SOUTH RICHMOND HILL,B3193,P. S. 62 - Chester Park School 97-25 108 Street Queens,0.841517
A1009,JOSEPH F QUINN INTERMEDIATE SCHOOL 77 976 SENECA AVE RIDGEWOOD,B2308,Joseph A Edgar Intermediate School 525 Route 25a Rocky Point,0.8414997
A1429,PS 20 JOHN BOWNE 142-30 BARCLAY AVE FLUSHING,B3256,P.S. 020 John Bowne 142-30 Barclay Ave Queens,0.8409889
A1293,WESTMINSTER COMMUNITY CHARTER SCHOOL PO BOX 3352 BUFFALO,B4086,Primary Hall Preparatory Charter School 2408 Main Street Buffalo,0.84094423
A2985,HARTFORD MIDDLE/HIGH SCHOOL PO BOX 79 HARTFORD,B2953,New Hartford Sr High School 33 Oxford Rd New Hartford,0.84089714
A4400,VIOLA ELEMENTARY SCHOOL 557 RT 202 SUFFERN,B4769,Suffern Senior High School 49 Viola Road Suffern,0.8408241
A2859,GORHAM ELEMENTARY SCHOOL 2705 ROUTE 245 STANLEY,B4317,Royal-Hartland Elementary School 4500 Orchard Pl Gasport,0.84080344
A1487,PS 105 BAY SCHOOL (THE) 420 BEACH 51ST ST FAR ROCKAWAY,B3450,P.S. 105 The  Bay School 420 Beach 51 Street Queens,0.84075105
A1043,JHS 74 NATHANIEL HAWTHORNE 61-15 OCEANIA ST BAYSIDE,B2178,J.H.S. 074 Nathaniel Hawthorne 61-15 Oceania St Queens,0.84069496
A4780,KAHLIL GIBRAN SCHOOL 18 ROSEDALE RD YONKERS,B5452,Yonkers High School 150 Rockland Ave Yonkers,0.84069294
A3506,MILLBROOK HIGH SCHOOL PO BOX AA MILLBROOK,B2795,Millbrook Middle School Alden Place Millbrook,0.840623
A365,PS/IS 187 HUDSON CLIFFS 349 CABRINI BLVD NEW YORK,B3892,P.S./I.S. 187 Hudson Cliffs 349 Cabrini Boulevard Manhattan,0.8405941
A1006,HIGH SCHOOL FOR ARTS AND BUSINESS 105-25 HORACE HARDING EXPW CORONA,B1890,High School For Arts And Business 105-25 Horace Harding Expy N Queens,0.84057593
A3560,ROBERT M GRABLE JR MOUNT SINAI HIGH SCHOOL 110 N COUNTRY RD MOUNT SINAI,B2882,Mount Sinai High School 110 N Country Rd Mount Sinai,0.840554
A249,PS 9 SARAH ANDERSON 100 W 84TH ST NEW YORK,B4110,Ps 78 100 Tompkins Ave Staten Island,0.8404813
A2707,BROADWAY ACADEMY 1000 BROADWAY ELMIRA,B482,Broadway Elementary And Middle School 1000 Broadway St Elmira,0.84032565
A2301,BENNETT PARK MONTESSORI SCHOOL 342 CLINTON ST BUFFALO,B626,Buffalo Commons Charter School 833 Michigan Ave Ste 3 Buffalo,0.8402807
A1145,PS 251 144-51 ARTHUR ST SPRINGFIELD GARDENS,B3725,P.S. 251 Queens 14451 Arthur St Springfield Gardens,0.84011066
A2939,STUART M TOWNSEND ELEMENTARY SCHOOL PO BOX 200 LAKE LUZERNE,B4766,Stuart M Townsend Middle Sch 27 Hyland Dr Lake Luzerne,0.84006214
A465,LONGWOOD ACADEMY OF DISCOVERY (THE) 888 REV J A POLITE AVE BRONX,B1385,Explorations Academy 1619 Boston Road Bronx,0.83995014
A3814,OSWEGO MIDDLE SCHOOL MARK FITZGIBBONS DR OSWEGO,B3148,Oswego Middle School 100 Mark Fitzgibbons Dr Oswego,0.83978295
A1175,PS 111 JACOB BLACKWELL 37-15 13TH ST LONG ISLAND CITY,B3469,P.S. 111 Jacob Blackwell 37-15 13 Street Queens,0.83945763
A748,COLIBRI COMMUNITY SCHOOL (THE) 700 E 179TH ST BRONX,B514,Bronx Community School 1232 Southern Blvd Bronx,0.8394005
A1750,PS 254 DAG HAMMARSKJOLD 2469 E 18TH ST BROOKLYN,B4111,Ps 936 270 59th Street Brooklyn,0.839381
A337,PS 92 MARY MCLEOD BETHUNE 222 W 134TH ST NEW YORK,B3421,P.S. 092 Mary Mcleod Bethune 222 West 134 Street Manhattan,0.8392573
A3327,LONG BRANCH ELEMENTARY SCHOOL 4035 LONG BRANCH RD LIVERPOOL,B2522,Liverpool High School 4338 Wetzel Rd Liverpool,0.8392428
A3657,NEWFIELD ELEMENTARY SCHOOL 247 MAIN ST NEWFIELD,B2942,New City Elementary School 60 Crestwood Dr New City,0.83921576
A1834,CULTURAL ARTS ACADEMY CHARTER SCHOOL AT SPRING CREEK 1400 LINDEN BLVD BROOKLYN,B4603,Spring Creek Community School 1065 Elton St Brooklyn,0.8391412
A1078,PS 86 87-41 PARSONS BLVD JAMAICA,B3400,P.S. 082 Hammond 8802 144th St Jamaica,0.8390738
A374,HAROLD O LEVY SCHOOL 650 ACADEMY ST NEW YORK,B4980,Town School 540 E 76th St New York,0.8388618
A965,PS/IS 384 FRANCES E CARTER 242 COOPER ST BROOKLYN,B3202,P.S. /I.S. 384 Frances E. Carter 242 Cooper Street Brooklyn,0.8387858
A1481,PS 66 JACQUELINE KENNEDY-ONASSIS 85-11 102ND ST RICHMOND HILL,B3375,P.S. 066 Jacqueline Kennedy Onassis 85-11 102 Street Queens,0.83840054
A2806,FULTON JUNIOR HIGH SCHOOL 129 CURTIS ST FULTON,B1396,Fairgrieve Elementary School 716 Academy St Fulton,0.83828235
A1091,PS 196 GRAND CENTRAL PARKWAY 71-25 113TH ST FOREST HILLS,B4105,Ps 390 56-10 214 Street Queens,0.8382171
A1748,PS 236 MILL BASIN 6302 AVE U BROOKLYN,B4111,Ps 936 270 59th Street Brooklyn,0.83814484
A1577,ROBERT E PEARY SCHOOL 16-66 HANCOCK ST RIDGEWOOD,B4249,Robert E. Peary School 16-66 Hancock Street Queens,0.83809936
A1460,QUEENS SCHOOL OF INQUIRY (THE) 158-40 76TH RD FLUSHING,B5444,Yeshiva Of Central Queens 147-37 70th Road Flushing,0.83783394
A1948,SUCCESS ACADEMY CHARTER SCHOOL-SOUTH JAMAICA 120-27 141ST ST JAMAICA,B1735,Growing Up Green Charter School Ii 84-35 152nd Street Jamaica,0.8377025
A951,JHS 383 PHILIPPA SCHUYLER 1300 GREENE AVE BROOKLYN,B2212,J.H.S. 383 Philippa Schuyler 1300 Greene Avenue Brooklyn,0.8376755
A3155,BOYNTON MIDDLE SCHOOL 1601 N CAYUGA ST ITHACA,B1400,Fall Creek Elementary School 202 King St Ithaca,0.8374766
A1334,MS 582 207 BUSHWICK AVE BROOKLYN,B2598,M.S. 582 207 Bushwick Avenue Brooklyn,0.83736897
A976,PS 7 LOUIS F SIMEONE 80-55 CORNISH AVE ELMHURST,B3221,P.S. 007 Louis F. Simeone 80-55 Cornish Ave Queens,0.8373531
A4460,TICONDEROGA JUNIOR-SENIOR HIGH SCHOOL 5 CALKINS PL TICONDEROGA,B4958,Ticonderoga High School 5 Calkins Place Ticonderoga,0.8371649
A1014,PS 239 17-15 WEIRFIELD ST RIDGEWOOD,B3386,P.S. 071 Forest 62-85 Forest Ave Ridgewood,0.8370831
A309,PS 83 LUIS MUNOZ RIVERA 219 E 109TH ST NEW YORK,B3402,P.S. 083 Luis Munoz Rivera 219 E 109th St Manhattan,0.836981
A1406,PS/IS 323 210 CHESTER ST BROOKLYN,B3897,P.S./I.S. 323 210 Chester Street Brooklyn,0.8369791
A722,IS 318 MATH SCIENCE & TECHNOLOGY THROUGH ARTS 1919 PROSPECT AVE BRONX,B2090,"I.S. X318 Math, Science & Technology Through Arts 1919 Prospect Avenue Bronx",0.836954
A3202,MEADOW POND ELEMENTARY SCHOOL PO BOX 387 KATONAH,B2318,Katonah Elementary School 106 Huntville Road Katonah,0.8368919
A3894,CRISPELL MIDDLE SCHOOL PO BOX 780 PINE BUSH,B4020,Pine Bush High School Po Box 670 Pine Bush,0.8368773
A1224,PS 1 TOTTENVILLE 58 SUMMIT ST STATEN ISLAND,B4106,Ps 5 Port Morris 564 Jackson Avenue Bronx,0.83683455
A4393,WILLIAM SIDNEY MOUNT ELEMENTARY SCHOOL PO BOX 9050 EAST SETAUKET,B4465,Setauket Elementary School 134 Main St East Setauket,0.8366188
A3997,RED JACKET MIDDLE SCHOOL 1506 RT 21 SHORTSVILLE,B4186,Red Jacket Jr Sr High School 1506 Route 21 Manchester,0.8364831
A962,JHS 291 ROLAND HAYES 231 PALMETTO ST BROOKLYN,B2210,J.H.S. 291 Roland Hayes 231 Palmetto Street Brooklyn,0.8364535
A1309,PS 23 CARTER G WOODSON 545 WILLOUGHBY AVE BROOKLYN,B3263,P.S. 023 Carter G.  Woodson 545 Willoughby Avenue Brooklyn,0.8362838
A1135,PS 134 HOLLIS 203-02 109TH AVE HOLLIS,B4102,Ps 110 48-29 37th Street Queens,0.8361997
A4456,W L MORSE SCHOOL 30 POCANTICO ST SLEEPY HOLLOW,B5155,W. L. Morse School 30 Pocantico Street Tarrytown,0.83617574
A4381,FRICANO PRIMARY SCHOOL 4363 MAPLETON RD LOCKPORT,B4736,Starpoint Primary School 4363 Mapleton Rd Lockport,0.83616674
A3952,GUGGENHEIM ELEMENTARY SCHOOL POPLAR PL PORT WASHINGTON,B1741,Guggenheim Elementary School 38 Poplar Pl Port Washingtn,0.8358109
A3564,MOUNT VERNON HONOR ACADEMY 195 N COLUMBUS AVE MOUNT VERNON,B2884,Mount Vernon High School 100 California Road Mount Vernon,0.8357555
A3084,MONTGOMERY C SMITH ELEMENTARY SCHOOL 102 HARRY HOWARD AVE HUDSON,B2836,Montgomery Elementary School 141 Union St Montgomery,0.8356485
A1931,SUCCESS ACADEMY CHARTER SCHOOL - BERGEN BEACH 1420 E 68TH ST-3RD FL BROOKLYN,B4765,Strive Charter School 604 E 139th St Bronx,0.8354995
A4070,PADILLA HIGH SCHOOL 950 NORTON ST ROCHESTER,B1300,Elementary School 28 450 Humboldt St Rochester,0.8354933
A1452,PS 214 CADWALLADER COLDEN 31-15 140TH ST FLUSHING,B3687,P.S. 214 Cadwallader Colden 31-15 140th St Queens,0.83544236
A4596,CASE MIDDLE SCHOOL 1237 WASHINGTON ST WATERTOWN,B5211,Watertown Sr High School 1335 Washington St Watertown,0.8354043
A1019,LEARNERS AND LEADERS 378 SENECA AVE GLENDALE,B2439,Learners And Leaders 360 Seneca Avenue Queens,0.83536416
A3234,ROBERT R GRAVES SCHOOL PO BOX 549 PORT EWEN,B4258,Robert R. Graves Elementary School 345 Mountain View Ave Port Ewen,0.8352094
A4645,WEST CANADA VALLEY JUNIOR-SENIOR HIGH SCHOOL PO BOX 360 NEWPORT,B5258,West Canada Valley School 5447 Ny-28 Newport,0.83511245
A1221,IS 61 WILLIAM A MORRIS 445 CASTLETON AVE STATEN ISLAND,B2040,I.S. 061 William A Morris 445 Castleton Ave Staten Island,0.8350999
A2327,SOUTH PARK HIGH SCHOOL 150 SOUTHSIDE PKWY BUFFALO,B4551,South Buffalo Charter School 154 South Ogden Street Buffalo,0.83506584
A257,PS 163 ALFRED E SMITH 163 W 97TH ST NEW YORK,B4110,Ps 78 100 Tompkins Ave Staten Island,0.83504945
A3331,WILLOW FIELD ELEMENTARY SCHOOL 3900 RT 31 LIVERPOOL,B5376,Willow Road Elementary School 880 Catalpa Dr Franklin Square,0.8350065
A2205,WINTHROP AVENUE SCHOOL 580 WINTHROP AVE BELLMORE,B2698,Martin Avenue School 2616 Martin Avenue Bellmore,0.834927
A1518,ACADEMY OF MEDICAL TECHNOLOGY - A COLLEGE BOARD SCHOOL 8-21 BAY 25TH ST FAR ROCKAWAY,B57,Academy Of Medical Technology:  A College Board School 8-21 Bay 25 Street Queens,0.834924
A1619,RIVERVIEW SCHOOL (THE) 50-15 44TH ST WOODSIDE,B4903,The Riverview School 1-50 51st Ave Queens,0.8348025
A2101,WILLIAM B TECLER ARTS IN EDUCATION 210 NORTHERN BLVD AMSTERDAM,B5338,William B Tecler Elem School 210 Northern Blvd Amsterdam,0.8347626
A1169,PS 69 JACKSON HEIGHTS 77-02 37TH AVE JACKSON HEIGHTS,B1558,Garden Prek 33-16 79th Street Jackson Heights,0.8347545
A322,PS 36 MARGARET DOUGLAS 123 MORNINGSIDE DR NEW YORK,B3300,P.S. 036 Margaret Douglas 123 Morningside Dr Manhattan,0.83466643
A1890,YOUNG WOMEN'S COLLEGE PREP CS 133 HOOVER DR ROCHESTER,B5463,Young Women'S College Prep Charter Sch Of Rochester 133 Hoover Drive Rochester,0.8345324
A1066,CIVIC SCHOOL OF BAYSIDE HILLS (THE) 56-10 214TH ST BAYSIDE,B4339,Sacred Heart School 21601 38th Ave Bayside,0.8343039
A1607,PS 94 55 BATTERY PL NEW YORK,B4110,Ps 78 100 Tompkins Ave Staten Island,0.83415604
A2070,RONALD L SODOMA ELEMENTARY SCHOOL 324 EAST AVE ALBION,B4317,Royal-Hartland Elementary School 4500 Orchard Pl Gasport,0.8340768
A1393,MS 935 76 DINSMORE PL BROOKLYN,B4111,Ps 936 270 59th Street Brooklyn,0.8336687
A1853,SUCCESS ACADEMY CHARTER SCHOOL-UPPER WEST 145 W 84TH ST-2ND FL NEW YORK,B4765,Strive Charter School 604 E 139th St Bronx,0.83333224
A4555,WALLKILL SENIOR HIGH SCHOOL PO BOX 310 WALLKILL,B5165,Wallkill Middle School Rr 208 Wallkill,0.8333266
A326,PS 125 RALPH BUNCHE 425 W 123RD ST NEW YORK,B4110,Ps 78 100 Tompkins Ave Staten Island,0.83330035
A2290,BRUSHTON GRADE SCHOOL 758 COUNTY RT 7 BRUSHTON,B620,Brushton Moira Central Dist 758 County Route 7 Brushton,0.8331796
A1173,PS 85 JUDGE CHARLES VALLONE 23-70 31ST ST LONG ISLAND CITY,B3407,P.S. 085 Judge Charles Vallone 23-70 31 Street Queens,0.83315724
A823,EXPLORATORY SCHOOL (THE) 345 DEAN ST BROOKLYN,B1189,East Flatbush Community Research School 905 Winthrop Street Brooklyn,0.8331498
A3238,ONONDAGA NATION SCHOOL BOX 270 NEDROW,B3126,"Onondaga Nation Elementary School Rt 11a, Rr #51 Nedrow",0.83313614
A4369,SPRINGS SCHOOL 48 SCHOOL ST EAST HAMPTON,B1192,East Hampton Middle School 76 Newtown Ln East Hampton,0.8330189
A1228,PS 5 HUGUENOT 348 DEISIUS ST STATEN ISLAND,B4106,Ps 5 Port Morris 564 Jackson Avenue Bronx,0.83296317
A1344,IS 364 GATEWAY 1426 FREEPORT LOOP BROOKLYN,B2079,I.S. 364 Gateway 1426 Freeport Loop Brooklyn,0.832931
A583,JHS 118 WILLIAM W NILES 577 E 179TH ST BRONX,B2184,J.H.S. 118 William W. Niles 577 East 179 Street Bronx,0.8328633
A1226,PS 3 MARGARET GIOIOSA SCHOOL (THE) 80 S GOFF AVE STATEN ISLAND,B3211,P.S. 003 The Margaret Gioiosa School 80 S Goff Ave Staten Island,0.83283496
A351,PS 48 PO MICHAEL J BUCZEK 4360-78 BROADWAY NEW YORK,B3334,P.S. 048 P.O. Michael J. Buczek 4360 Broadway # 78 New York,0.83281296
A4865,SUCCESS ACADEMY CHARTER SCHOOL-NYC 14 109-55 128TH ST SOUTH OZONE PARK,B1380,"Excellence Girls Charter School 794 Monroe Street, 3rd Floor Brooklyn",0.8327963
A683,ACAD-SCHOLARSHIP & ENTREPRENEURSHIP 921 E 228TH ST BRONX,B47,Academy For Scholarship And Entrepreneurship: A College Board School 921 East 228th Street Bronx,0.83278394
A1658,PS 192 MAGNET SCHOOL FOR MATH AND SCIENCE INQUIRY (THE) 4715 18TH AVE BROOKLYN,B2622,"Magnet School Of Math, Science And Design Technology 511 7th Ave Brooklyn",0.83262765
A4284,WOODROW WILSON ELEMENTARY SCHOOL 166 HALSTEAD AVE SLOAN,B5410,Woodrow Wilson Elem School 166 Halstead Ave Buffalo,0.8326087
A1610,PS Q4 196-25 PECK AVE FLUSHING,B4105,Ps 390 56-10 214 Street Queens,0.83259094
A1260,BARBARA ESSELBORN SCHOOL (THE) 330 DURANT AVE STATEN ISLAND,B4916,The Stephanie A. Vierno School 216 Clawson St Staten Island,0.83255786
A1315,PS 84 JOSE DE DIEGO 250 BERRY ST BROOKLYN,B4109,Ps 536 1827 Archer Street Bronx,0.8323319
A352,IS 528 BEA FULLER RODGERS SCHOOL 180 WADSWORTH AVE NEW YORK,B2083,I.S. 528 Bea Fuller Rodgers School 180 Wadsworth Avenue Manhattan,0.83215237
A4479,RUSSELL I DOIG MIDDLE SCHOOL 100 WHIG ST TRUMANSBURG,B816,Charles O Dickerson High Sch 100 Whig St Trumansburg,0.83197695
A1892,SUCCESS ACADEMY CHARTER SCHOOL-UNION SQUARE 40 IRVING PL-2ND FL NEW YORK,B4892,"The Opportunity Charter School 240 West 113th Street, Room 406 New York",0.8318095
A3345,BAYVILLE PRIMARY 50 GODFREY BAYVILLE,B302,Bayville Primary School 50 Godfrey Avenue Bayville,0.8315695
A952,PS/IS 45 HORACE E GREENE 84 SCHAEFER ST BROOKLYN,B3323,P.S. 045 Horace E. Greene 84 Schaeffer St Brooklyn,0.8313029
A1493,PS 43 160 BEACH 29TH ST FAR ROCKAWAY,B4105,Ps 390 56-10 214 Street Queens,0.8312974
A1053,PS/IS 178 HOLLISWOOD 189-10 RADNOR RD JAMAICA,B3887,P.S./ Is 178 Holliswood 189-10 Radnor Rd Queens,0.83098495
A4689,WESTHAMPTON BEACH SENIOR HIGH SCHOOL 49 LILAC RD WESTHAMPTON BEACH,B5266,West Hampton Beach Middle Sch 340 Mill Rd Westhampton,0.830969
A4248,GOWANA MIDDLE SCHOOL 970 RT 146 CLIFTON PARK,B4487,Shenendehowa High School 970 Route 146 Clifton Park,0.83096385
A1227,PS 4 MAURICE WOLLIN 200 NEDRA LANE STATEN ISLAND,B4106,Ps 5 Port Morris 564 Jackson Avenue Bronx,0.83070886
A1028,CORONA ARTS AND SCIENCES ACADEMY 98-11 44TH AVE CORONA,B997,Corona Arts And Sciences Academy 45-10 94th St Queens,0.83066106
A967,IS 349 MATH SCIENCE AND TECHNOLOGY 35 STARR ST BROOKLYN,B2078,"I.S. 349 Math, Science & Tech. 35 Starr Street Brooklyn",0.83064747
A3729,NORTHEASTERN CLINTON SENIOR HIGH SCHOOL 103 RT 276 CHAMPLAIN,B903,Clinton Sr High School 75 Chenango Ave Clinton,0.8306223
A1188,PS 166 HENRY GRADSTEIN 33-09 35TH AVE LONG ISLAND CITY,B3590,P.S. 166 Henry Gradstein 33-09 35 Avenue Queens,0.83047265
A1182,PS 148 89-02 32ND AVE EAST ELMHURST,B4102,Ps 110 48-29 37th Street Queens,0.83036
A3842,CANAAN ELEMENTARY SCHOOL 59 FRY BLVD PATCHOGUE,B677,Canaan Elementary School Traction Blvd Patchogue,0.83030856
A4049,SCHOOL 53 MONTESSORI ACADEMY 353 CONGRESS AVE ROCHESTER,B1304,Elementary School 34 530 Lexington Ave Rochester,0.8301528
A295,JAMES WELDON JOHNSON SCHOOL 176 E 115TH ST NEW YORK,B1812,Harry L Johnson Elem School 601 Columbia Drive Johnson City,0.82977843
A1161,BENJAMIN FRANKLIN HS-FIN INFO TECH 207-01 116TH AVE CAMBRIA HEIGHTS,B352,Benjamin Franklin High School For Finance & Inform 207-01 116th Avenue Queens,0.8297758
A3865,WOODSIDE SCHOOL DEPEW ST PEEKSKILL,B5412,Woodside Elementary School Franklin And Depew Sts Peekskill,0.8295341
A105,PS 20 ANNA SILVER 166 ESSEX ST NEW YORK,B3254,P.S. 020 Anna Silver 166 Essex St Manhattan,0.82944286
A1177,PS 122 MAMIE FAY 21-21 DITMARS BLVD ASTORIA,B4102,Ps 110 48-29 37th Street Queens,0.8294161
A1097,PS 182 SAMANTHA SMITH 153-27 88TH AVE JAMAICA,B3616,P.S. 182 Samantha Smith 153-27 88th Avenue Queens,0.82938576
A1643,JHS 62 DITMAS 700 CORTELYOU RD BROOKLYN,B2176,J.H.S. 062 Ditmas 700 Cortelyou Road Brooklyn,0.8293803
A184,MS 131 100 HESTER ST NEW YORK,B2574,M.S. 131 100 Hester St Manhattan,0.82936835
A1058,PS 205 ALEXANDER GRAHAM BELL 75-25 BELL BLVD BAYSIDE,B3665,P.S. 205 Alexander Graham Bell 75-25 Bell Boulevard Queens,0.82921624
A39,NORTH BROAD STREET SCHOOL 230 N BROAD ST ONEIDA,B5151,W F Prior Elementary School 205 East Ave Oneida,0.82919514
A4004,CHANCELLOR LIVINGSTON ELEMENTARY SCHOOL 48 KNOLLWOOD RD RHINEBECK,B804,Chancellor Livingston Elem Sch 48 Knollwood Road Rhinebeck,0.8291733
A3118,THERESA PRIMARY SCHOOL PO BOX 620 THERESA,B4939,Theresa Elementary School 125 Bridge St Theresa,0.82915735
A1272,IS 75 FRANK D PAULO 455 HUGUENOT AVE STATEN ISLAND,B2043,I.S. 075 Frank D. Paulo 455 Huguenot Ave Staten Island,0.8291306
A767,PS 256 BENJAMIN BANNEKER 114 KOSCIUSKO ST BROOKLYN,B4111,Ps 936 270 59th Street Brooklyn,0.82901514
A598,PS 207 3030 GODWIN TER BRONX,B3671,P.S. 207 3030 Godwin Ter Bronx,0.8289055
A1665,JHS 227 EDWARD B SHALLOW 6500 16TH AVE BROOKLYN,B2191,J.H.S. 162 The Willoughby 1390 Willoughby Ave Brooklyn,0.82885563
A246,SCHOOL WITHOUT WALLS 90 TRINITY PL-RM 611 NEW YORK,B17,A School Without Walls 90 Trinity Pl New York,0.82856536
A1070,PS 40 SAMUEL HUNTINGTON 109-20 UNION HALL ST JAMAICA,B3400,P.S. 082 Hammond 8802 144th St Jamaica,0.8284282
A3316,LISBON CENTRAL SCHOOL PO BOX 39 LISBON,B2514,Lisbon Central School 6866 County Rt. 10 Lisbon,0.8283898
A1976,ACADEMY CHARTER SCHOOL-UNIONDALE 100 CHARLES LINDBERGH BLVD UNIONDALE,B663,"California Avenue Elem School 236 California Ave, P. O. Box 644 Uniondale",0.82838905
A212,FACING HISTORY SCHOOL (THE) 525 W 50TH ST NEW YORK,B1393,"Facing History School, The 525 West 50th Street Manhattan",0.8282585
A3206,KEESEVILLE PRIMARY SCHOOL 1825 RT 22 KEESEVILLE,B2320,Keeseville Elementary School 1825 Main St Keeseville,0.8281418
A3999,REMSEN JUNIOR-SENIOR HIGH SCHOOL PO BOX 406 REMSEN,B4195,Remsen Jr-Sr High School Main St Remsen,0.82805675
A349,PS 5 ELLEN LURIE 3703 10TH AVE NEW YORK,B3215,P.S. 005 Ellen Lurie 3703 Tenth Avenue Manhattan,0.82793224
A4250,KODA MIDDLE SCHOOL 970 RT 146 CLIFTON PARK,B4559,South Kortright Central School 58200 State Hwy 10 South Kortrigh,0.8279061
A1712,IS 303 HERBERT S EISENBERG 501 WEST AVE BROOKLYN,B2072,I.S. 303 Herbert S. Eisenberg 501 West Ave Brooklyn,0.827725
A1037,PS 18 WINCHESTER 86-35 235TH COURT QUEENS VILLAGE,B4105,Ps 390 56-10 214 Street Queens,0.8274309
A1442,PS 165 EDITH K BERGTRAUM 70-35 150TH ST FLUSHING,B3586,P.S. 164 Queens Valley 13801 77th Ave Flushing,0.82741165
A3963,CHARLES B WARRING ELEMENTARY SCHOOL 283 MANSION ST POUGHKEEPSIE,B5113,Vassar Road Elementary School 174 Vassar Rd Poughkeepsie,0.82738847
A1395,PS 41 FRANCIS WHITE 411 THATFORD AVE BROOKLYN,B3311,P.S. 041 Francis White 411 Thatford Ave Brooklyn,0.82726675
A60,UNADILLA VALLEY SECONDARY SCHOOL PO BOX F NEW BERLIN,B5014,Unadilla Valley Central School 4238 State Highway 8 New Berlin,0.8271797
A1312,JHS 50 JOHN D WELLS 183 S 3RD ST BROOKLYN,B2172,J.H.S. 050 John D. Wells 183 South 3 Street Brooklyn,0.8270967
A158,PS 42 BENJAMIN ALTMAN 71 HESTER ST NEW YORK,B3314,P.S. 042 Benjamin Altman 71 Hester Street Manhattan,0.82698905
A1608,HOSPITAL SCHOOLS 3450 E TREMONT AVE BRONX,B533,Bronx High School Of Medical Sciences 240 East 172  Street Bronx,0.82683647
A644,PS 19 JUDITH K WEISS 311 E 237TH ST BRONX,B4109,Ps 536 1827 Archer Street Bronx,0.8268194
A4255,TESAGO ELEMENTARY SCHOOL 970 RT 146 CLIFTON PARK,B2777,Midlakes Elementary  School 1510 Rt. 488 Clifton Spgs,0.82668304
A1469,PS 51 87-45 117TH ST RICHMOND HILL,B4105,Ps 390 56-10 214 Street Queens,0.82653177
A4826,OSWEGO BOCES 179 COUNTY RTE 64 MEXICO,B3146,Oswego Boces School 179 County Route 64 Mexico,0.82651025
A1132,PS 118 LORRAINE HANSBERRY 190-20 109TH RD SAINT ALBANS,B3482,P.S. 118 Lorraine Hansberry 69-10 65th Dr Middle Village,0.8263123
A3750,DALTON-NUNDA ELEMENTARY SCHOOL 13 MILL ST NUNDA,B2341,Keshequa Middle School 13 Mill St Nunda,0.82629204
A3716,LAKESHORE ROAD ELEMENTARY SCHOOL 201 ROXBORO RD MATTYDALE,B2408,Lakeshore Elementary School 7180 Lakeshore Rd Clay,0.82621753
A3788,WHEELER ELEMENTARY SCHOOL 4543 S ONONDAGA RD NEDROW,B3126,"Onondaga Nation Elementary School Rt 11a, Rr #51 Nedrow",0.8261949
A3568,CECIL H PARKER SCHOOL 461 S 6TH AVE MOUNT VERNON,B1667,Graham School 421 East 5th Street Mount Vernon,0.8260335
A409,PS 161 JUAN PONCE DE LEON SCHOOL 628 TINTON AVE BRONX,B550,Bronx-Manhattan Sda School 1440 Plimpton Ave Bronx,0.8257843
A336,HIGH SCHOOL MATHEMATICS SCIENCE AND ENGINEERING AT CCNY 240 CONVENT AVE NEW YORK,B1907,"High School For Mathematics, Science And Engineering At City College 240 Convent Ave Manhattan",0.8256718
A989,PS 81 JEAN PAUL RICHTER 559 CYPRESS AVE GLENDALE,B3829,P.S. 81q Jean Paul Richter 559 Cypress Ave Queens,0.8256462
A1850,ROCHDALE EARLY ADVANTAGE CHARTER SCHOOL 122-05 SMITH ST JAMAICA,B2221,Jamaica Children'S School 109-20 Union Hall Street Queens,0.8253862
A795,PS 15 PATRICK F DALY 71 SULLIVAN ST BROOKLYN,B3239,P.S. 015 Patrick F. Daly 71 Sullivan St Brooklyn,0.82520324
A1084,PS 140 EDWARD K ELLINGTON 116-01 166TH ST JAMAICA,B3400,P.S. 082 Hammond 8802 144th St Jamaica,0.8250742
A1305,A-TECH HIGH SCHOOL 50 BEDFORD AVE BROOKLYN,B603,Brooklyn Technical High School 29 Ft Greene Place Brooklyn,0.8250476
A1746,PS 222 KATHERINE R SNYDER 3301 QUENTIN RD BROOKLYN,B3697,P.S. 222 Katherine R. Snyder 3301 Quentin Rd Brooklyn,0.8249043
A3115,EVANS MILLS PRIMARY SCHOOL PO BOX 190 EVANS MILLS,B1374,Evans Mills Branch Elem School 8442 S Main St Evans Mills,0.82477057
A3323,ELMCREST ELEMENTARY SCHOOL 350 WOODSPATH RD LIVERPOOL,B2522,Liverpool High School 4338 Wetzel Rd Liverpool,0.82474893
A1447,PS 193 ALFRED J KENNEDY 152-20 11TH AVE WHITESTONE,B3637,P.S. 193 Alfred J. Kennedy 152-20 11th Ave Queens,0.8247103
A4037,SCHOOL 29-ADLAI E STEVENSON 88 KIRKLAND RD ROCHESTER,B76,Adlai Stevenson Elem Sch 29 88 Kirkland Rd Rochester,0.8246431
A812,PS 261 ZIPPORIAH MILLS 314 PACIFIC ST BROOKLYN,B4111,Ps 936 270 59th Street Brooklyn,0.82463706
A2424,ANDREW T MORROW SCHOOL 299 SYCAMORE AVE ISLANDIA,B152,Andrew J Smith Elem School 26 Homer St Union Springs,0.8246016
A1073,PS 54 HILLSIDE 86-02 127TH ST RICHMOND HILL,B4102,Ps 110 48-29 37th Street Queens,0.8245348
A929,IS 285 MEYER LEVIN 5909 BEVERLY RD BROOKLYN,B2070,I.S. 285 Meyer Levin 5909 Beverley Road Brooklyn,0.8245147
A786,CITY POLYTECHNIC HIGH SCHOOL 105 TECH PL BROOKLYN,B3080,"Nyc Charter High School For Computer Engineering, And Innovation 116 E 169th St Bronx",0.8242576
A1112,EMERSON SCHOOL (THE) 108-35 167TH ST JAMAICA,B4695,St Nicholas Of Tolentine Catholic Academy 80-22 Parsons Blvd Jamaica,0.82408184
A708,PS 6 WEST FARMS 1000 E TREMONT AVE BRONX,B3219,P.S. 006 West Farms 1000 East Tremont Bronx,0.82396793
A2320,PS 69 HOUGHTON ACADEMY 1725 CLINTON ST BUFFALO,B258,Baker Hall School 777 Ridge Rd Buffalo,0.8236077
A1523,PS 273 88-07 102ND ST RICHMOND HILL,B3738,P.S. 273 8807 102nd St Richmond Hill,0.82344794
A1074,PS 55 MAURE 131-10 97TH AVE RICHMOND HILL,B4105,Ps 390 56-10 214 Street Queens,0.82309335
A2390,H C WILLIAMS SENIOR HIGH SCHOOL 99 STATE ST CANTON,B5371,Williamsville South High Sch 5950 Main St Williamsville,0.8229807
A2377,CANAJOHARIE SENIOR HIGH SCHOOL 136 SCHOLASTIC WAY CANAJOHARIE,B680,Canandaigua Middle School 215 Granger St Canandaigua,0.8229084
A4245,ACADIA MIDDLE SCHOOL 970 RT 146 CLIFTON PARK,B2778,Midlakes Middle School 1550 Rt 488 Clifton Springs,0.8228911
A1688,PS 95 GRAVESEND (THE) 345 VAN SICKLEN ST BROOKLYN,B3429,P.S. 095 The Gravesend 345 Van Sicklen Street Brooklyn,0.8227639
A1123,PS 35 NATHANIEL WOODHULL 191-02 90TH AVE HOLLIS,B3298,P.S. 035 Nathaniel Woodhull 191-02 90 Avenue Queens,0.822708
A2324,PS 81 140 TACOMA AVE BUFFALO,B4113,Ps X469 3177 Webster Ave Bronx,0.82248247
A1050,PS 162 JOHN GOLDEN 201-02 53RD AVE BAYSIDE,B4102,Ps 110 48-29 37th Street Queens,0.82246137
A1819,JOHN W LAVELLE PREPARATORY CHARTER SCHOOL 1 CORPORATE COMMONS-1 TELEPORT DR STATEN ISLAND,B2940,New  World Preparatory Charter School 26 Sharpe Ave Staten Island,0.822149
A2309,MARVA J DANIEL FUTURES PREPARATORY SCHOOL 295 CARLTON ST BUFFALO,B4551,South Buffalo Charter School 154 South Ogden Street Buffalo,0.8219588
A1131,PS/IS 116 WILLIAM C HUGHLEY 107-25 WREN PL JAMAICA,B4114,Ps/Is 116 William C. Hughley 107-25 Wren Place Queens,0.82186294
A2069,CARL I BERGERSON MIDDLE SCHOOL 254 EAST AVE ALBION,B1274,Elementary School 04 198 Bronson Ave Rochester,0.821754
A3899,SEYMOUR SMITH INTERMEDIATE LEARNING CENTER 41 ACADEMY ST PINE PLAINS,B2228,James E Allen Learning Center 762 Deer Park Rd Dix Hills,0.82158947
A4778,CASIMIR PULASKI SCHOOL 150 KINGS CROSS SCARSDALE,B4123,Pulaski Early Childhood School 150 Kings Cross Scarsdale,0.8215626
A2330,STANLEY MAKOWSKI EARLY CHILDHOOD CENTER 1095 JEFFERSON AVE BUFFALO,B2650,Manhattan Early Childhood Center 554 Fort Washington Avenue New York,0.82149714
A4280,WATERMAN ELEMENTARY SCHOOL 55 EAST ST SKANEATELES,B4512,Skaneateles High School 49 E Elizabeth St Skaneateles,0.82131875
A2346,PATHWAYS ACADEMY 820 NORTHAMPTON ST BUFFALO,B4179,Reach Academy Charter School 115 Ash St Buffalo,0.8212657
A4246,ARONGEN ELEMENTARY SCHOOL 489 CLIFTON PK CTR RD CLIFTON PARK,B3109,Okte Elementary School 1581 Crescent Rd Clifton Park,0.82113206
A1127,PS 52 178-37 146TH TERRACE JAMAICA,B3400,P.S. 082 Hammond 8802 144th St Jamaica,0.8209557
A3058,HOMER ELEMENTARY SCHOOL PO BOX 500 HOMER,B1977,Homer Elementary School 9 Central Park Pl Homer,0.8209101
A889,MS 394 188 ROCHESTER AVE BROOKLYN,B4119,Ps/Ms 194 2365 Waterbury Ave Bronx,0.82088214
A828,CYBERARTS STUDIO ACADEMY 237 7TH AVE BROOKLYN,B565,Brooklyn Bridge Academy 6565 Flatlands Avenue Brooklyn,0.82082045
A15,JASPER-TROUPSBURG JUNIOR-SENIOR HIGH SCHOOL 2661 ST RTE 248 GREENWOOD,B2240,Jasper-Troupsburg Jr-Sr H S 2661 State Route 248 Greenwood,0.82077676
A2875,ZICCOLELLA MIDDLE SCHOOL 1 S BROADWAY HASTINGS ON HUDSON,B1219,East Side Middle School 331 East 91st Street Manhattan,0.82076174
A1087,PS 160 WALTER FRANCIS BISHOP 109-59 INWOOD ST JAMAICA,B3400,P.S. 082 Hammond 8802 144th St Jamaica,0.8204687
A754,PS 3 BEDFORD VILLAGE (THE) 50 JEFFERSON AVE BROOKLYN,B3210,P.S. 003 The Bedford Village 50 Jefferson Avenue Brooklyn,0.82045484
A333,URBAN ASSEMBLY ACADEMY FOR FUTURE LEADERS 509 W 129TH ST NEW YORK,B4648,"St Hope Leadership Academy 222 West 134th Street, Room 311 New York",0.8204277
A3546,MORRISTOWN CENTRAL SCHOOL PO BOX 217 MORRISTOWN,B2847,Morristown Central School Gouverneur St Morristown,0.8203069
A573,PS/MS 20 PO GEORGE J WERDAN III 3050 WEBSTER AVE BRONX,B3595,P.S. 170 1598 Townsend Ave Bronx,0.8202357
A1172,PS 84 STEINWAY 22-45 41ST ST ASTORIA,B4102,Ps 110 48-29 37th Street Queens,0.82021576
A4451,SYRACUSE STEM AT BLODGETT 312 OSWEGO ST SYRACUSE,B4792,Syracuse Stem @ Blodgett Middle School 312 Oswego St Syracuse,0.820207
A2158,THEODORE R DURGEE JUNIOR HIGH SCHOOL 29 E ONEIDA ST BALDWINSVILLE,B261,Baldwin Senior High School 841 E T Kloberg Dr Baldwin,0.82019687
A152,PS 3 CHARRETTE SCHOOL 490 HUDSON ST NEW YORK,B3209,P.S. 003 Charrette School 490 Hudson Street Manhattan,0.81989205
A2525,WOOD PARK SCHOOL PO BOX 150 COMMACK,B5399,Wood Park Elementary School 15 New Hwy Commack,0.8193064
A3770,CASTLETON ACADEMY HIGH SCHOOL OF OCEANSIDE 25 CASTLETON CT OCEANSIDE,B742,Castleton Elementary School Campbell & Scott Avenues Castleton,0.8190979
A1499,JHS 202 ROBERT H GODDARD 138-30 LAFAYETTE ST OZONE PARK,B2198,J.H.S. 202 Robert H. Goddard 138-30 Lafayette Street Queens,0.8187973
A790,DESIGN WORKS 29 6 AVE BROOKLYN,B1086,Design Works High School 424 Albee Sq Brooklyn,0.818746
A4130,S S SEWARD INSTITUTE PO DRAWER 757 FLORIDA,B4331,S. S. Seward Institute High School Po Box 757 Florida,0.8186891
A2192,SARGENT SCHOOL 29 EDUCATION DR BEACON,B4375,Sargent Elementary School 29 Education Drive Beacon,0.81864536
A1497,PS 183 DR RICHARD R GREEN 2-45 BEACH 79TH ST ROCKAWAY BEACH,B3617,P.S. 183 Dr. Richard R. Green 2-45 Beach 79 Street Queens,0.8185743
A505,IS 229 ROLAND PATTERSON 275 HARLEM RIVER PARK BRIDGE BRONX,B2062,I.S. 229 Roland Patterson 275 Harlem River Park Brg Bronx,0.81855166
A2552,CALVIN U SMITH ELEMENTARY SCHOOL 3414 STANTON ST PAINTED POST,B1389,F E Smith Elementary School 33 Wheeler Ave Cortland,0.81823504
A4825,ORLEANS-NIAGARA BOCES 4232 SHELBY BASIN RD MEDINA,B3140,Orleans / Niagara Orleans Educational Center 4232 Shelby Basin Rd Medina,0.8182019
A601,PS 3 RAUL JULIA MICRO SOCIETY 2100 LAFONTAINE AVE BRONX,B3760,P.S. 3 Raul Julia Micro Society 2100 Lafontaine Ave Bronx,0.8177512
A3762,SCHOOL 9E-BOARDMAN ELEMENTARY SCHOOL 170 BEATRICE AVE OCEANSIDE,B3098,Oceanside Middle School 186 Alice Ave Oceanside,0.81767386
A1094,PS 220 EDWARD MANDEL 62-10 108TH ST FOREST HILLS,B4105,Ps 390 56-10 214 Street Queens,0.81753063
A1104,ACADEMY FOR EXCELLENCE THROUGH THE ARTS (THE) 68-60 110TH ST FOREST HILLS,B4824,The Academy For Excellence Through The Arts 108-55 69 Avenue Queens,0.8174932
A1140,PS 156 LAURELTON 229-02 137TH AVE SPRINGFIELD GARDENS,B2038,I.S. 059 Springfield Gardens 132-55 Ridgedale Street Springfield Gardens,0.8171106
A3538,KENNETH L RUTHERFORD SCHOOL 26 PATRICIA PL MONTICELLO,B2374,Klr Elementary School 237 Forestburgh Road Monticello,0.81703043
A1192,PS/IS 78 48-09 CENTER BLVD LONG ISLAND CITY,B4110,Ps 78 100 Tompkins Ave Staten Island,0.8164453
A1776,ACHIEVEMENT FIRST-BUSHWICK CHARTER SCHOOL 1300 GREENE AVE BROOKLYN,B636,Bushwick Ascend Charter School 751 Knickerbocker Ave Brooklyn,0.8161623
A2433,AURA A COLE ELEMENTARY SCHOOL 44 SCHOOL DR CENTRAL SQUARE,B206,Aura A Cole Elementary School 1683 State Route 49 Constantia,0.81591666
A324,PS 46 ARTHUR TAPPAN 2987 FREDERICK DOUGLAS BLVD NEW YORK,B3327,P.S. 046 Arthur Tappan 2987 Frederick Douglass Blvd New York,0.815789
A3986,RAVENA-COEYMANS-SELKIRK MIDDLE SCHOOL 2025 RT 9W RAVENA,B4174,Ravena Middle School 2025 Rt 9w Ravena,0.8157132
A1056,PS 191 MAYFLOWER 85-15 258TH ST FLORAL PARK,B3633,P.S. 191 Mayflower 85-15 258th St Queens,0.815603
A2307,HARRIET ROSS TUBMAN ACADEMY 212 STANTON ST BUFFALO,B1802,Harriet Tubman Charter School 3565 3rd Ave Bronx,0.8155834
A1100,HS FOR LAW ENFORCEMENT AND PUBLIC SAFETY 116-25 GUY R BREWER BLVD JAMAICA,B1905,High School For Law Enforcement And Public Safety 116-25 Guy R Brewer Boulevard Queens,0.8154179
A1059,PS 213 CARL ULLMAN SCHOOL (THE) 231-02 67TH AVE BAYSIDE,B3685,P.S. 213 The Carl Ullman School 231-02 67 Avenue Queens,0.81541204
A4254,SKANO ELEMENTARY SCHOOL 970 RT 146 CLIFTON PARK,B3109,Okte Elementary School 1581 Crescent Rd Clifton Park,0.81526864
A1020,PIONEER ACADEMY 40-20 100TH ST CORONA,B3166,Our Lady Of Sorrows School 35-34 105th Street Corona,0.81524783
A1000,PS 143 LOUIS ARMSTRONG 34-55 112TH ST CORONA,B3533,P.S. 143 Louis Armstrong 34-74 113 Street Queens,0.81512225
A1482,PS 90 HORACE MANN 86-50 109TH ST RICHMOND HILL,B3415,P.S. 090 Horace Mann 86-50 109 Street Queens,0.815109
A2873,ZICCOLELLA ELEMENTARY SCHOOL 1 S BROADWAY HASTINGS ON HUDSON,B4229,River East Elementary 508 East 120 St Manhattan,0.8150843
A1613,SID MILLER ACADEMY 110 CHESTER ST BROOKLYN,B2859,Mott Hall Bridges Academy 210 Chester Street Brooklyn,0.81502694
A4030,SCHOOL 9-DR MARTIN LUTHER KING JR 485 CLINTON AVE N ROCHESTER,B2702,Martin Luther King Elem School 135 Locust Hill Ave Yonkers,0.8149068
A321,PS 30 HERNANDEZ/HUGHES 144-176 E 128TH ST NEW YORK,B3280,P.S. 030 Hernandez/Hughes 144 E 128th St # 176 New York,0.81476814
A1186,PS 152 GWENDOLINE N ALLEYNE SCHOOL 33-52 62ND ST WOODSIDE,B3554,P.S. 152 Gwendoline N. Alleyne School 33-52 62 Street Queens,0.814615
A2303,D'YOUVILLE-PORTER CAMPUS 255 PORTER AVE BUFFALO,B628,Buffalo Seminary 205 Bidwell Pkwy Buffalo,0.81456625
A4619,WILLINK MIDDLE SCHOOL 900 PUBLISHERS PKWY WEBSTER,B5242,Webster Willink Middle School 900 Publishers Parkway Webster,0.81447315
A4824,ORANGE-ULSTER BOCES 53 GIBSON RD GOSHEN,B3133,Orange Ulster Boces Special Ed (Aka Abc Campus At Gibson Ab) 53 Gibson Road Goshen,0.8144582
A1147,PS/IS 268 92-07 175TH ST JAMAICA,B4115,Ps/Is 268 92-07 175 Street Queens,0.8144353
A582,PS 95 SHEILA MENCHER 3961 HILLMAN AVE BRONX,B3428,P.S. 095 Sheila Mencher 3961 Hillman Ave Bronx,0.81408083
A7,EDWARDS-KNOX JUNIOR-SENIOR HIGH SCHOOL 2512 COUNTY ROUTE 24 HERMON,B1259,Edward-Knox Es/Jshs 2512 County Route 24 Hermon,0.8139206
A1057,PS 203 OAKLAND GARDENS 53-11 SPRNGFLD BLVD BAYSIDE,B3798,P.S. 376 21021 48th Ave Oakland Gardens,0.81382275
A151,PS 2 MEYER LONDON 122 HENRY ST NEW YORK,B4111,Ps 936 270 59th Street Brooklyn,0.8136731
A1472,JHS 226 VIRGIL I GRISSON 121-10 ROCKAWAY BLVD SOUTH OZONE PARK,B3562,P.S. 155 13002 115th Ave South Ozone Park,0.81360435
A2510,COHOES HIGH SCHOOL 1 TIGER WAY COHOES,B919,Cohoes Middle School Columbia & Bevan Sts Cohoes,0.8134081
A1918,SUCCESS ACADEMY CHARTER SCHOOL - WASHINGTON HEIGHTS 701 FORT WASHINGTON AVE NEW YORK,B2955,New Heights Academy Charter School 1818 Amsterdam Ave New York,0.81329525
A1587,PS 224 252-12 72ND AVE BELLEROSE,B4105,Ps 390 56-10 214 Street Queens,0.8132802
A890,PS 92 ADRIAN HEGEMAN 601 PARKSIDE AVE BROOKLYN,B3419,P.S. 092 Adrian Hegeman 601 Parkside Avenue Brooklyn,0.81321603
A4597,HAROLD T WILEY SCHOOL 1351 WASHINGTON ST WATERTOWN,B5211,Watertown Sr High School 1335 Washington St Watertown,0.81319875
A3987,RAVENA-COEYMANS-SELKIRK SENIOR HIGH SCHOOL 2025 RT 9W RAVENA,B4174,Ravena Middle School 2025 Rt 9w Ravena,0.8130251
A2790,CAROLINE G ATKINSON SCHOOL 58 W SEAMAN AVE FREEPORT,B2301,John W Dodd Junior High School 25 Pine St Freeport,0.813005
A2388,CANDOR JUNIOR-SENIOR HIGH SCHOOL PO BOX 145 CANDOR,B687,Candor Jr-Sr High School 1 Academy St Candor,0.812939
A2387,CANDOR ELEMENTARY SCHOOL PO BOX 145 CANDOR,B687,Candor Jr-Sr High School 1 Academy St Candor,0.8128816
A189,CLINTON SCHOOL (THE) 10 E 15TH ST NEW YORK,B904,Clinton Street Elem School 4100 Clinton St Buffalo,0.81249875
A2435,MILLARD HAWK ELEMENTARY SCHOOL 44 SCHOOL DR CENTRAL SQUARE,B2800,Miller Hill/Sand Lake Elementary School 8439 Miller Hill Rd Averill Park,0.81243026
A1171,PS 76 WILLIAM HALLET 36-36 10TH ST LONG ISLAND CITY,B3394,P.S. 076 William Hallet 36-36 10 Street Queens,0.8123151
A4853,INTELLECTUS PREPARATORY CHARTER SCHOOL 175-177 GRAMATAN AVE MT VERNON,B140,Amani Public Charter School 60 S.Third Ave. Mt Vernon,0.81225693
A2378,EAST HILL SCHOOL 25 SCHOOL DISTRICT RD CANAJOHARIE,B79,African Road Elementary School 600 S Benita Blvd Vestal,0.8121432
A2990,FOREST BROOK ELEMENTARY SCHOOL PO BOX 6006 HAUPPAUGE,B1466,Forestville Elementary School 12 Water St Forestville,0.81203663
A1148,GORDON PARKS SCHOOL (THE) 233-15 MERRICK BLVD ROSEDALE,B4867,The Gordon Parks School 233-15 Merrick Boulevard Queens,0.81203353
A3772,HOWARD A HANLON ELEMENTARY SCHOOL 300 COLLEGE AVE ODESSA,B3949,Parsons Memorial Elementary School 200 Halstead Avenue Harrison,0.811939
A4092,KERHONKSON ELEMENTARY SCHOOL PO BOX 9 ACCORD,B4295,Rondout Middle School 122 Kyserike Rd Accord,0.8119061
A2202,BELFAST SCHOOL PO BOX 336 BELFAST,B330,Belfast Elem & High School 1 King Street Belfast,0.8116483
A1042,JHS 67 LOUIS PASTEUR 51-60 MARATHON PKWY LITTLE NECK,B2177,J.H.S. 067 Louis Pasteur 51-60 Marathon Pkwy Queens,0.81117666
A1433,PS 29 125-10 23RD AVE COLLEGE POINT,B4102,Ps 110 48-29 37th Street Queens,0.81106424
A218,HIGH SCHOOL FOR LANGUAGE AND DIPLOMACY (THE) 40 IRVING PL NEW YORK,B1903,High School For Language And Diplomacy Washington Irving Educational Campus 40 Irving Place Manhatta,0.81093407
A756,PS 9 SARAH SMITH GARNET SCHOOL (THE) 80 UNDERHILL AVE BROOKLYN,B1218,"East Side Elementary School, Ps 267 213 East 63rd Street Manhattan",0.8108733
A3095,HUNTER-TANNERSVILLE MIDDLE SCHOOL HIGH SCHOOL PO BOX 1018 TANNERSVILLE,B2021,Hunter Elementary School 7794 Main Street Hunter,0.81072783
A2906,HEATLY SCHOOL 171 HUDSON AVE GREEN ISLAND,B1702,Greenacres School 41 Huntington Avenue Scarsdale,0.8105473
A4044,SCHOOL 50-HELEN BARRETT MONTGOMERY 301 SENECA AVE ROCHESTER,B4403,School # 45 - Northeast 1445 Clifford Ave Rochester,0.81049895
A178,IS 289 201 WARREN ST NEW YORK,B2071,I.S. 289 201 Warren Street Manhattan,0.81047636
A1184,PS 149 CHRISTA MCAULIFFE 93-11 34TH AVE JACKSON HEIGHTS,B4103,Ps 354 126-10 Bedell Street Queens,0.81047255
A1538,TUTTLE AVENUE SCHOOL 1 TUTTLE AVE EASTPORT,B1229,Eastport Elementary School 390 Montauk Hwy Eastport,0.81031644
A915,IS 68 ISAAC BILDERSEE 956 E 82ND ST BROOKLYN,B2041,I.S. 068 Isaac Bildersee 956 East 82 Street Brooklyn,0.8098025
A594,IS 206 ANN MERSEREAU 2280 AQUEDUCT AVE BRONX,B2057,I.S. 206 Ann Mersereau 2280 Aqueduct Ave Bronx,0.80978405
A4769,ROSEMARIE ANN SIRAGUSA SCHOOL 60 CRESCENT PL YONKERS,B1285,Elementary School 14 60 Crescent Pl Yonkers,0.8094571
A2345,LEWIS J BENNETT HIGH SCHOOL OF INNOVATIVE TECHNOLGY 2885 MAIN ST BUFFALO,B823,Charter School For Applied Technologies 2303 Kenmore Avenue Buffalo,0.80935645
A1861,EMBER CHARTER SCHOOL 616 QUINCY ST-3RD FL BROOKLYN,B1343,Emblaze Academy Charter School 1164 Garrison Ave Bronx,0.8093324
A3792,WOODSTOCK ELEMENTARY SCHOOL 8 W HURLEY RD WOODSTOCK,B5413,Woodstock Elem 10 W Hurley Rd Woodstock,0.8092942
A3435,MHS AMES CAMPUS 198 BALTIMORE AVE MASSAPEQUA,B2165,J Lewis Ames School 198 Baltimore Avenue Massapequa,0.8089904
A1185,PS 151 MARY D CARTER 50-05 31ST AVE WOODSIDE,B4103,Ps 354 126-10 Bedell Street Queens,0.8088121
A1264,PS 60 ALICE AUSTEN 55 MERRILL AVE STATEN ISLAND,B3365,P.S. 060 Alice Austen 55 Merrill Ave Staten Island,0.80854726
A4256,SHATEKON ELEMENTARY SCHOOL 35 MAXWELL RD CLIFTON PARK,B3109,Okte Elementary School 1581 Crescent Rd Clifton Park,0.8083086
A2059,THOMAS S O'BRIEN ACADEMY OF SCIENCE & TECHNOLOGY 94 DELAWARE AVE ALBANY,B4951,Thomas O'Brien Academy 94 Delaware Ave Albany,0.8079524
A2001,AECI II:  NYC CHARTER HS 116 E 169TH ST BRONX,B2059,I.S. 219  New Venture School 3630 Thrid Ave Bronx,0.8077957
A3200,JOHN JAY HIGH SCHOOL PO BOX 387 KATONAH,B2287,John Jay High School Route 52 Hopewell Jct,0.80778515
A1013,PS 58 SCHOOL OF HEROES (THE) 72-24 GRAND AVE MASPETH,B3813,P.S. 58 - School Of Heroes 72-24 Grand Avenue Queens,0.8077433
A1316,PS 110 MONITOR (THE) 124 MONITOR ST BROOKLYN,B3466,P.S. 110 The Monitor 124 Monitor Street Brooklyn,0.80768657
A4000,REMSENBURG-SPEONK ELEMENTARY SCHOOL PO BOX 900 REMSENBURG,B4195,Remsen Jr-Sr High School Main St Remsen,0.80761313
A755,EMILY WARREN ROEBLING SCHOOL (THE) 37 HICKS ST BROOKLYN,B1380,"Excellence Girls Charter School 794 Monroe Street, 3rd Floor Brooklyn",0.80761224
A4828,RENSSELAER-COLUMBIA-GREENE BOCES 10 EMPIRE STATE BLVD-2ND FL CASTLETON,B4199,Rensselaer Academy 25 Van Rensselaer Drive Rensselaer,0.8075451
A1909,SUCCESS ACADEMY CHARTER SCHOOL-HELL'S KITCHEN 439 W 49TH ST-2ND FL NEW YORK,B2135,Inwood Academy For Leadership Charter School - Middle School 433 West 204th Street New York,0.8075202
A1205,PS 280 HOME OF THE LIONHEARTS 34-20 94TH ST JACKSON HEIGHTS,B4105,Ps 390 56-10 214 Street Queens,0.80739194
A2501,CLIFTON-FINE JUNIOR-SENIOR HIGH SCHOOL 11 HALL AVE STAR LAKE,B2779,Midlakes Middlehigh School 1554 State Route 488 Clifton Spgs,0.80732244
A1061,PS 221 NORTH HILLS SCHOOL (THE) 57-40 MARATHON PKWY LITTLE NECK,B1946,Hillside Grade School 150 Maple Dr W New Hyde Park,0.807186
A1502,PS 223 LYNDON B JOHNSON 125-20 SUTPHIN BLVD JAMAICA,B3698,P.S. 223 Lyndon B. Johnson 125-20 Sutphin Boulevard Queens,0.8071848
A4024,SCHOOL 2-CLARA BARTON 190 REYNOLDS ST ROCHESTER,B4408,School #3 - Nathaniel Rochester Community School 85 Adams St Rochester,0.8069988
A2245,WEST LEYDEN ELEMENTARY SCHOOL PO BOX 304 WEST LEYDEN,B5308,Westmoreland Elementary School Rr 233 Westmoreland,0.8066272
A844,PS 5 DR RONALD MCNAIR 820 HANCOCK ST BROOKLYN,B4111,Ps 936 270 59th Street Brooklyn,0.8066199
A516,IS 232 1700 MACOMBS RD BRONX,B2064,I.S. 232 1700 Macombs Road Bronx,0.8064972
A1222,IS 72 ROCCO LAURIE 33 FERNDALE AVE STATEN ISLAND,B2042,I.S. 072 Rocco Laurie 33 Ferndale Ave Staten Island,0.80638456
A4158,SAINT REGIS MOHAWK SCHOOL 385 CHURCH ST HOGANSBURG,B4708,St Regis Mohawk Elem School 637 County Rte 1 Fort Covington,0.8063102
A4093,MARBLETOWN ELEMENTARY SCHOOL PO BOX 9 ACCORD,B2673,Marbletown Elementary School 12 Pinebush Rd Stone Ridge,0.8062563
A2226,GILBERTSVILLE-MOUNT UPTON ELEMENTARY SCHOOL 693 STATE HWY 51 GILBERTSVILLE,B1609,Gilbertsville-Mount Upton E S 693 New York 51 Gilbertsville,0.8061194
A838,MS 839 713 CATON AVE BROOKLYN,B2602,M.S. 915 105 Tech Place Brooklyn,0.8059151
A6,EDWARDS-KNOX ELEMENTARY SCHOOL 2512 COUNTY ROUTE 24 HERMON,B1259,Edward-Knox Es/Jshs 2512 County Route 24 Hermon,0.8057156
A511,IS 313 SCHOOL OF LEADERSHIP DEVELOPMENT 1600 WEBSTER AVE BRONX,B2073,I.S. 313 School Of Leadership Development 1600 Webster Ave Bronx,0.80537415
A1189,PS 171 PETER G VAN ALST 14-14 29TH AVE LONG ISLAND CITY,B3597,P.S. 171 Peter G. Van Alst 14-14 29 Avenue Queens,0.80522966
A1351,IS 171 ABRAHAM LINCOLN 528 RIDGEWOOD AVE BROOKLYN,B2053,I.S. 171 Abraham Lincoln 528 Ridgewood Avenue Brooklyn,0.8052152
A2322,PS 74 HAMLIN PARK - CLAUDE AND OUIDA CLAPP ACADEMY 126 DONALDSON RD BUFFALO,B1337,Elmwood Franklin School 104 New Amsterdam Ave Buffalo,0.8051861
A3199,JOHN JAY MIDDLE SCHOOL PO BOX 387 KATONAH,B2287,John Jay High School Route 52 Hopewell Jct,0.80505437
A118,ORCHARD COLLEGIATE ACADEMY 220 HENRY ST NEW YORK,B4852,The College Academy 549 Audubon Avenue Manhattan,0.8049148
A4809,ERIE 1 BOCES 355 HARLEM RD WEST SENECA,B5262,West Es 1397 Orchard Park Rd Buffalo,0.8047837
A778,DOCK STREET SCHOOL FOR STEAM STUDIES 19 DOCK ST BROOKLYN,B4915,The Steam Bridge School 1684 White Plains Road Bronx,0.8044168
A1572,PS 9 58-74 57TH ST MASPETH,B4102,Ps 110 48-29 37th Street Queens,0.80441177
A1561,NEW YORK STATE SCHOOL FOR THE BLIND 2A RICHMOND AVE BATAVIA,B2978,New York School For The Deaf 555 Knollwood Rd White Plains,0.804342
A3745,PERRY BROWNE INTERMEDIATE SCHOOL 31 BEEBE AVE NORWICH,B3062,Norwich Middle School Midland Dr Norwich,0.804265
A4514,SENATOR JAMES H DONOVAN MIDDLE SCHOOL 1701 NOYES ST UTICA,B4458,Senator James H Donovan Middle 1701 Noyes St Utica,0.80399776
A115,PS 64 ROBERT SIMON 600 E 6TH ST NEW YORK,B3372,P.S. 064 Robert Simon 600 E 6th St Manhattan,0.80332
A2476,BRIDGEPORT ELEMENTARY SCHOOL 9076 NORTH RD BRIDGEPORT,B2954,New Haven Elementary School 4320 State Route 104 New Haven,0.80329883
A920,IS 211 JOHN WILSON 1001 E 100TH ST BROOKLYN,B2058,I.S. 211 John Wilson 1001 East 100 Street Brooklyn,0.8030309
A3334,LIVINGSTON MANOR HIGH SCHOOL PO BOX 947 LIVINGSTON MANOR,B4279,Rockland Middle-High School 19 School Street Livingston Manor,0.8029257
A2349,MARTIN LUTHER KING JR #48 487 HIGH ST BUFFALO,B2701,Martin Luther King Elem Sch 211 Square St Utica,0.80248207
A3126,WALES PRIMARY SCHOOL PO BOX 32 EAST AURORA,B5162,Wales Primary School 4650 Woodchuck Road Elma,0.80243117
A2350,BUILD COMMUNITY SCHOOL 340 FOUGERON ST BUFFALO,B1354,Enterprise Charter School 275 Oak Street Buffalo,0.8024034
A2308,BILINGUAL CENTER 157 ELK ST BUFFALO,B3630,P.S. 189 The Bilingual Center 1100 East New York Avenue Brooklyn,0.8020854
A2493,BASHAW ELEMENTARY SCHOOL PO BOX 1000 CLAYTON,B894,Clayton Huey Elementary School 511 Main St Ctr Moriches,0.8019824
A4033,SCHOOL 17-ENRICO FERMI 158 ORCHARD ST ROCHESTER,B1353,Enrico Fermi Perf Arts Sch 27 Poplar St Yonkers,0.801634
A2968,KENNEY MIDDLE SCHOOL 846 CAYUGA ST HANNIBAL,B1775,Hannibal Jr-Sr High School 928 Cayuga St Hannibal,0.8015558
A4715,TIOUGHNIOGA RIVERSIDE ACADEMY 2887 NY RT 11 WHITNEY POINT,B5293,Westchester Square Academy 3000 East Tremont Avenue Bronx,0.8014371
A1807,ACHIEVEMENT FIRST BROWNSVILLE CHARTER SCHOOL 2021 BERGEN ST-RM 149 BROOKLYN,B614,Brownsville Ascend Charter School 1501 Pitkin Ave Brooklyn,0.80119747
A2317,PS 61 ARTHUR O EVE SCHOOL OF DISTINCTION 453 LEROY ST BUFFALO,B1358,Erie 1 Boces Edge Academy 1635 E Delavan Ave Buffalo,0.8011768
A1321,PS/IS 157 BENJAMIN FRANKLIN HEATH AND SCIENCE ACADEMY (THE) 850 KENT AVE BROOKLYN,B3889,P.S./I.S. 104 The Fort Hamilton School 9115 5 Avenue Brooklyn,0.8008346
A1958,SUCCESS ACADEMY CHARTER SCHOOL-FAR ROCKAWAY 10-45 NAMEOKE ST-3RD FL FAR ROCKAWAY,B802,Challenge Preparatory Charter School 710 Hartman Lane Far Rockaway,0.8008323
A4347,SPENCER-VAN ETTEN HIGH SCHOOL 16 DARTTS CROSSROAD SPENCER,B4599,Spencer-Van Etten Hs 16 Dartts Crossroad Spencer,0.8002977
A1660,MADELEINE BRENNAN SCHOOL (THE) 8010 12TH AVE BROOKLYN,B3158,Our Lady Of Grace School 385 Avenue W Brooklyn,0.7997239
A1134,PS 132 RALPH BUNCHE 132-15 218TH ST SPRINGFIELD GARDENS,B3613,P.S. 181 Brookfield 148-15 230 Street Springfield Gardens,0.7996476
A826,IS 136 CHARLES O DEWEY 4004 4TH AVE BROOKLYN,B2050,I.S. 136 Charles O. Dewey 4004 4th Ave Brooklyn,0.79942924
A1119,IS 238 SUSAN B ANTHONY ACADEMY 88-15 182ND ST HOLLIS,B2066,I.S. 238 - Susan B. Anthony Academy 88-15 182 Street Queens,0.7987238
A3561,MOUNT VERNON LEADERSHIP ACADEMY 455 N HIGH ST MOUNT VERNON,B2901,Mv Steam Academy 350 Gramatan Avenue Mount Vernon,0.79869527
A1851,RIVERTON STREET CHARTER SCHOOL 118-34 RIVERTON ST SAINT ALBANS,B4236,Riverhead Charter School 3685 Middle Country Road Calverton,0.79858506
A3545,MORRIS CENTRAL SCHOOL PO BOX 40 MORRIS,B2848,Morrisville Jr-Sr High School Fearon Road Morrisville,0.79842746
A1680,MS 936 ARTS OFF 3RD 270 59TH ST BROOKLYN,B2548,Lower Manhattan Arts Academy 350 Grand Street Manhattan,0.79825026
A991,PS 88 SENECA 60-85 CATALPA AVE RIDGEWOOD,B2044,I.S. 077 976 Seneca Ave Ridgewood,0.79812163
A2302,PS 17 1045 W DELAVAN AVE BUFFALO,B4113,Ps X469 3177 Webster Ave Bronx,0.798048
A1581,PS 255 158-40 76TH RD FLUSHING,B4105,Ps 390 56-10 214 Street Queens,0.7980237
A368,PS/IS 210 21ST CENTURY ACADEMY 501-503 W 152ND ST NEW YORK,B4117,Ps/Ms 11x498 - Van Nest Academy 1640 Bronxdale Ave Bronx,0.7980149
A1141,PS 176 CAMBRIA HEIGHTS 120-45 235TH ST CAMBRIA HEIGHTS,B4105,Ps 390 56-10 214 Street Queens,0.79788625
A3793,ONTEORA MIDDLE SCHOOL PO BOX 300 BOICEVILLE,B3129,Onteora Jr/Sr High School Rr 28 Boiceville,0.79788595
A4693,DONALD H CRANE JUNIOR/SENIOR HIGH SCHOOL PO BOX 430 WESTMORELAND,B1049,David B Crane Elementary Sch 85 Shell Edge Dr Rochester,0.7976695
A1144,PS 195 WILLIAM HABERLE 253-50 149TH AVE ROSEDALE,B4305,Rosedale (Sa-Ro) 147-65 249th St Rosedale,0.7972133
A3901,COLD SPRING EARLY LEARNING CENTER 358 HOMAN RD STANFORDVILLE,B920,Cold Spring Elementary School Homan Road Stanfordville,0.7965365
A201,NYC LAB MS FOR COLLABORATIVE STUDIES 333 W 17TH ST NEW YORK,B2909,N.Y.C. Lab School For Collaborative Studies 333 W 17th Street Manhattan,0.79639906
A2228,KIRYA JOEL EARLY CHILDHOOD EDUCATIONAL CENTR 655 COUNTY RT 105 MONROE,B2370,Kiryas Joel Union Free Public School 1 Dinev Rd Monroe,0.7963156
A1096,JHS 8 RICHARD S GROSSLEY 108-35 167TH ST JAMAICA,B2169,J.H.S. 008 Richard S. Grossley 108-35 167 Street Queens,0.7956865
A2337,FRANK A SEDITA SCHOOL #30 21 LOWELL PL BUFFALO,B258,Baker Hall School 777 Ridge Rd Buffalo,0.7954252
A2775,FRANKFORT-SCHUYLER CENTRAL HIGH SCHOOL 605 PALMER ST FRANKFORT,B4434,Schuylerville Middle School 14 Spring St Schuylerville,0.79531467
A1190,IS 204 OLIVER W HOLMES 36-41 28TH ST LONG ISLAND CITY,B2056,I.S. 204 Oliver W. Holmes 36-41 28 Street Queens,0.79528606
A2777,FRANKFORT-SCHUYLER MIDDLE SCHOOL 605 PALMER ST FRANKFORT,B4434,Schuylerville Middle School 14 Spring St Schuylerville,0.7951316
A3686,PARLIAMENT PLACE SCHOOL 80 PARLIAMENT PL NORTH BABYLON,B1820,Hastings Mallory Elem School 93 Barker Rd Central Square,0.79513127
A2325,RONALD PEOPLES SCHOOL OF SCHOLARS (THE) 230 EASTON AVE BUFFALO,B4660,St Joseph Collegiate Institute 845 Kenmore Ave Buffalo,0.79423213
A2298,HERMAN BADILLO BILINGUAL ACADEMY 315 CAROLINA ST BUFFALO,B144,Amistad Dual Language School 4862 Broadway Manhattan,0.7941854
A986,PS 68 CAMBRIDGE 59-09 ST FELIX AVE RIDGEWOOD,B3380,P.S. 068 Cambridge 59-09 St Felix X Ave Queens,0.794137
A1443,PS 169 BAY TERRACE 18-25 212TH ST BAYSIDE,B4105,Ps 390 56-10 214 Street Queens,0.7936419
A4473,PS 18 412 HOOSICK ST TROY,B1292,Elementary School 18 412 Hoosick St Troy,0.79349077
A1005,IS 5 WALTER CROWLEY INTERMEDIATE SCHOOL (THE) 50-40 JACOBUS ST ELMHURST,B2082,I.S. 5 - The Walter Crowley Intermediate School 50-40 Jacobus Street Elmhurst,0.7934513
A1039,PS 31 BAYSIDE 211-45 46TH RD BAYSIDE,B4105,Ps 390 56-10 214 Street Queens,0.7932494
A2100,RAPHAEL J MCNULTY ACADEMY FOR INTERN STUDIES & LITERACY 60 BRANDT PL AMSTERDAM,B2560,Lynch Literacy Academy 55 Brandt Place Amsterdam,0.79320395
A1736,PS 139 ALEXINE A FENTY 330 RUGBY RD BROOKLYN,B3528,P.S. 139 Alexine A. Fenty 330 Rugby Rd Brooklyn,0.7931969
A2449,CHARLOTTE VALLEY SCHOOL 15611 STATE HWY 23 DAVENPORT,B821,Charlotte Valley Central Sch 15611 State Highway 23 Davenport,0.7931435
A1507,RANDOLPH HOLDER SCHOOL OF SOCIAL JUSTICE (THE) 1307 CENTRAL AVE FAR ROCKAWAY,B4907,The School For Inquiry And Social Justice 1025 Morrison Ave Bronx,0.7930627
A1985,EARLY COLLEGE CHARTER SCHOOL 1 TELEPORT DR-3RD FL STATEN ISLAND,B2123,Integration Charter Schools 1 Teleport Dr Fl 3 Staten Island,0.7929177
A1129,PS 95 EASTWOOD 179-01 90TH AVE JAMAICA,B3400,P.S. 082 Hammond 8802 144th St Jamaica,0.792884
A1193,IS 227 LOUIS ARMSTRONG 32-02 JUNCTION BLVD EAST ELMHURST,B2060,I.S. 227 Louis Armstrong 32-02 Junction Boulevard Queens,0.7928693
A2,DOLGEVILLE ELEMENTARY SCHOOL 38 SLAWSON ST DOLGEVILLE,B846,Cherry Ave. Elementary School 155 Cherry Ave. West Sayville,0.7928141
A4039,IDA B WELLS-BARNETT ELEMENTARY SCHOOL 34 530 LEXINGTON AVE ROCHESTER,B1370,Ethel K Fyle Elementary School 133 Vollmer Pkwy Rochester,0.79256177
A153,PS 6 LILLIE D BLAKE 45 E 81ST ST NEW YORK,B3218,P.S. 006 Lillie D. Blake 45 E 81st Street Manhattan,0.7923481
A1120,PS 15 JACKIE ROBINSON 121-15 LUCAS ST SPRINGFIELD GARDENS,B3796,P.S. 375 Jackie Robinson School 46 Mckeever Place Brooklyn,0.7922169
A2484,CINCINNATUS ELEMENTARY SCHOOL 2809 CINCINNATUS RD CINCINNATUS,B4957,Ticonderoga Elementary School 116 Alexandria Ave Ticonderoga,0.7921075
A3543,MORIAH ELEMENTARY SCHOOL 39 VIKING LN PORT HENRY,B2842,Moriah Jr-Sr High School 39 Viking Ln Port Henry,0.7916813
A3761,SCHOOL 6-KINDERGARTEN CENTER 25 CASTLETON CT OCEANSIDE,B2343,Kindergarten Center 111 Atlantic Ave Lynbrook,0.791649
A357,PS 98 SHORAC KAPPOCK 512 W 212TH ST NEW YORK,B4111,Ps 936 270 59th Street Brooklyn,0.7914162
A642,IS 181 PABLO CASALS 800 BAYCHESTER AVE BRONX,B2054,I.S. 181 Pablo Casals 800 Baychester Avenue Bronx,0.7912246
A2701,GEORGE ROSS MACKENZIE ELEMENTARY SCHOOL PO BOX 249 GLEN SPEY,B1621,Glendaal Elementary School 774 Sacandaga Rd Scotia,0.79117024
A1138,PS/MS 138 SUNRISE 251-11 WELLER AVE ROSEDALE,B4118,Ps/Ms 147 Ronald Mcnair 218-01 116 Avenue Queens,0.791131
A2512,VAN SCHAICK ISLAND SCHOOL 150 CONTINENTAL AVE COHOES,B5138,Virginia Road School 86 Virginia Road White Plains,0.7911155
A2331,LEONARDO DA VINCI HIGH SCHOOL 167 E UTICA ST BUFFALO,B4628,St Benedict School 3980 Main St Buffalo,0.7910346
A4810,ERIE 2-CHAUTAUQUA-CATTARAUGUS BOCES 8685 ERIE RD ANGOLA,B1362,Erie 2 Carrier Center 8685 Erie Road Angola,0.7908493
A1086,JHS 157 STEPHEN A HALSEY 63-55 102ND ST REGO PARK,B2190,J.H.S. 157 Stephen A. Halsey 63-55 102nd Street Queens,0.79041433
A3059,HOMER INTERMEDIATE SCHOOL PO BOX 500 HOMER,B1977,Homer Elementary School 9 Central Park Pl Homer,0.79001236
A1093,JHS 217 ROBERT A VAN WYCK 85-05 144TH ST JAMAICA,B3400,P.S. 082 Hammond 8802 144th St Jamaica,0.78997004
A3009,ALVERTA B GRAY SCHULTZ MIDDLE SCHOOL 70 GREENWICH ST HEMPSTEAD,B4452,Searingtown Elementary School 106 Beverly Dr Albertson,0.78980887
A4368,EAST RAMAPO EARLY CHILDHOOD CENTER AT KAKIAT 465 VIOLA RD SPRING VALLEY,B5436,Yeled Vyalda Early Childhood Center 835 835 Forest Hill Rd Staten Island,0.7897888
A4102,ROSCOE CENTRAL SCHOOL PO BOX 429 ROSCOE,B4278,Rockland Elementary School 6 Academy St Roscoe,0.7896588
A1089,PS 175 LYNN GROSS DISCOVERY SCHOOL (THE) 64-35 102ND ST REGO PARK,B3670,P.S. 206 The Horace Harding School 6102 98th St Rego Park,0.7891071
A1451,PS 209 CLEARVIEW GARDENS 16-10 UTOPIA PKWY WHITESTONE,B3676,P.S. 209 Clearview Gardens 16-10 Utopia Pkwy Queens,0.78872675
A1664,JHS 223 MONTAUK (THE) 4200 16TH AVE BROOKLYN,B2204,J.H.S. 223 The Montauk 4200 16 Avenue Brooklyn,0.7885973
A2514,COLD SPRING HARBOR HIGH SCHOOL 82 TURKEY LN COLD SPRING HARBOR,B4604,Spring Valley Sr High School 361 Route 59 Spring Valley,0.7885099
A37,BOLIVAR-RICHBURG PRE-K PROGRAM 422 MAIN ST BOLIVAR,B439,Bolivar-Richburg Js-Hs 100 School St Bolivar,0.7884978
A1146,PS/IS 208 74-30 COMMONWLTH BLVD BELLEROSE,B4114,Ps/Is 116 William C. Hughley 107-25 Wren Place Queens,0.78848237
A2306,PS 27 HILLERY PARK ACADEMY 73 PAWNEE PKWY BUFFALO,B2876,Mount Mercy Academy 88 Red Jacket Pkwy Buffalo,0.7884789
A3413,MARATHON HIGH SCHOOL PO BOX 339 MARATHON,B2671,Marathon High School 1 Main St Marathon,0.78823
A2696,EDINBURG COMMON SCHOOL 4 JOHNSON RD EDINBURG,B2907,N Adirondack Elementary School 5572 Rt 11 Ellenburg,0.7882296
A1585,PS Q811 61-25 MARATHON PKWY LITTLE NECK,B4105,Ps 390 56-10 214 Street Queens,0.78799146
A4748,GARDNER-DICKINSON SCHOOL PO BOX 345 WYNANTSKILL,B1562,Gardner-Dickinson School 25 East Avenue Troy,0.7874794
A822,BROOKLYN COLLABORATIVE STUDIES 610 HENRY ST BROOKLYN,B601,Brooklyn Secondary School For Collaborative Studies 610 Henry Street Brooklyn,0.7872028
A4370,SAINT LAWRENCE ELEMENTARY SCHOOL PO BOX 307 BRASHER FALLS,B4707,"St Regis Falls Central School 92 North  Main Street, Po Box 309 St Regis Falls",0.78683865
A2596,PIONEER SENIOR HIGH SCHOOL PO BOX 639 YORKSHIRE,B4034,Pioneer Shs 12125 County Line Road Yorkshire,0.78670615
A328,PS 133 FRED R MOORE 2121 5TH AVE NEW YORK,B4109,Ps 536 1827 Archer Street Bronx,0.7866288
A4057,DR WALTER COOPER ACADEMY 353 CONGRESS AVE ROCHESTER,B54,Academy Of Health Sciences Charter School 1151 Ridgeway Ave. Rochester,0.78651917
A4814,HERKIMER-FULTON-HAMILTON-OTSEGO BOCES 352 GROS BLVD HERKIMER,B1873,Herkimer Boces School 352 Gros Blvd Herkimer,0.7863349
A2813,RUBEN A CIRILLO HIGH SCHOOL 3195 WIEDRICK RD WALWORTH,B353,Benjamin N. Cardozo High School 57-00 223rd Street Bayside,0.7863263
A4472,PS 16 40 COLLINS AVE TROY,B4106,Ps 5 Port Morris 564 Jackson Avenue Bronx,0.7862445
A387,WILLIAM LYNCH SCHOOL (THE) 1750 AMSTERDAM AVE NEW YORK,B741,Castle Bridge School 560 West 169 Street Manhattan,0.7858793
A988,IS 73 FRANK SANSIVIERI INTERMEDIATE SCHOOL  (THE) 70-02 54TH AVE MASPETH,B2085,I.S. 73 - The Frank Sansivieri Intermediate School 70-02 54th Ave Queens,0.78553045
A1265,PS 69 DANIEL D TOMPKINS 144 KEATING PL STATEN ISLAND,B3381,P.S. 069 Daniel D. Tompkins 144 Keating Pl Staten Island,0.7853384
A3357,LONG LAKE CENTRAL SCHOOL PO BOX 217 LONG LAKE,B2533,Long Beach Middle School 239 Lido Blvd Long Beach,0.78523004
A866,NORMA ADAMS CLEMONS ACADEMY 43 SNYDER AVE BROOKLYN,B1210,East New York Family Academy 2057 Linden Boulevard Brooklyn,0.78505754
A997,PS/IS 119 GLENDALE (THE) 74-01 78TH AVE GLENDALE,B2048,I.S. 119 The Glendale 74-01 78 Avenue Queens,0.7843221
A1449,PS/MS 200 MAGNET SCHOOL-GLOBAL STUDI 70-10 164TH ST FLUSHING,B4693,St Mel Catholic Academy 15424 26th Ave Flushing,0.78427327
A4634,WELLS SCHOOL PO BOX 300 WELLS,B5247,Wells Central School 1571 State Hwy. 30 Wells,0.78425956
A259,PS 166 RICHARD ROGERS SCHOOL OF THE ARTS & SCIENCE (THE) 132 W 89TH ST NEW YORK,B1778,"Harbor Science And Arts Charter School 132 East 111 Street, Room 202 New York",0.78410715
A1229,IS 51 EDWIN MARKHAM 80 WILLOWBROOK RD STATEN ISLAND,B2037,I.S. 051 Edwin Markham 20 Houston St Staten Island,0.78387827
A3236,C GRANT GRIMSHAW SCHOOL 5957 US RT 20W LAFAYETTE,B4853,The De La Salle School 87 Pine Street Freeport,0.7837894
A318,JUDITH S KAYE SCHOOL (THE) 321 E 96TH ST NEW YORK,B4902,The River School 425 East 35th Street Manhattan,0.7835899
A430,LEADERS OF EXCELLENCE ADVOCACY AND DISCOVERY 639 ST ANN'S AVE BRONX,B46,Academy For Personal Leadership And Excellence 120 East 184 Street Bronx,0.78342867
A2776,FRANKFORT-SCHUYLER ELEMENTARY SCHOOL 610 REESE RD FRANKFORT,B2679,Margaret W Cuyler Elementary School 6624 South St Red Creek,0.7830264
A4385,STOCKBRIDGE VALLEY CENTRAL SCHOOL PO BOX 732 MUNNSVILLE,B4755,Stockbridge Valley Central Sch 6011 Williams Road Munnsville,0.7830156
A1313,PS 59 THE DAWN BEST SCHOOL 211 THROOP AVE BROOKLYN,B1218,"East Side Elementary School, Ps 267 213 East 63rd Street Manhattan",0.782922
A1805,BGLIG-SHIRLEY RODRIGUEZ-REMENESKI CS 750 CONCOURSE VILLAGE W-LOWER LEVEL BRONX,B489,Bronx 5 Lower (Sa-Bx5) 604 E 139th St Bronx,0.7823191
A1054,PS 186 CASTLEWOOD 252-12 72ND AVE BELLEROSE,B4105,Ps 390 56-10 214 Street Queens,0.782172
A981,PS 13 CLEMENT C MOORE 55-01 94TH ST ELMHURST,B3234,P.S. 013 Clement C. Moore 55-01 94th St Queens,0.782064
A1219,IS 7 ELIAS BERNSTEIN 1270 HUGUENOT AVE STATEN ISLAND,B2032,I.S. 007 Elias Bernstein 1270 Huguenot Ave Staten Island,0.78187
A1088,PS 174 WILLIAM SIDNEY MOUNT 65-10 DIETERLE CRESCENT REGO PARK,B4105,Ps 390 56-10 214 Street Queens,0.7818365
A3800,OYSTERPONDS ELEMENTARY SCHOOL PO BOX 98 ORIENT,B1306,Elementary School 36 85 Saint Jacob St Rochester,0.7815563
A1225,IS 2 GEORGE L EGBERT 333 MIDLAND AVE STATEN ISLAND,B2088,I.S. R002 George L. Egbert 333 Midland Ave Staten Island,0.7807586
A1165,PS 2 ALFRED ZIMBERG 75-10 21ST AVE EAST ELMHURST,B4111,Ps 936 270 59th Street Brooklyn,0.7801685
A2326,PS 84 462 GRIDER ST BUFFALO,B4105,Ps 390 56-10 214 Street Queens,0.78011227
A685,LEADERS OF TOMORROW 3710 BARNES AVE BRONX,B527,Bronx Guild 1980 Lafayette Avenue Bronx,0.7801052
A4265,W A WETTEL ELEMENTARY SCHOOL PO BOX 990 VERNON,B5150,W A Olmsted Elementary School 54 Main Street Harpursville,0.77996373
A1179,PS 127 AEROSPACE SCIENCE MAGNET SCHOOL 98-01 25TH AVE EAST ELMHURST,B494,Bronx Aerospace High School 800 East Gun Hill Road Bronx,0.7799121
A1477,PS 60 WOODHAVEN 91-02 88TH AVE WOODHAVEN,B4102,Ps 110 48-29 37th Street Queens,0.77959734
A3333,LIVINGSTON MANOR ELEMENTARY SCHOOL PO BOX 947 LIVINGSTON MANOR,B4279,Rockland Middle-High School 19 School Street Livingston Manor,0.77909803
A1556,BRENTWOOD RESIDENTIAL CENTER 1230 COMMACK RD DIX HILLS,B1187,East Es 50 Timberline Dr Brentwood,0.779074
A4471,PS 14 1700 TIBBITS AVE TROY,B4106,Ps 5 Port Morris 564 Jackson Avenue Bronx,0.77880013
A2494,GUARDINO ELEMENTARY SCHOOL PO BOX 1000 CLAYTON,B894,Clayton Huey Elementary School 511 Main St Ctr Moriches,0.7787348
A1240,IS 24 MYRA S BARNES 750 DURANT AVE STATEN ISLAND,B2033,I.S. 024 Myra S. Barnes 225 Cleveland Ave Staten Island,0.7786803
A3890,JOHN C BIRDLEBOUGH HIGH SCHOOL 552 MAIN ST PHOENIX,B2766,Michael A Maroun Elementary 11 Elm St Phoenix,0.7784464
A347,SEED HARLEM 425 W 130TH ST NEW YORK,B1782,"Harlem 1 (Sa-H1) 34 West 118th Street, Floor 2 New York",0.7780436
A1368,FDNY-CAPTAIN VERNON A RICHARDS HS 400 PENNSYLVANIA AVE BROOKLYN,B3889,P.S./I.S. 104 The Fort Hamilton School 9115 5 Avenue Brooklyn,0.77778924
A2382,CANASERAGA SCHOOL PO BOX 230 CANASERAGA,B679,Canandaigua Academy High Sch 435 East St Canandaigua,0.77774143
A3204,AUSABLE FORKS ELEMENTARY SCHOOL PO BOX V AU SABLE FORKS,B207,Ausable Forks Elementary Sch 28 Church St Au Sable Forks,0.77764845
A4372,ST LAWRENCE MIDDLE SCHOOL PO BOX 307 BRASHER FALLS,B4707,"St Regis Falls Central School 92 North  Main Street, Po Box 309 St Regis Falls",0.7775161
A1500,PS 207 ROCKWOOD PARK 159-15 88TH ST HOWARD BEACH,B2002,Howard Beach (Sa-Hb) 158-20 101st Street Howard Beach,0.7775097
A1041,PS 46 ALLEY POND 64-45 218TH ST BAYSIDE,B3326,P.S. 046 Alley Pond 64-45 218th St Queens,0.7772703
A381,MS 324 PATRIA MIRABAL 21 JUMEL PL NEW YORK,B4119,Ps/Ms 194 2365 Waterbury Ave Bronx,0.7770979
A2700,ELDRED JUNIOR-SENIOR HIGH SCHOOL PO BOX 249 ELDRED,B1341,Elwood Middle School 478 Elwood Rd East Northport,0.7770474
A1715,IS 98 BAY ACADEMY 1401 EMMONS AVE BROOKLYN,B2086,I.S. 98 Bay Academy 1401 Emmons Avenue Brooklyn,0.7767843
A3516,MINERVA CENTRAL SCHOOL PO BOX 39 OLMSTEDVILLE,B5150,W A Olmsted Elementary School 54 Main Street Harpursville,0.77606857
A2485,CINCINNATUS HIGH SCHOOL 2809 CINCINNATUS RD CINCINNATUS,B764,Cazenovia Jr-Sr High School 31 Emory Ave Cazenovia,0.77600574
A1435,PS 79 FRANCIS LEWIS 147-27 15TH DR WHITESTONE,B3396,P.S. 079 Francis Lewis 14727 15th Dr Whitestone,0.77543026
A1448,JHS 194 WILLIAM CARR 154-60 17TH AVE WHITESTONE,B2196,J.H.S. 194 William Carr 154-60 17th Avenue Queens,0.77391005
A2289,BROOKFIELD CENTRAL SCHOOL PO BOX 60 BROOKFIELD,B612,Brookview Elementary School 300 Brookview Dr Rochester,0.7734575
A1040,PS 41 CROCHERON 34-06 214TH LANE BAYSIDE,B3310,P.S. 041 Crocheron 214-43 35th Ave Queens,0.77323866
A1063,PS/IS 266 74-10 COMMONWEALTH BLVD BELLEROSE,B4104,Ps 377 150-15 Raleigh Street Queens,0.7729956
A281,MAXINE GREENE HIGH SCHOOL FOR IMAGINATIVE INQUIRY (THE) 122 AMSTERDAM AVE NEW YORK,B5049,Urban Academy Laboratory High  School 317 E 67 St Manhattan,0.7729552
A995,PS 102 BAYVIEW 55-24 VAN HORN ST ELMHURST,B4102,Ps 110 48-29 37th Street Queens,0.77267975
A4371,SAINT LAWRENCE HIGH SCHOOL PO BOX 307 BRASHER FALLS,B2432,Lawrence Senior High School 2 Reilly Rd Cedarhurst,0.772665
A4851,DESTINE PREPARATORY CHARTER SCHOOL 530 FRANKLIN ST-3RD FL SCHENECTADY,B1085,Desales Catholic School 6914 Chestnut Ridge Rd Lockport,0.7725396
A1450,PS 201 DISCOVERY SCHOOL FOR INQUIRY AND RESEARCH (THE) 65-11 155TH ST FLUSHING,B4910,The School Of Science And Applied Learning 2050 Prospect Avenue Bronx,0.77248347
A906,ACAD FOR COLLEGE PREP AND CAREER EXP 911 FLATBUSH AVE BROOKLYN,B3849,P.S. K753 - School For Career Development 510 Clermont Avenue Brooklyn,0.7724679
A248,WADLEIGH PERF AND VISUAL ARTS 215 W 114TH ST NEW YORK,B2548,Lower Manhattan Arts Academy 350 Grand Street Manhattan,0.7724304
A2319,PS 65 ROOSEVELT ECC 249 SKILLEN ST BUFFALO,B4109,Ps 536 1827 Archer Street Bronx,0.77222764
A3275,LAURENS CENTRAL SCHOOL PO BOX 301 LAURENS,B2426,Laurens Cent Elem-High School 55 Main Street Laurens,0.77221256
A2969,FAIRLEY SCHOOL 953 AUBURN ST HANNIBAL,B1775,Hannibal Jr-Sr High School 928 Cayuga St Hannibal,0.77205884
A1438,PS 129 PATRICIA LARKIN 128-02 7TH AVE COLLEGE POINT,B3506,P.S. 129 Patricia Larkin 128-02 7th Ave Queens,0.7718184
A16,JASPER-TROUPSBURG ELEMENTARY SCHOOL PO BOX 98 TROUPSBURG,B2239,Jasper-Troupsburg Es 908 State Route 36 Troupsburg,0.7718138
A4692,DEFOREST A HILL PRIMARY SCHOOL PO BOX 430 WESTMORELAND,B5308,Westmoreland Elementary School Rr 233 Westmoreland,0.77180994
A1083,PS 139 REGO PARK 93-06 63RD DR REGO PARK,B4105,Ps 390 56-10 214 Street Queens,0.7717668
A4802,ALBANY-SCHOHARIE-SCHENECTADY-SARATOGA BOCES 900 WATERVLIET-SHAKER RD-STE 102 ALBANY,B711,Capitol Region Boces-Maywood 925 A Watervliet Shaker Road Albany,0.77171594
A2521,COMMACK MIDDLE SCHOOL PO BOX 150 COMMACK,B944,Commack Road Elementary School 300 Commack Rd Islip,0.770908
A1575,DAVID MARQUIS SCHOOL OF THE ARTS (THE) 15 FAIRFIELD ST STATEN ISLAND,B60,Academy Of St Dorothy 1305 Hylan Blvd. Staten Island,0.7707745
A1115,MS 358 88-06 164TH ST JAMAICA,B3400,P.S. 082 Hammond 8802 144th St Jamaica,0.7706922
A3752,DALTON-NUNDA MIDDLE SCHOOL PO BOX 517 NUNDA,B2341,Keshequa Middle School 13 Mill St Nunda,0.77064824
A510,IS 303 LEADERSHIP & COMMUNITY SERVICE 1700 MACOMBS RD BRONX,B2089,I.S. X303 Leadership & Community Service 1700 Macombs Road Bronx,0.77042484
A3414,C S DRIVER MIDDLE SCHOOL 2 REED PKWY MARCELLUS,B2801,Miller Jr High School 65 Fording Place Rd Lake Katrine,0.77009255
A1952,COLLEGIATE ACADEMY-MATH-PERSONAL AWA 1962-84 LINDEN BLVD BROOKLYN,B926,Collegiate Academy For Mathematics And Personal Awareness (Campa) 111 Dinsmore Place Brooklyn,0.7680859
A2526,INDIAN HOLLOW SCHOOL PO BOX 150 COMMACK,B2110,Indian Hollow Elementary Sch 151 Kings Park Rd Commack,0.7677948
A1505,PS 56 HARRY EICHLER 86-10 114TH ST RICHMOND HILL,B4105,Ps 390 56-10 214 Street Queens,0.7670108
A1555,INDUSTRY LIMITED SECURE SCHOOL 375 RUSH SCOTSVILLE RD RUSH,B2824,Monica B Leary Elementary Sch 5509 E Henrietta Rd Rush,0.76700807
A1220,IS 34 TOTTENVILLE 528 ACADEMY AVE STATEN ISLAND,B2036,I.S. 034 Tottenville 528academy  Ave Staten Island,0.7667985
A4031,ANNA MURRAY-DOUGLASS ACADEMY 999 SOUTH AVE ROCHESTER,B3118,Olympia Ms & Hs School 1139 Maiden Lane Rochester,0.76640844
A4488,GEORGE F BAKER HIGH SCHOOL BOX 2002 TUXEDO PARK,B1588,"George F. Baker Hs Po Box 2002, 1 Tornado Drive Tuxedo Park",0.76626825
A3760,WOODHULL SCHOOL PO BOX 428 OCEAN BEACH,B5402,Woodhull Intermediate School 140 Woodhull Rd Huntington,0.7656016
A2242,BOLTON CENTRAL SCHOOL PO BOX 120 BOLTON LANDING,B440,Bolton Central Elem & High Sch 26 Horicon Ave Bolton Landing,0.7634839
A1212,HECTOR FIGUEROA SCHOOL (THE) 69-01 34TH AVE WOODSIDE,B4933,The Woodside Community School 39-07 57th Street Queens,0.763276
A3790,PHOENICIA ELEMENTARY SCHOOL PO BOX 300 BOICEVILLE,B355,Bennett Elem School 4166 Rte 28 Boiceville,0.76321477
A4390,ROBERT CUSHMAN MURPHY JUNIOR HIGH SCHOOL PO BOX 9050 EAST SETAUKET,B1485,Fp Donnelly Elementary School Po Box 250 Conklin,0.76268655
A4821,ONEIDA-HERKIMER-MADISON BOCES PO BOX 70 NEW HARTFORD,B2616,Madison-Oneida Boces 4937 Spring Road Po Box 168 Verona,0.7623317
A4664,WEST PARK SCHOOL PO BOX 10 WEST PARK,B3934,Park Avenue School 955 Park Avenue Westbury,0.76173246
A2042,CLARKE MIDDLE SCHOOL PO BOX 10 ADAMS,B1252,Edward J Arthur Elementary Sch 51 3rd St Athens,0.7613975
A2496,THOUSAND ISLANDS MIDDLE SCHOOL PO BOX 1000 CLAYTON,B4446,Sea Cliff Elementary School 280 Carpenter Ave Sea Cliff,0.7606784
A1531,S.T.A.R. LEADERSHIP ACADEMY 150-15 RALEIGH ST RICHMOND HILL,B4648,"St Hope Leadership Academy 222 West 134th Street, Room 311 New York",0.76048845
A3574,DENZEL WASHINGTON SCHOOL-ARTS 121 S 6TH AVE MOUNT VERNON,B5192,Washington Heights Academy 202 Sherman Ave Manhattan,0.7598187
A723,ESMT-IS 190 1550 CROTONA PARK E BRONX,B1347,Emolior Academy 1970 West Farms Road Bronx,0.759774
A4470,PS 2 470 10TH ST TROY,B4106,Ps 5 Port Morris 564 Jackson Avenue Bronx,0.75971395
A2225,GILBERTSVILLE-MOUNT UPTON JUNIOR-SENIOR HIGH SCHOOL PO BOX 356 GILBERTSVILLE,B1609,Gilbertsville-Mount Upton E S 693 New York 51 Gilbertsville,0.75970554
A3535,MONTAUK SCHOOL 50 S DORSET DR MONTAUK,B1820,Hastings Mallory Elem School 93 Barker Rd Central Square,0.7596282
A2451,CHATEAUGAY ELEMENTARY SCHOOL PO BOX 904 CHATEAUGAY,B4317,Royal-Hartland Elementary School 4500 Orchard Pl Gasport,0.7593546
A1476,PS 47 CHRIS GALAS 9 POWER RD BROAD CHANNEL,B3330,P.S. 047 Chris Galas 9 Power Road Broad Channel,0.7593347
A2830,BROWNVILLE SCHOOL PO BOX 10 BROWNVILLE,B617,Brownsville South Elementary School 985 Rockaway Ave Brooklyn,0.75874144
A1090,JHS 190 RUSSELL SAGE 68-17 AUSTIN ST FOREST HILLS,B2195,J.H.S. 190 Russell Sage 68-17 Austin Street Queens,0.7585815
A260,LOCKE SCHOOL OF ARTS AND ENGINEERING (THE) 20 W 112TH ST NEW YORK,B4746,Stem Institute Of Manhattan 240 West  113 Street Manhattan,0.7585795
A2595,PIONEER MIDDLE SCHOOL PO BOX 619 YORKSHIRE,B4034,Pioneer Shs 12125 County Line Road Yorkshire,0.7583709
A261,RIVERSIDE SCHOOL FOR MAKERS AND ARTISTS (THE) 300 W 61ST ST NEW YORK,B182,Art And Design High School 439 W 49th St New York,0.758212
A2296,EMERSON SCHOOL OF HOSPITALITY 70 W CHIPPEWA ST BUFFALO,B1358,Erie 1 Boces Edge Academy 1635 E Delavan Ave Buffalo,0.757501
A1517,ROBERT H GODDARD HS-COMM/TECH 138-30 LAFAYETTE ST OZONE PARK,B4255,Robert H. Goddard High School Of Communication Arts And Technology 138-30 Lafayette Street Queens,0.7572006
A590,PS 360 2880 KINGSBRIDGE TER BRONX,B4111,Ps 936 270 59th Street Brooklyn,0.7571679
A3412,WILLIAM APPLEBY ELEMENTARY SCHOOL PO BOX 339 MARATHON,B4317,Royal-Hartland Elementary School 4500 Orchard Pl Gasport,0.7570289
A1924,SUCCESS ACADEMY CHARTER SCHOOL - ROSEDALE 147-65 249TH ST ROSEDALE,B4632,St Clare Catholic Academy 137-25 Brookville Blvd Rosedale,0.75702685
A994,IS 93 RIDGEWOOD 66-56 FOREST AVE RIDGEWOOD,B3386,P.S. 071 Forest 62-85 Forest Ave Ridgewood,0.7567691
A1167,PS 11 KATHRYN PHELAN 54-25 SKILLMAN AVE WOODSIDE,B3230,P.S. 011 Kathryn Phelan 54-25 Skillman Avenue Queens,0.7566479
A1786,SUNMOUNT DEVELOPMENTAL CENTER 2445 STATE RT 30 TUPPER LAKE,B1171,Early Childhood Program 475 West Hartsdale Avenue Hartsdale,0.75601363
A996,PS/IS 113 ANTHONY J PRANZO 78-23 87TH ST GLENDALE,B2048,I.S. 119 The Glendale 74-01 78 Avenue Queens,0.7558277
A2981,PURCHASE SCHOOL 2995 PURCHASE ST PURCHASE,B4126,Purchase Elementary School 2995 Purchase Street Purchase,0.75581867
A4029,SCHOOL 8-ROBERTO CLEMENTE 1180 ST PAUL ST ROCHESTER,B3857,P.S. M811 - Mickey Mantle School 466 West End Avenue Manhattan,0.7556521
A2036,ACHIEVEMENT FIRST LEGACY CHARTER SCHOOL 118-49 MONTAUK ST SAINT ALBANS,B2996,Next Generation Charter School 1460 Sheridan Expy Bronx,0.7556382
A993,PS 91 RICHARD ARKWRIGHT 68-10 CENTRAL AVE GLENDALE,B2048,I.S. 119 The Glendale 74-01 78 Avenue Queens,0.75561184
A2739,LINNAEUS W WEST SCHOOL 1201 UNION CENTER MAIN HWY ENDICOTT,B4952,Thomas Watson Elementary Sch 263 Ridgefield Rd Endicott,0.75552535
A3838,PARISHVILLE-HOPKINTON ELEMENTARY SCHOOL PO BOX 187 PARISHVILLE,B288,Bay Elementary School 114 Bay Ave Patchogue,0.7550521
A588,IS 254 2452 WASHINGTON AVE BRONX,B2068,I.S. 254 2452 Washington Ave Bronx,0.75477105
A1689,IS 96 SETH LOW 99 AVE P BROOKLYN,B2046,I.S. 096 Seth Low 99 Avenue P Brooklyn,0.7545675
A3060,HOMER SENIOR HIGH SCHOOL PO BOX 500 HOMER,B1977,Homer Elementary School 9 Central Park Pl Homer,0.7542907
A4856,NURSES MIDDLE COLLEGE CHARTER HIGH SCHOOL-CAPITAL REGION 199 WASHINGTON AVE RENSSELAER,B4200,Rensselaer City Schools 25 Van Rensselaer Dr Rensselaer,0.7537658
A2486,CINCINNATUS MIDDLE SCHOOL 2809 CINCINNATUS RD CINCINNATUS,B985,Corinth Middle School 105 Oak St Corinth,0.753624
A1174,PS 92 HARRY T STEWART SR 99-01 34TH AVE CORONA,B3420,P.S. 092 Harry T. Stewart Sr. 99.01 34 Avenue Queens,0.75279415
A1181,IS 145 JOSEPH PULITZER 33-34 80TH ST JACKSON HEIGHTS,B2052,I.S. 145 Joseph Pulitzer 33-34 80 Street Queens,0.7527752
A3629,NEW SUFFOLK SCHOOL PO BOX 0111 NEW SUFFOLK,B1312,Elementary School 46 250 Newcastle Rd Rochester,0.75201714
A998,IS 125 THOMAS J MCCANN WOODSIDE 46-02 47TH AVE WOODSIDE,B2049,I.S. 125 Thom J. Mccann Woodside 46-02 47 Avenue Queens,0.75192416
A1706,IS 228 DAVID A BOODY 228 AVE S BROOKLYN,B2061,I.S. 228 David A. Boody 228 Avenue S Brooklyn,0.7513715
A182,HIGH SCHOOL FOR CLIMATE JUSTICE (THE) 320 E 96TH ST NEW YORK,B1898,High School For Environmental Studies 444  West 56th Street Manhattan,0.7511622
A2450,CHATEAUGAY HIGH SCHOOL PO BOX 904 CHATEAUGAY,B1658,Gouverneur High School 113 E Barney St Gouverneur,0.7504408
A983,PS 19 MARINO JEANTET 44-10 99TH ST CORONA,B3252,P.S. 019 Marino Jeantet 9802 Roosevelt Ave Corona,0.7503244
A3389,FRANKLIN ACADEMY HIGH SCHOOL 42 HUSKIE LN MALONE,B1497,Franklin Academy High School 54 State St Malone,0.7497215
A150,PS 1 ALFRED E SMITH 8 HENRY ST NEW YORK,B3581,P.S. 163 Alfred E. Smith 163 W 97th St Manhattan,0.7494675
A4782,SCHOOL 30 30 NEVADA PL YONKERS,B1302,Elementary School 30 30 Nevada Pl Bronxville,0.7494166
A982,PS 14 FAIRVIEW 107-01 OTIS AVE CORONA,B4105,Ps 390 56-10 214 Street Queens,0.748858
A1117,MATH/SCIENCE RESEARCH/TECH MAGNET 207-01 116TH AVE CAMBRIA HEIGHTS,B2622,"Magnet School Of Math, Science And Design Technology 511 7th Ave Brooklyn",0.74878573
A4028,SCHOOL 7-VIRGIL GRISSOM 31 BRYAN ST ROCHESTER,B1280,Elementary School 07 31 Bryan St Rochester,0.74838287
A3839,PARISHVILLE-HOPKINTON JUNIOR-SENIOR HIGH SCHOOL PO BOX 187 PARISHVILLE,B3929,Parishville-Hopkinton Es/Jshs 12 County Route 47 Parishville,0.7483367
A3061,HOMER JUNIOR HIGH SCHOOL PO BOX 500 HOMER,B1977,Homer Elementary School 9 Central Park Pl Homer,0.74766433
A4822,ONONDAGA-CORTLAND-MADISON BOCES PO BOX 4754 SYRACUSE,B2616,Madison-Oneida Boces 4937 Spring Road Po Box 168 Verona,0.7475524
A777,RESTORATION ACADEMY 31 NEW YORK AVE BROOKLYN,B4206,Restart Academy 455 Southern Blvd Bronx,0.7474211
A1180,IS 141 STEINWAY (THE) 37-11 21ST AVE LONG ISLAND CITY,B2051,I.S. 141 The Steinway 37-11 21 Avenue Queens,0.7468251
A14,CHERRY VALLEY-SPRINGFIELD CENTRAL SCHOOL PO BOX 485 CHERRY VALLEY,B5097,Valley Elementary School 5736 County Road 119 Cameron Mills,0.74547184
A2087,AMAGANSETT SCHOOL PO BOX 7062 AMAGANSETT,B140,Amani Public Charter School 60 S.Third Ave. Mt Vernon,0.74537814
A3111,ICHABOD CRANE ELEMENTARY SCHOOL PO BOX 820 VALATIE,B1049,David B Crane Elementary Sch 85 Shell Edge Dr Rochester,0.7445175
A2341,ERIE COUNTY HOLDING CENTER 10 DELAWARE AVE BUFFALO,B1363,Erie County Nys Arc 777 Maryvale Dr Cheektowaga,0.7441951
A3212,CHARLES A LINDBERGH ELEMENTARY SCHOOL 184 IRVING TER BUFFALO,B5410,Woodrow Wilson Elem School 166 Halstead Ave Buffalo,0.7441648
A1926,SUCCESS ACADEMY CHARTER SCHOOL - SPRINGFIELD GARDENS 132-55 RIDGEDALE ST-3RD FL SPRINGFIELD GARDENS,B4297,Roosevelt Children'S Academy Charter School - Pleasant 105 Pleasant Avenue Roosevelt,0.74381864
A512,IS 339 1600 WEBSTER AVE BRONX,B2075,I.S. 339 1600 Webster Ave Bronx,0.7436689
A4816,GENESEE VALLEY BOCES 80 MUNSON ST LE ROY,B4755,Stockbridge Valley Central Sch 6011 Williams Road Munnsville,0.7430565
A186,PS/IS 217 ROOSEVELT ISLAND 645 MAIN ST ROOSEVELT ISLAND,B3894,P.S./I.S. 217 Roosevelt Island 645 Main Street Manhattan,0.7427649
A966,IS 347 SCHOOL OF HUMANITIES 35 STARR ST BROOKLYN,B2077,I.S. 347 School Of Humanities 35 Starr Street Brooklyn,0.7426784
A4175,SAUGERTIES JUNIOR HIGH SCHOOL CALL BOX A SAUGERTIES,B4379,Saugerties Jr-Sr High School 310 Washington Ave Extension Saugerties,0.7423077
A4036,SCHOOL 25-NATHANIEL HAWTHORNE 190 REYNOLDS ST ROCHESTER,B2178,J.H.S. 074 Nathaniel Hawthorne 61-15 Oceania St Queens,0.74208754
A999,PS 128 LORRAINE TUZZO-JUNIPER VALLEY 69-10 65TH DR MIDDLE VILLAGE,B3482,P.S. 118 Lorraine Hansberry 69-10 65th Dr Middle Village,0.7419926
A2323,HIGHGATE HEIGHTS 600 HIGHGATE AVE BUFFALO,B5262,West Es 1397 Orchard Park Rd Buffalo,0.7413754
A4025,DR. ALICE HOLLOWAY YOUNG SCHOOL OF EXCELLENCE 85 ADAMS ST ROCHESTER,B54,Academy Of Health Sciences Charter School 1151 Ridgeway Ave. Rochester,0.7409143
A887,IS 340 227 STERLING PL BROOKLYN,B2076,I.S. 340 227 Sterling Place Brooklyn,0.7408363
A789,BRIDGES:  A SCHOOL FOR EXPLORATION AND EQUITY 29 6 AVE BROOKLYN,B1387,"Explore Empower Charter School 188 Rochester Ave, 5th Floor Brooklyn",0.7405424
A4179,SAUGERTIES SENIOR HIGH SCHOOL CALL BOX A SAUGERTIES,B4379,Saugerties Jr-Sr High School 310 Washington Ave Extension Saugerties,0.7402581
A1474,PS/MS 42 R VERNAM 488 BEACH 66TH ST ARVERNE,B4104,Ps 377 150-15 Raleigh Street Queens,0.7396483
A1047,PS 133 THE BELLEROSE SCHOOL OF EXCELLENCE 248-05 86TH AVE BELLEROSE,B4120,Ps/Ms 200 - The Pomonok School & Star Academy 70-10 164 Street Queens,0.73940074
A3002,FIELDSTONE MIDDLE SCHOOL 100 FIELDSTONE DR THIELLS,B1423,Fieldstone Middle School 100 Fieldstone Drive Thiells,0.73871344
A4812,OTSEGO-DELAWARE-SCHOHARIE-GREENE BOCES 2020 JUMP BROOK RD-PO BOX 382 GRAND GORGE,B1064,"Delaware Opps - Deposit Head Start - 3743 Columbia Lake Rd - Deposit P.O. Box 1, 3743 Columbia Lake",0.7383549
A4550,WAINSCOTT SCHOOL PO BOX 79 WAINSCOTT,B5198,Washington Primary School 78 Whitson Rd Huntington Sta,0.73767674
A2520,COMMACK HIGH SCHOOL PO BOX 150 COMMACK,B944,Commack Road Elementary School 300 Commack Rd Islip,0.7366138
A2103,ANDES CENTRAL SCHOOL PO BOX 248 ANDES,B4005,Peru Elementary School 116 Pleasant Avenue Peru,0.73562646
A4153,WARRIOR ACADEMY 50 IROQUOIS DR SALAMANCA,B4347,Salamanca High School 50 Iroquois Dr Salamanca,0.73515743
A992,PS 89 JOSE PERALTA SCHOOL OF DREAMERS (THE) 85-28 BRITTON AVE ELMHURST,B3817,P.S. 65 - The Raymond York Elementary School 103-22 99 Street Queens,0.73470706
A1616,PS 256 525 CONVENT RD SYOSSET,B3867,P.S. Q256 525 Convent Road Syosset,0.7337744
A2203,BELLEVILLE HENDERSON CENTRAL SCHOOL 8372 COUNTY RT 75 ADAMS,B335,Belleville-Henderson Cent Sch 8372 Co Rt 75 Belleville,0.7337132
A4833,EASTERN SUFFOLK BOCES 201 SUNRISE HWY PATCHOGUE,B1036,Cutchogue East Elem Sch 34900 Main Rd Mattituck,0.7336143
A2495,THOUSAND ISLANDS HIGH SCHOOL PO BOX 1000 CLAYTON,B4446,Sea Cliff Elementary School 280 Carpenter Ave Sea Cliff,0.7331887
A1163,ATLAS 28-01 41ST AVE LONG ISLAND CITY,B1776,Harbor Heights 306 Fort Washington Avenue Manhattan,0.7331802
A1540,GREATER BINGHAMTON HEALTH CENTER 425 ROBINSON ST BINGHAMTON,B1248,Education Center 435 Glenwood Road Binghamton,0.73284024
A761,PS 54 DETECTIVE RAFAEL RAMOS 195 SANDFORD ST BROOKLYN,B3485,P.S. 120 Carlos Tapia 18 Beaver Street Brooklyn,0.7307841
A1118,HEALTH ARTS ROBOTICS AND TECHNOLOGY HIGH SCHOOL 207-01 116TH AVE CAMBRIA HEIGHTS,B1831,Health Opportunities High School 350 Gerard Ave Bronx,0.7305075
A1162,PS 360 199-10 112TH AVE SAINT ALBANS,B4105,Ps 390 56-10 214 Street Queens,0.730495
A1176,PS 112 DUTCH KILLS 25-05 37TH AVE LONG ISLAND CITY,B3472,P.S. 112 Dutch Kills 25-05 37 Avenue Queens,0.7296057
A4820,NASSAU BOCES PO BOX 9195 GARDEN CITY,B800,Ceo - Shodack Frc - 24 New Rd - Nassau 24 New Road Nassau,0.728897
A2318,PS 64 FREDERICK LAW OLMSTED 874 AMHERST ST BUFFALO,B3652,P.S. 199 Frederick Wachtel 1100 Elm Avenue Brooklyn,0.7286428
A4808,DUTCHESS BOCES 5 BOCES RD POUGHKEEPSIE,B4131,Putnam Westchester Boces 200 Boces Drive Yorktown Heights,0.7278824
A1085,PS 144 COL JEROMUS REMSEN 69-20 JUNO ST FOREST HILLS,B3534,P.S. 144 Col Jeromus Remsen 93-02 69 Avenue Queens,0.726408
A3751,DALTON-NUNDA SECONDARY SCHOOL PO BOX 517 NUNDA,B735,Caryl Adams Primary School 24 Keibel Road Whitney Point,0.726267
A4026,SCHOOL 4-GEORGE MATHER FORBES 198 DR  SAMUEL MCCREE WAY ROCHESTER,B1310,Elementary School 43 1305 Lyell Ave Rochester,0.7258407
A1759,IS 381 2500 NOSTRAND AVE BROOKLYN,B2030,I. S. 381 1599 East 22 Street Brooklyn,0.7249804
A4803,BROOME-DELAWARE-TIOGA BOCES 435 GLENWOOD RD BINGHAMTON,B1248,Education Center 435 Glenwood Road Binghamton,0.723627
A1558,FINGER LAKES RESIDENTIAL CENTER 250 AUBURN RD LANSING,B1427,Finger Lakes Area Voc Center 3501 County Road 20 Stanley,0.723552
A4554,JOHN G BORDEN MIDDLE SCHOOL PO BOX 310 WALLKILL,B2283,John H West Elementary School 499 Boundary Avenue Bethpage,0.72320807
A4807,DELAWARE-CHENANGO-MADISON-OTSEGO BOCES 6678 COUNTY RD 32 NORWICH,B838,Chenango Area Educational Ctr 6678 County Road 32 Norwich,0.7228553
A1111,JERMAINE L GREEN STEM INSTITUTE OF QUEENS (THE) 126-10 BEDELL ST JAMAICA,B5446,Yeshiva Rlkti Primary 8011 210 St Jamaica,0.7216899
A1407,IS 392 104 SUTTER AVE BROOKLYN,B2080,I.S. 392 104 Sutter Avenue Brooklyn,0.7216868
A2539,COPENHAGEN CENTRAL SCHOOL PO BOX 30 COPENHAGEN,B978,Copenhagen Central School Mechanic Street Copenhagen,0.720457
A3112,ICHABOD CRANE SENIOR HIGH SCHOOL PO BOX 820 VALATIE,B1049,David B Crane Elementary Sch 85 Shell Edge Dr Rochester,0.7197914
A2348,BUFFALO SCHOOL OF CULINARY ARTS AND HOSPITALITY MANAGEMENT 75 W HURON ST BUFFALO,B1921,High School Of Hospitality Management 525 West 50th Street Manhattan,0.71936643
A405,PS 43 JONAS BRONCK 165 BROWN PL BRONX,B3318,P.S. 043 Jonas Bronck 165 Brown Place Bronx,0.7182566
A2517,GOOSEHILL PRIMARY CENTER 75 GOOSE HILL RD COLD SPRING HARBOR,B1651,Goosehill Primary School 75 Goose Hill Rd Cold Spg Hbr,0.7182151
A4090,CLOUGH PREK CENTER 409 BELL RD ROME,B4289,Rome Clough Early Childhood Program 409 Bell Rd S Rome,0.7164714
A4176,CAHILL SCHOOL CALL BOX A SAUGERTIES,B656,Cahill Elementary School 134 Main Street Saugerties,0.71556085
A1166,IS 10 HORACE GREELEY 45-11 31ST AVE LONG ISLAND CITY,B2031,I.S.  010 Horace Greeley 45-11 31st Ave Queens,0.71551293
A3110,ICHABOD CRANE MIDDLE SCHOOL PO BOX 820 VALATIE,B1049,David B Crane Elementary Sch 85 Shell Edge Dr Rochester,0.71472895
A238,URBAN ASSEMBLY-EARLY COLL HS EMER MD 411 PEARL ST NEW YORK,B5055,Urban Assembly Maker Academy 411 Pearl Street New York,0.7143852
A985,IS 61 LEONARDO DA VINCI 98-50 50TH AVE CORONA,B2039,I.S. 061 Leonardo Da Vinci 98-50 50th Ave Queens,0.71411717
A1195,IS 230 73-10 34TH AVE JACKSON HEIGHTS,B1558,Garden Prek 33-16 79th Street Jackson Heights,0.71290827
A1076,PS 80 THURGOOD MARSHALL MAGNET SCHOOL OF MULTIMEDIA (THE) 171-05 137TH AVE JAMAICA,B1938,Hillside Arts & Letters Academy 167-01 Gothic Drive Jamaica,0.7121982
A4466,TOWN OF WEBB SCHOOL PO BOX 38 OLD FORGE,B1561,Gardner Road Elementary School 541 Gardner Rd Horseheads,0.71003103
A3185,JEFFREY RATNER-ROBERT SEAMAN ELEMENTARY SCHOOL 137 LEAHY ST JERICHO,B3007,Norman S Levy-Lakeside Elementary School Merrick And Babylon Rds Merrick,0.70759755
A4489,GEORGE GRANT MASON ELEMENTARY SCHOOL BOX 2002 TUXEDO PARK,B2747,Meco Elementary School Rr 3 Box 40 Gloversville,0.7071573
A4149,SAGAPONACK SCHOOL PO BOX 1500 SAGAPONACK,B5437,Yeshiva Avir Yakov Po Box 840 Spring Valley,0.70711005
A990,PS/IS 87 MIDDLE VILLAGE 67-54 80TH ST MIDDLE VILLAGE,B4115,Ps/Is 268 92-07 175 Street Queens,0.7048089
A1079,PS 99 KEW GARDENS 82-37 KEW GARDENS RD KEW GARDENS,B4105,Ps 390 56-10 214 Street Queens,0.70451087
A1031,ROSE M SINGER CENTER 19-19 HAZEN ST EAST ELMHURST,B4304,Rose Hill Pre K Center 2512 Marion Ave Bronx,0.7043399
A4831,SAINT LAWRENCE-LEWIS BOCES PO BOX 231 CANTON,B3741,P.S. 276 Louis Marshall 1070 East 83 Street Brooklyn,0.70426613
A2351,ERIE COUNTY DETENTION FACILITY 768 E FERRY ST BUFFALO,B1363,Erie County Nys Arc 777 Maryvale Dr Cheektowaga,0.7018873
A1554,BROOKWOOD SECURE CENTER FOR GIRLS PO BOX 265 CLAVERACK,B4342,Safe Haven #2 1117 Fulton Bronx,0.7000222
A1559,BROOKWOOD SECURE CENTER FOR YOUTH PO BOX 265 CLAVERACK,B129,All My Childrens Childcare 35-01 24th Street Long Island City,0.6989133
A1242,IS 27 ANNING S PRALL 11 CLOVE LAKE PL STATEN ISLAND,B2035,I.S. 027 Anning S. Prall 11 Clove Lake Pl Staten Island,0.69497424
A4835,SULLIVAN BOCES 15 SULLIVAN AVE-STE 1W LIBERTY,B3019,North Jefferson 320 W Lynde St Watertown,0.69138896
A1541,SAGAMORE CHILDREN'S PSYCHIATRIC CENTER 197 HALF HOLLOW RD DIX HILLS,B1092,Dichiaro Early Childhood Sch 373 Bronxville Rd Bronxville,0.6913115
A4806,CLINTON-ESSEX-WARREN-WASHINGTON BOCES PO BOX 455 PLATTSBURGH,B2616,Madison-Oneida Boces 4937 Spring Road Po Box 168 Verona,0.69017684
A4823,ONTARIO-SENECA-YATES-CAYUGA-WAYNE BOCES 131 DRUMLIN CT NEWARK,B5235,Wayne Central Middle School 6076 Ontario Center Road Ontario Center,0.68966216
A1546,WESTERN PSYCHIATRIC CENTER 1010 EAST & WEST RD WEST SENECA,B4580,Southern Adirondack Center 1051 Dix Ave Hudson Falls,0.6894808
A1426,IS 25 ADRIEN BLOCK 34-65 192ND ST FLUSHING,B2034,I.S. 025 Adrien Block 34-65 192nd St Queens,0.6854221
A2814,GANANDA MIDDLE SCHOOL 1500 DAYSPRING RIDGE WALWORTH,B5352,William H. Golding Middle School Washington Heights Cobleskill,0.6840019
A4811,FRANKLIN-ESSEX-HAMILTON BOCES PO BOX 28 MALONE,B3352,P.S. 055 Benjamin Franklin 450 Saint Pauls Pl Bronx,0.68316007
A1548,HUTCHINGS CHILD & YOUTH SERVICES 430 IRVING AVE SYRACUSE,B4262,Roberts Pre-K-8 School 715 Glenwood Ave Syracuse,0.6823557
A4834,WESTERN SUFFOLK BOCES PO BOX 8007 DIX HILLS,B3353,P.S. 055 Henry M. Boehm 54 Osborne St Staten Island,0.6816979
A432,IS 584 600 ST ANN'S AVE BRONX,B3454,P.S. 106 Parkchester 2120 Saint Raymonds Ave Bronx,0.67914695
A2065,CAP DIST JUVENILE SECURE DETENTION 838 ALBANY SHAKER RD ALBANY,B100,Albany Cap - Nathan Lebron Early Childhood Ed Center - 170 Ontario Street - Albany 170 Ontario Stree,0.6785207
A1545,SOUTH BEACH PSYCHIATRIC CENTER 777 SEAVIEW AVE STATEN ISLAND,B4110,Ps 78 100 Tompkins Ave Staten Island,0.67813337
A1427,IS 237 46-21 COLDEN ST FLUSHING,B2065,I.S. 237 46-21 Colden St Queens,0.6770323
A1484,PS 97 FOREST PARK 85-52 85TH ST WOODHAVEN,B4106,Ps 5 Port Morris 564 Jackson Avenue Bronx,0.6760047
A1560,HARRIET TUBMAN RESIDENTIAL CENTER 6706 PINE RIDGE RD AUBURN,B1802,Harriet Tubman Charter School 3565 3rd Ave Bronx,0.67449886
A1552,MACCORMICK SECURE CENTER 300 SOUTH RD BROOKTONDALE,B708,Capc Watertown 518 Davidson Street Watertown,0.67420864
A2314,DR GEORGE BLACKMAN ECC 2358 MAIN ST BUFFALO,B4071,Potters Road Occupational Ctr 705 Potters Rd Buffalo,0.66642493
A1551,HIGHLAND RESIDENTIAL CENTER PO BOX 970 HIGHLAND,B3350,P.S. 054 Hillside 86-02 127 Street Queens,0.6663349
A2991,BRETTON WOODS ELEMENTARY SCHOOL PO BOX 6006 HAUPPAUGE,B1277,Elementary School 05 555 Plymouth Ave N Rochester,0.66029793
A1233,PS 16 JOHN J DRISCOLL 195 DANIEL LOW TER STATEN ISLAND,B3823,P.S. 74 Future Leaders Elementary School 211 Daniel Low Terrace Staten Island,0.65909827
A4837,ULSTER BOCES 175 RTE 32 N NEW PALTZ,B1701,Green Vale School 250 Valentines Ln Glen Head,0.658332
A629,ENGLISH LANGUAGE LEARNERS-INTER SUPP 99 TERRACE VIEW AVE BRONX,B1351,English Language Learners And International Support Preparatory Academy (Ellis) 99 Terrace View Aven,0.6582274
A1044,PS 94 DAVID D PORTER 41-77 LITTLE NECK PKWY LITTLE NECK,B3424,P.S. 094 David D. Porter 41-77 Little Neck Pkwy Queen,0.6575581
A1994,MOUNTAIN VIEW CAMPUS PO BOX 158 ELIZABETHTOWN,B5437,Yeshiva Avir Yakov Po Box 840 Spring Valley,0.6561917
A2352,RESEARCH LABORATORY HS-BIOINFORMATIC 2495 MAIN ST BUFFALO,B3825,P.S. 75 School Of Research And Discovery 984 Faile St Bronx,0.655082
A2333,PFC WILLIAM J GRABIARZ #79 225 LAWN AVE BUFFALO,B3335,P.S. 048 William C. Wilcox 1055 Targee St Staten Island,0.65446484
A1995,LAKE VIEW CAMPUS PO BOX 408 WESTPORT,B4597,Special Services - Rye Lake Campus 1606 Old Orchard Street White Plains,0.653118
A1543,ROCKLAND CHILDREN'S PSYCHIATRIC CENTER 2 FIRST AVE-BLDG 129 ORANGEBURG,B860,Childrens Readiness Center At Endo 500 Endo Blvd. Garden City,0.6522999
A1553,GOSHEN SECURE CENTER PO BOX 2020 GOSHEN,B447,Bovl - Special Ed - Goshen Main Street 227 Main St Goshen,0.6509368
A1001,PS 153 MASPETH ELEMENTARY 60-02 60TH LN MASPETH,B3558,P.S. 153 Maspeth Elem 60-02 60 Lane Maspeth,0.65013546
A2304,DR A PANTOJA COMM SCH EXCLLNCE -#18 750 WEST AVE BUFFALO,B3214,P.S. 005 Dr. Ronald Mcnair 820 Hancock St Brooklyn,0.64712316
A2305,NATIVE AMERICAN MAGNET 97 W DELAVAN AVE BUFFALO,B5262,West Es 1397 Orchard Park Rd Buffalo,0.64627147
A1026,PS 110 43-18 97TH PL CORONA,B4105,Ps 390 56-10 214 Street Queens,0.64522797
A1542,MOHAWK VALLEY PSYCHIATRIC CENTER FOR CHILDREN & YOUTH 1400 NOYES ST UTICA,B4342,Safe Haven #2 1117 Fulton Bronx,0.64332527
A4684,NASSAU CO JUVENILE DETENTION CENTER 61 CARMAN AVE WESTBURY,B2298,John Street Elementary School 560 Nassau Blvd Frankln Square,0.63578814
A2201,CLINTON COUNTY SHERIFFS DEPARTMENT 137 MARGARET ST PLATTSBURGH,B1363,Erie County Nys Arc 777 Maryvale Dr Cheektowaga,0.6346809
A380,MS 319 MARIE TERESA 21 JUMEL PL NEW YORK,B4118,Ps/Ms 147 Ronald Mcnair 218-01 116 Avenue Queens,0.634106
A4178,RICCARDI ELEMENTARY SCHOOL CALL BOX A SAUGERTIES,B815,Charles M. Riccardi Elementary School 70 Plenty Street Glasco,0.63035613
A3823,TIOGA COUNTY JAIL 103 CORPORATE DR OWEGO,B1363,Erie County Nys Arc 777 Maryvale Dr Cheektowaga,0.6301941
A3415,K C HEFFERNAN ELEMENTARY SCHOOL 2 LEARNERS LNDG MARCELLUS,B2609,M.V. Elementary & Intermediate School 2320 Route 6 Slate Hill,0.6283036
A4476,RENSSELAER COUNTY JAIL 4000 MAIN ST TROY,B4201,Rensselaer Park Elem School 70 110th St Troy,0.6281831
A1539,NYS DEPT OF CORRECTIONS PLACEMENT STATE CAMPUS BLDG 2 ALBANY,B385,Big Apple Institute Iv/Edcuation Center 2937 86 St Brooklyn,0.627136
A1557,TABERG RESIDENTIAL CENTER 10011 FLORENCE-TABERG RD TABERG,B5395,Winthrop Ave. Primary Center 580 Winthrop Ave Bellmore,0.62394285
A1544,ELMIRA PSYCHIATRIC CENTER 100 WASHINGTON ST ELMIRA,B1333,Elmira High School 777 S Main St Elmira,0.6220732
A1975,EXPLORATION ELE CS - SCIENCE-TECHNOL 1001 LAKE AVE ROCHESTER,B2684,Marie Curie Institute Of Engineering And Communications 9 Brice St Amsterdam,0.6215427
A3603,ROCKLAND COUNTY SHERIFFS DEPARTMENT 53 NEW HEMPSTEAD RD NEW CITY,B1363,Erie County Nys Arc 777 Maryvale Dr Cheektowaga,0.6159117
A2316,PS 59 DR CHARLES DREW SCIENCE MAGNET 1 MLK PARK BUFFALO,B4107,Ps 503: The School Of Discovery 330 59 Street Brooklyn,0.615087
A4060,MONROE CORRECTIONAL FACILITY 705 EAST HENRIETTA RD ROCHESTER,B2827,Monroe Middle School 164 Alexander St Rochester,0.6135108
A4445,ONONDAGA CNTY SHERIFF'S DEPT P O BOX 11-194 ALBANY,B3656,P.S. 20 P.O.George J. Werdan Iii 149 East Mosholu Parkway Bronx,0.61335987
A2102,WILLIAM H BARKLEY MICROSOCIETY 66 DESTEFANO ST AMSTERDAM,B2684,Marie Curie Institute Of Engineering And Communications 9 Brice St Amsterdam,0.6128895
A2392,ST LAWRENCE CORRECTIONAL FACILITY 17 COMMERCE LANE CANTON,B2016,Hugh G. Williams 99 State St Canton,0.604653
A2295,DR LYDIA T WRIGHT SCH OF EXCELLENCE 106 APPENHEIMER ST BUFFALO,B3758,P.S. 298 Dr. Betty Shabazz 85 Watkins St Brooklyn,0.59930724
A3485,UNITY DRIVE KINDERGARTEN-PRE K CENTER 11 UNITY DR CENTEREACH,B2343,Kindergarten Center 111 Atlantic Ave Lynbrook,0.59865344
A1547,SAINT LAWRENCE PSYCHIATRIC CENTER CHILDREN & YOUTH SERVICES 1 CHIMNEY POINT DR OGDENSBURG,B3105,Ogdensburg Free Acad High Sch 1100 State St Ogdensburg,0.5985765
A3344,NIAGARA COUNTY JAIL 5526 NIAGARA ST EXT LOCKPORT,B1363,Erie County Nys Arc 777 Maryvale Dr Cheektowaga,0.59635437
A3092,WASHINGTON CO CORRECTIONAL FACILITY 399 BROADWAY FORT EDWARD,B705,Capc Adams 13180 Us Route 11 Adams Center,0.59149325
A4832,SCHUYLER-STEUBEN-CHEMUNG-TIOGA-ALLEGANY BOCES 9579 VOCATIONAL DR PAINTED POST,B989,Corning-Painted Post High School 201 Cantigny St Corning,0.59144986
A2663,COUNTY OF NASSAU/CORRECTIONAL CENTER CARMAN AVE EAST MEADOW,B1202,East Meadow High School 101 Carman Ave East Meadow,0.5898279
A2405,PUTNAM COUNTY CORRECTIONAL FACILITY THREE COUNTY CTR CARMEL,B4131,Putnam Westchester Boces 200 Boces Drive Yorktown Heights,0.5882312
A59,CHAUTAUQUA COUNTY JAIL PO BOX 128 MAYVILLE,B831,Chautauqua Lake Secondary School 100 N Erie St Mayville,0.5877328
A56,ALLEGANY CO SHERIFF C/O TREASURER COURT HOUSE BELMONT,B1363,Erie County Nys Arc 777 Maryvale Dr Cheektowaga,0.58727396
A4838,WASHINGTON-SARATOGA-WARREN-HAMILTON-ESSEX BOCES 10 LACROSS ST-STE 6 HUDSON FALLS,B101,Albany Cap - Ogden Mills - One Ogden Plaza - Cohoes One Ogden Plaza Cohoes,0.5828917
A71,CATTARAUGUS COUNTY JAIL 301 COURT ST LITTLE VALLEY,B1363,Erie County Nys Arc 777 Maryvale Dr Cheektowaga,0.5811261
A4019,SUFFOLK COUNTY SHERIFFS OFFICE 1 CENTER DR RIVERHEAD,B1363,Erie County Nys Arc 777 Maryvale Dr Cheektowaga,0.5750866
A4583,WYOMING COUNTY JAIL 151 N MAIN ST WARSAW,B1363,Erie County Nys Arc 777 Maryvale Dr Cheektowaga,0.57275283
A4177,MORSE SCHOOL CALL BOX A SAUGERTIES,B2850,Morse Elementary School 70 Harry Wells Rd Saugerties,0.56701994
A2835,LIVINGSTON COUNTY JAIL 4 COURT ST GENESEO,B1581,Geneseo Elementary School 4050 Avon Rd Geneseo,0.56677943
A2353,PS 90 50 A ST BUFFALO,B3866,P.S. Q255 158-40 76 Road Queens,0.55903
A2315,FREDERICK OLMSTED #156 319 SUFFOLK BUFFALO,B232,Babove Flushing 136-146 61st Queens,0.55818665
A4804,CATTARAUGUS-ALLEGANY-ERIE-WYOMING BOCES 1825 WINDFALL RD OLEAN,B3043,Northeastern Clinton Shs 103 Route 276 Champlain,0.51356316
A4815,JEFFERSON-LEWIS-HAMILTON-HERKIMER-ONEIDA BOCES 20104 STATE RTE 3 WATERTOWN,B1761,Hamilton Bicentennial Elementary School 929 U.S. 209 Cuddebackville,0.5061561
A4087,ROME FREE ACADEMY 95 DART CIRCLE ROME,B4599,Spencer-Van Etten Hs 16 Dartts Crossroad Spencer,0.49461934
